organism,regional_centre,antibiotic,year,susceptible_n,tested_n,susceptible_pct,source_report_year,source_table,source_url,extracted_date,reported_pct,computed_pct,flags
Escherichia coli,RC1,amikacin,2023,249,391,63.7,2023,Table 3.10,https://www.icmr.gov.in/icmrobject/uploads/Documents/1725536060_annual_report_2023.pdf,2026-08-31,63.7,63.68,
Escherichia coli,RC1,amikacin,2024,5,11,,2024,Table 2.10,https://www.icmr.gov.in/icmrobject/uploads/Report/1763981012_icmramrsnannualreport2024.pdf,2026-08-31,,45.45,"pct_suppressed_in_source,rc_panel_changed(baseline=2023,added=[],dropped=[RC15])"
Escherichia coli,RC1,cefotaxime,2023,42,391,10.7,2023,Table 3.10,https://www.icmr.gov.in/icmrobject/uploads/Documents/1725536060_annual_report_2023.pdf,2026-08-31,10.7,10.74,
Escherichia coli,RC1,cefotaxime,2024,2,11,,2024,Table 2.10,https://www.icmr.gov.in/icmrobject/uploads/Report/1763981012_icmramrsnannualreport2024.pdf,2026-08-31,,18.18,"pct_suppressed_in_source,rc_panel_changed(baseline=2023,added=[],dropped=[RC15])"
Escherichia coli,RC1,ceftazidime,2023,69,391,17.6,2023,Table 3.10,https://www.icmr.gov.in/icmrobject/uploads/Documents/1725536060_annual_report_2023.pdf,2026-08-31,17.6,17.65,
Escherichia coli,RC1,ceftazidime,2024,4,11,,2024,Table 2.10,https://www.icmr.gov.in/icmrobject/uploads/Report/1763981012_icmramrsnannualreport2024.pdf,2026-08-31,,36.36,"pct_suppressed_in_source,rc_panel_changed(baseline=2023,added=[],dropped=[RC15])"
Escherichia coli,RC1,ciprofloxacin,2023,25,391,6.4,2023,Table 3.10,https://www.icmr.gov.in/icmrobject/uploads/Documents/1725536060_annual_report_2023.pdf,2026-08-31,6.4,6.39,
Escherichia coli,RC1,ciprofloxacin,2024,1,11,,2024,Table 2.10,https://www.icmr.gov.in/icmrobject/uploads/Report/1763981012_icmramrsnannualreport2024.pdf,2026-08-31,,9.09,"pct_suppressed_in_source,rc_panel_changed(baseline=2023,added=[],dropped=[RC15])"
Escherichia coli,RC1,ertapenem,2023,163,391,41.7,2023,Table 3.10,https://www.icmr.gov.in/icmrobject/uploads/Documents/1725536060_annual_report_2023.pdf,2026-08-31,41.7,41.69,
Escherichia coli,RC1,ertapenem,2024,6,11,,2024,Table 2.10,https://www.icmr.gov.in/icmrobject/uploads/Report/1763981012_icmramrsnannualreport2024.pdf,2026-08-31,,54.55,"pct_suppressed_in_source,rc_panel_changed(baseline=2023,added=[],dropped=[RC15])"
Escherichia coli,RC1,imipenem,2023,190,391,48.6,2023,Table 3.10,https://www.icmr.gov.in/icmrobject/uploads/Documents/1725536060_annual_report_2023.pdf,2026-08-31,48.6,48.59,
Escherichia coli,RC1,imipenem,2024,5,11,,2024,Table 2.10,https://www.icmr.gov.in/icmrobject/uploads/Report/1763981012_icmramrsnannualreport2024.pdf,2026-08-31,,45.45,"pct_suppressed_in_source,rc_panel_changed(baseline=2023,added=[],dropped=[RC15])"
Escherichia coli,RC1,levofloxacin,2023,88,391,22.5,2023,Table 3.10,https://www.icmr.gov.in/icmrobject/uploads/Documents/1725536060_annual_report_2023.pdf,2026-08-31,22.5,22.51,
Escherichia coli,RC1,levofloxacin,2024,4,11,,2024,Table 2.10,https://www.icmr.gov.in/icmrobject/uploads/Report/1763981012_icmramrsnannualreport2024.pdf,2026-08-31,,36.36,"pct_suppressed_in_source,rc_panel_changed(baseline=2023,added=[],dropped=[RC15])"
Escherichia coli,RC1,meropenem,2023,201,391,51.4,2023,Table 3.10,https://www.icmr.gov.in/icmrobject/uploads/Documents/1725536060_annual_report_2023.pdf,2026-08-31,51.4,51.41,
Escherichia coli,RC1,meropenem,2024,6,11,,2024,Table 2.10,https://www.icmr.gov.in/icmrobject/uploads/Report/1763981012_icmramrsnannualreport2024.pdf,2026-08-31,,54.55,"pct_suppressed_in_source,rc_panel_changed(baseline=2023,added=[],dropped=[RC15])"
Escherichia coli,RC1,piperacillin-tazobactam,2023,136,391,34.8,2023,Table 3.10,https://www.icmr.gov.in/icmrobject/uploads/Documents/1725536060_annual_report_2023.pdf,2026-08-31,34.8,34.78,
Escherichia coli,RC1,piperacillin-tazobactam,2024,0,11,,2024,Table 2.10,https://www.icmr.gov.in/icmrobject/uploads/Report/1763981012_icmramrsnannualreport2024.pdf,2026-08-31,,0.0,"pct_suppressed_in_source,rc_panel_changed(baseline=2023,added=[],dropped=[RC15])"
Escherichia coli,RC2,amikacin,2023,1163,1578,73.7,2023,Table 3.10,https://www.icmr.gov.in/icmrobject/uploads/Documents/1725536060_annual_report_2023.pdf,2026-08-31,73.7,73.7,
Escherichia coli,RC2,amikacin,2024,2763,4041,68.4,2024,Table 2.10,https://www.icmr.gov.in/icmrobject/uploads/Report/1763981012_icmramrsnannualreport2024.pdf,2026-08-31,68.4,68.37,"rc_panel_changed(baseline=2023,added=[],dropped=[RC15])"
Escherichia coli,RC2,cefotaxime,2023,65,1222,5.3,2023,Table 3.10,https://www.icmr.gov.in/icmrobject/uploads/Documents/1725536060_annual_report_2023.pdf,2026-08-31,5.3,5.32,
Escherichia coli,RC2,cefotaxime,2024,334,4022,8.3,2024,Table 2.10,https://www.icmr.gov.in/icmrobject/uploads/Report/1763981012_icmramrsnannualreport2024.pdf,2026-08-31,8.3,8.3,"rc_panel_changed(baseline=2023,added=[],dropped=[RC15])"
Escherichia coli,RC2,ceftazidime,2023,96,549,17.5,2023,Table 3.10,https://www.icmr.gov.in/icmrobject/uploads/Documents/1725536060_annual_report_2023.pdf,2026-08-31,17.5,17.49,
Escherichia coli,RC2,ceftazidime,2024,130,382,34.0,2024,Table 2.10,https://www.icmr.gov.in/icmrobject/uploads/Report/1763981012_icmramrsnannualreport2024.pdf,2026-08-31,34.0,34.03,"rc_panel_changed(baseline=2023,added=[],dropped=[RC15])"
Escherichia coli,RC2,ciprofloxacin,2023,130,1575,8.3,2023,Table 3.10,https://www.icmr.gov.in/icmrobject/uploads/Documents/1725536060_annual_report_2023.pdf,2026-08-31,8.3,8.25,
Escherichia coli,RC2,ciprofloxacin,2024,270,4041,6.7,2024,Table 2.10,https://www.icmr.gov.in/icmrobject/uploads/Report/1763981012_icmramrsnannualreport2024.pdf,2026-08-31,6.7,6.68,"rc_panel_changed(baseline=2023,added=[],dropped=[RC15])"
Escherichia coli,RC2,ertapenem,2023,458,961,47.7,2023,Table 3.10,https://www.icmr.gov.in/icmrobject/uploads/Documents/1725536060_annual_report_2023.pdf,2026-08-31,47.7,47.66,
Escherichia coli,RC2,ertapenem,2024,1495,3047,49.1,2024,Table 2.10,https://www.icmr.gov.in/icmrobject/uploads/Report/1763981012_icmramrsnannualreport2024.pdf,2026-08-31,49.1,49.06,"rc_panel_changed(baseline=2023,added=[],dropped=[RC15])"
Escherichia coli,RC2,imipenem,2023,771,1578,48.9,2023,Table 3.10,https://www.icmr.gov.in/icmrobject/uploads/Documents/1725536060_annual_report_2023.pdf,2026-08-31,48.9,48.86,
Escherichia coli,RC2,imipenem,2024,1858,4040,46.0,2024,Table 2.10,https://www.icmr.gov.in/icmrobject/uploads/Report/1763981012_icmramrsnannualreport2024.pdf,2026-08-31,46.0,45.99,"rc_panel_changed(baseline=2023,added=[],dropped=[RC15])"
Escherichia coli,RC2,levofloxacin,2023,10,127,7.9,2023,Table 3.10,https://www.icmr.gov.in/icmrobject/uploads/Documents/1725536060_annual_report_2023.pdf,2026-08-31,7.9,7.87,
Escherichia coli,RC2,levofloxacin,2024,9,81,11.1,2024,Table 2.10,https://www.icmr.gov.in/icmrobject/uploads/Report/1763981012_icmramrsnannualreport2024.pdf,2026-08-31,11.1,11.11,"rc_panel_changed(baseline=2023,added=[],dropped=[RC15])"
Escherichia coli,RC2,meropenem,2023,861,1574,54.7,2023,Table 3.10,https://www.icmr.gov.in/icmrobject/uploads/Documents/1725536060_annual_report_2023.pdf,2026-08-31,54.7,54.7,
Escherichia coli,RC2,meropenem,2024,2212,4041,54.7,2024,Table 2.10,https://www.icmr.gov.in/icmrobject/uploads/Report/1763981012_icmramrsnannualreport2024.pdf,2026-08-31,54.7,54.74,"rc_panel_changed(baseline=2023,added=[],dropped=[RC15])"
Escherichia coli,RC2,piperacillin-tazobactam,2023,556,1553,35.8,2023,Table 3.10,https://www.icmr.gov.in/icmrobject/uploads/Documents/1725536060_annual_report_2023.pdf,2026-08-31,35.8,35.8,
Escherichia coli,RC2,piperacillin-tazobactam,2024,1491,3994,37.3,2024,Table 2.10,https://www.icmr.gov.in/icmrobject/uploads/Report/1763981012_icmramrsnannualreport2024.pdf,2026-08-31,37.3,37.33,"rc_panel_changed(baseline=2023,added=[],dropped=[RC15])"
Escherichia coli,RC3,amikacin,2023,318,504,63.1,2023,Table 3.10,https://www.icmr.gov.in/icmrobject/uploads/Documents/1725536060_annual_report_2023.pdf,2026-08-31,63.1,63.1,
Escherichia coli,RC3,amikacin,2024,256,492,52.0,2024,Table 2.10,https://www.icmr.gov.in/icmrobject/uploads/Report/1763981012_icmramrsnannualreport2024.pdf,2026-08-31,52.0,52.03,"rc_panel_changed(baseline=2023,added=[],dropped=[RC15])"
Escherichia coli,RC3,cefotaxime,2023,136,504,27.0,2023,Table 3.10,https://www.icmr.gov.in/icmrobject/uploads/Documents/1725536060_annual_report_2023.pdf,2026-08-31,27.0,26.98,
Escherichia coli,RC3,cefotaxime,2024,100,492,20.3,2024,Table 2.10,https://www.icmr.gov.in/icmrobject/uploads/Report/1763981012_icmramrsnannualreport2024.pdf,2026-08-31,20.3,20.33,"rc_panel_changed(baseline=2023,added=[],dropped=[RC15])"
Escherichia coli,RC3,ceftazidime,2023,148,504,29.4,2023,Table 3.10,https://www.icmr.gov.in/icmrobject/uploads/Documents/1725536060_annual_report_2023.pdf,2026-08-31,29.4,29.37,
Escherichia coli,RC3,ceftazidime,2024,105,492,21.3,2024,Table 2.10,https://www.icmr.gov.in/icmrobject/uploads/Report/1763981012_icmramrsnannualreport2024.pdf,2026-08-31,21.3,21.34,"rc_panel_changed(baseline=2023,added=[],dropped=[RC15])"
Escherichia coli,RC3,ciprofloxacin,2023,138,504,27.4,2023,Table 3.10,https://www.icmr.gov.in/icmrobject/uploads/Documents/1725536060_annual_report_2023.pdf,2026-08-31,27.4,27.38,
Escherichia coli,RC3,ciprofloxacin,2024,125,492,25.4,2024,Table 2.10,https://www.icmr.gov.in/icmrobject/uploads/Report/1763981012_icmramrsnannualreport2024.pdf,2026-08-31,25.4,25.41,"rc_panel_changed(baseline=2023,added=[],dropped=[RC15])"
Escherichia coli,RC3,ertapenem,2023,422,504,83.7,2023,Table 3.10,https://www.icmr.gov.in/icmrobject/uploads/Documents/1725536060_annual_report_2023.pdf,2026-08-31,83.7,83.73,
Escherichia coli,RC3,ertapenem,2024,409,492,83.1,2024,Table 2.10,https://www.icmr.gov.in/icmrobject/uploads/Report/1763981012_icmramrsnannualreport2024.pdf,2026-08-31,83.1,83.13,"rc_panel_changed(baseline=2023,added=[],dropped=[RC15])"
Escherichia coli,RC3,imipenem,2023,425,504,84.3,2023,Table 3.10,https://www.icmr.gov.in/icmrobject/uploads/Documents/1725536060_annual_report_2023.pdf,2026-08-31,84.3,84.33,
Escherichia coli,RC3,imipenem,2024,405,491,82.5,2024,Table 2.10,https://www.icmr.gov.in/icmrobject/uploads/Report/1763981012_icmramrsnannualreport2024.pdf,2026-08-31,82.5,82.48,"rc_panel_changed(baseline=2023,added=[],dropped=[RC15])"
Escherichia coli,RC3,levofloxacin,2023,149,504,29.6,2023,Table 3.10,https://www.icmr.gov.in/icmrobject/uploads/Documents/1725536060_annual_report_2023.pdf,2026-08-31,29.6,29.56,
Escherichia coli,RC3,levofloxacin,2024,136,491,27.7,2024,Table 2.10,https://www.icmr.gov.in/icmrobject/uploads/Report/1763981012_icmramrsnannualreport2024.pdf,2026-08-31,27.7,27.7,"rc_panel_changed(baseline=2023,added=[],dropped=[RC15])"
Escherichia coli,RC3,meropenem,2023,424,504,84.1,2023,Table 3.10,https://www.icmr.gov.in/icmrobject/uploads/Documents/1725536060_annual_report_2023.pdf,2026-08-31,84.1,84.13,
Escherichia coli,RC3,meropenem,2024,406,492,82.5,2024,Table 2.10,https://www.icmr.gov.in/icmrobject/uploads/Report/1763981012_icmramrsnannualreport2024.pdf,2026-08-31,82.5,82.52,"rc_panel_changed(baseline=2023,added=[],dropped=[RC15])"
Escherichia coli,RC3,piperacillin-tazobactam,2023,182,502,36.3,2023,Table 3.10,https://www.icmr.gov.in/icmrobject/uploads/Documents/1725536060_annual_report_2023.pdf,2026-08-31,36.3,36.25,
Escherichia coli,RC3,piperacillin-tazobactam,2024,138,490,28.2,2024,Table 2.10,https://www.icmr.gov.in/icmrobject/uploads/Report/1763981012_icmramrsnannualreport2024.pdf,2026-08-31,28.2,28.16,"rc_panel_changed(baseline=2023,added=[],dropped=[RC15])"
Escherichia coli,RC4,amikacin,2023,580,1004,57.8,2023,Table 3.10,https://www.icmr.gov.in/icmrobject/uploads/Documents/1725536060_annual_report_2023.pdf,2026-08-31,57.8,57.77,
Escherichia coli,RC4,amikacin,2024,543,714,76.1,2024,Table 2.10,https://www.icmr.gov.in/icmrobject/uploads/Report/1763981012_icmramrsnannualreport2024.pdf,2026-08-31,76.1,76.05,"rc_panel_changed(baseline=2023,added=[],dropped=[RC15])"
Escherichia coli,RC4,cefotaxime,2023,207,977,21.2,2023,Table 3.10,https://www.icmr.gov.in/icmrobject/uploads/Documents/1725536060_annual_report_2023.pdf,2026-08-31,21.2,21.19,
Escherichia coli,RC4,cefotaxime,2024,0,0,,2024,Table 2.10,https://www.icmr.gov.in/icmrobject/uploads/Report/1763981012_icmramrsnannualreport2024.pdf,2026-08-31,,,"no_isolates_tested,pct_suppressed_in_source,rc_panel_changed(baseline=2023,added=[],dropped=[RC15])"
Escherichia coli,RC4,ceftazidime,2023,232,959,24.2,2023,Table 3.10,https://www.icmr.gov.in/icmrobject/uploads/Documents/1725536060_annual_report_2023.pdf,2026-08-31,24.2,24.19,
Escherichia coli,RC4,ceftazidime,2024,0,1,,2024,Table 2.10,https://www.icmr.gov.in/icmrobject/uploads/Report/1763981012_icmramrsnannualreport2024.pdf,2026-08-31,,0.0,"pct_suppressed_in_source,rc_panel_changed(baseline=2023,added=[],dropped=[RC15])"
Escherichia coli,RC4,ciprofloxacin,2023,229,993,23.1,2023,Table 3.10,https://www.icmr.gov.in/icmrobject/uploads/Documents/1725536060_annual_report_2023.pdf,2026-08-31,23.1,23.06,
Escherichia coli,RC4,ciprofloxacin,2024,153,626,24.4,2024,Table 2.10,https://www.icmr.gov.in/icmrobject/uploads/Report/1763981012_icmramrsnannualreport2024.pdf,2026-08-31,24.4,24.44,"rc_panel_changed(baseline=2023,added=[],dropped=[RC15])"
Escherichia coli,RC4,ertapenem,2023,133,204,65.2,2023,Table 3.10,https://www.icmr.gov.in/icmrobject/uploads/Documents/1725536060_annual_report_2023.pdf,2026-08-31,65.2,65.2,
Escherichia coli,RC4,ertapenem,2024,0,0,,2024,Table 2.10,https://www.icmr.gov.in/icmrobject/uploads/Report/1763981012_icmramrsnannualreport2024.pdf,2026-08-31,,,"no_isolates_tested,pct_suppressed_in_source,rc_panel_changed(baseline=2023,added=[],dropped=[RC15])"
Escherichia coli,RC4,imipenem,2023,694,978,71.0,2023,Table 3.10,https://www.icmr.gov.in/icmrobject/uploads/Documents/1725536060_annual_report_2023.pdf,2026-08-31,71.0,70.96,
Escherichia coli,RC4,imipenem,2024,0,0,,2024,Table 2.10,https://www.icmr.gov.in/icmrobject/uploads/Report/1763981012_icmramrsnannualreport2024.pdf,2026-08-31,,,"no_isolates_tested,pct_suppressed_in_source,rc_panel_changed(baseline=2023,added=[],dropped=[RC15])"
Escherichia coli,RC4,levofloxacin,2023,0,0,,2023,Table 3.10,https://www.icmr.gov.in/icmrobject/uploads/Documents/1725536060_annual_report_2023.pdf,2026-08-31,,,"no_isolates_tested,pct_suppressed_in_source"
Escherichia coli,RC4,levofloxacin,2024,18,88,20.5,2024,Table 2.10,https://www.icmr.gov.in/icmrobject/uploads/Report/1763981012_icmramrsnannualreport2024.pdf,2026-08-31,20.5,20.45,"rc_panel_changed(baseline=2023,added=[],dropped=[RC15])"
Escherichia coli,RC4,meropenem,2023,694,979,70.9,2023,Table 3.10,https://www.icmr.gov.in/icmrobject/uploads/Documents/1725536060_annual_report_2023.pdf,2026-08-31,70.9,70.89,
Escherichia coli,RC4,meropenem,2024,126,317,39.7,2024,Table 2.10,https://www.icmr.gov.in/icmrobject/uploads/Report/1763981012_icmramrsnannualreport2024.pdf,2026-08-31,39.7,39.75,"rc_panel_changed(baseline=2023,added=[],dropped=[RC15])"
Escherichia coli,RC4,piperacillin-tazobactam,2023,521,988,52.7,2023,Table 3.10,https://www.icmr.gov.in/icmrobject/uploads/Documents/1725536060_annual_report_2023.pdf,2026-08-31,52.7,52.73,
Escherichia coli,RC4,piperacillin-tazobactam,2024,0,0,,2024,Table 2.10,https://www.icmr.gov.in/icmrobject/uploads/Report/1763981012_icmramrsnannualreport2024.pdf,2026-08-31,,,"no_isolates_tested,pct_suppressed_in_source,rc_panel_changed(baseline=2023,added=[],dropped=[RC15])"
Escherichia coli,RC5,amikacin,2023,271,306,88.6,2023,Table 3.10,https://www.icmr.gov.in/icmrobject/uploads/Documents/1725536060_annual_report_2023.pdf,2026-08-31,88.6,88.56,
Escherichia coli,RC5,amikacin,2024,474,537,88.3,2024,Table 2.10,https://www.icmr.gov.in/icmrobject/uploads/Report/1763981012_icmramrsnannualreport2024.pdf,2026-08-31,88.3,88.27,"rc_panel_changed(baseline=2023,added=[],dropped=[RC15])"
Escherichia coli,RC5,cefotaxime,2023,0,275,0.0,2023,Table 3.10,https://www.icmr.gov.in/icmrobject/uploads/Documents/1725536060_annual_report_2023.pdf,2026-08-31,0.0,0.0,
Escherichia coli,RC5,cefotaxime,2024,4,516,0.8,2024,Table 2.10,https://www.icmr.gov.in/icmrobject/uploads/Report/1763981012_icmramrsnannualreport2024.pdf,2026-08-31,0.8,0.78,"rc_panel_changed(baseline=2023,added=[],dropped=[RC15])"
Escherichia coli,RC5,ceftazidime,2023,1,23,,2023,Table 3.10,https://www.icmr.gov.in/icmrobject/uploads/Documents/1725536060_annual_report_2023.pdf,2026-08-31,,4.35,pct_suppressed_in_source
Escherichia coli,RC5,ceftazidime,2024,0,1,,2024,Table 2.10,https://www.icmr.gov.in/icmrobject/uploads/Report/1763981012_icmramrsnannualreport2024.pdf,2026-08-31,,0.0,"pct_suppressed_in_source,rc_panel_changed(baseline=2023,added=[],dropped=[RC15])"
Escherichia coli,RC5,ciprofloxacin,2023,28,306,9.2,2023,Table 3.10,https://www.icmr.gov.in/icmrobject/uploads/Documents/1725536060_annual_report_2023.pdf,2026-08-31,9.2,9.15,
Escherichia coli,RC5,ciprofloxacin,2024,52,537,9.7,2024,Table 2.10,https://www.icmr.gov.in/icmrobject/uploads/Report/1763981012_icmramrsnannualreport2024.pdf,2026-08-31,9.7,9.68,"rc_panel_changed(baseline=2023,added=[],dropped=[RC15])"
Escherichia coli,RC5,ertapenem,2023,216,306,70.6,2023,Table 3.10,https://www.icmr.gov.in/icmrobject/uploads/Documents/1725536060_annual_report_2023.pdf,2026-08-31,70.6,70.59,
Escherichia coli,RC5,ertapenem,2024,391,536,72.9,2024,Table 2.10,https://www.icmr.gov.in/icmrobject/uploads/Report/1763981012_icmramrsnannualreport2024.pdf,2026-08-31,72.9,72.95,"rc_panel_changed(baseline=2023,added=[],dropped=[RC15])"
Escherichia coli,RC5,imipenem,2023,255,306,83.3,2023,Table 3.10,https://www.icmr.gov.in/icmrobject/uploads/Documents/1725536060_annual_report_2023.pdf,2026-08-31,83.3,83.33,
Escherichia coli,RC5,imipenem,2024,428,537,79.7,2024,Table 2.10,https://www.icmr.gov.in/icmrobject/uploads/Report/1763981012_icmramrsnannualreport2024.pdf,2026-08-31,79.7,79.7,"rc_panel_changed(baseline=2023,added=[],dropped=[RC15])"
Escherichia coli,RC5,levofloxacin,2023,0,1,,2023,Table 3.10,https://www.icmr.gov.in/icmrobject/uploads/Documents/1725536060_annual_report_2023.pdf,2026-08-31,,0.0,pct_suppressed_in_source
Escherichia coli,RC5,levofloxacin,2024,0,0,,2024,Table 2.10,https://www.icmr.gov.in/icmrobject/uploads/Report/1763981012_icmramrsnannualreport2024.pdf,2026-08-31,,,"no_isolates_tested,pct_suppressed_in_source,rc_panel_changed(baseline=2023,added=[],dropped=[RC15])"
Escherichia coli,RC5,meropenem,2023,243,306,79.4,2023,Table 3.10,https://www.icmr.gov.in/icmrobject/uploads/Documents/1725536060_annual_report_2023.pdf,2026-08-31,79.4,79.41,
Escherichia coli,RC5,meropenem,2024,428,537,79.7,2024,Table 2.10,https://www.icmr.gov.in/icmrobject/uploads/Report/1763981012_icmramrsnannualreport2024.pdf,2026-08-31,79.7,79.7,"rc_panel_changed(baseline=2023,added=[],dropped=[RC15])"
Escherichia coli,RC5,piperacillin-tazobactam,2023,173,306,56.5,2023,Table 3.10,https://www.icmr.gov.in/icmrobject/uploads/Documents/1725536060_annual_report_2023.pdf,2026-08-31,56.5,56.54,
Escherichia coli,RC5,piperacillin-tazobactam,2024,325,537,60.5,2024,Table 2.10,https://www.icmr.gov.in/icmrobject/uploads/Report/1763981012_icmramrsnannualreport2024.pdf,2026-08-31,60.5,60.52,"rc_panel_changed(baseline=2023,added=[],dropped=[RC15])"
Escherichia coli,RC6,amikacin,2023,174,237,73.4,2023,Table 3.10,https://www.icmr.gov.in/icmrobject/uploads/Documents/1725536060_annual_report_2023.pdf,2026-08-31,73.4,73.42,
Escherichia coli,RC6,amikacin,2024,561,753,74.5,2024,Table 2.10,https://www.icmr.gov.in/icmrobject/uploads/Report/1763981012_icmramrsnannualreport2024.pdf,2026-08-31,74.5,74.5,"rc_panel_changed(baseline=2023,added=[],dropped=[RC15])"
Escherichia coli,RC6,cefotaxime,2023,1,13,,2023,Table 3.10,https://www.icmr.gov.in/icmrobject/uploads/Documents/1725536060_annual_report_2023.pdf,2026-08-31,,7.69,pct_suppressed_in_source
Escherichia coli,RC6,cefotaxime,2024,0,1,,2024,Table 2.10,https://www.icmr.gov.in/icmrobject/uploads/Report/1763981012_icmramrsnannualreport2024.pdf,2026-08-31,,0.0,"pct_suppressed_in_source,rc_panel_changed(baseline=2023,added=[],dropped=[RC15])"
Escherichia coli,RC6,ceftazidime,2023,2,3,,2023,Table 3.10,https://www.icmr.gov.in/icmrobject/uploads/Documents/1725536060_annual_report_2023.pdf,2026-08-31,,66.67,pct_suppressed_in_source
Escherichia coli,RC6,ceftazidime,2024,0,0,,2024,Table 2.10,https://www.icmr.gov.in/icmrobject/uploads/Report/1763981012_icmramrsnannualreport2024.pdf,2026-08-31,,,"no_isolates_tested,pct_suppressed_in_source,rc_panel_changed(baseline=2023,added=[],dropped=[RC15])"
Escherichia coli,RC6,ciprofloxacin,2023,2,237,0.8,2023,Table 3.10,https://www.icmr.gov.in/icmrobject/uploads/Documents/1725536060_annual_report_2023.pdf,2026-08-31,0.8,0.84,
Escherichia coli,RC6,ciprofloxacin,2024,10,753,1.3,2024,Table 2.10,https://www.icmr.gov.in/icmrobject/uploads/Report/1763981012_icmramrsnannualreport2024.pdf,2026-08-31,1.3,1.33,"rc_panel_changed(baseline=2023,added=[],dropped=[RC15])"
Escherichia coli,RC6,ertapenem,2023,156,236,66.1,2023,Table 3.10,https://www.icmr.gov.in/icmrobject/uploads/Documents/1725536060_annual_report_2023.pdf,2026-08-31,66.1,66.1,
Escherichia coli,RC6,ertapenem,2024,465,753,61.8,2024,Table 2.10,https://www.icmr.gov.in/icmrobject/uploads/Report/1763981012_icmramrsnannualreport2024.pdf,2026-08-31,61.8,61.75,"rc_panel_changed(baseline=2023,added=[],dropped=[RC15])"
Escherichia coli,RC6,imipenem,2023,166,237,70.0,2023,Table 3.10,https://www.icmr.gov.in/icmrobject/uploads/Documents/1725536060_annual_report_2023.pdf,2026-08-31,70.0,70.04,
Escherichia coli,RC6,imipenem,2024,510,751,67.9,2024,Table 2.10,https://www.icmr.gov.in/icmrobject/uploads/Report/1763981012_icmramrsnannualreport2024.pdf,2026-08-31,67.9,67.91,"rc_panel_changed(baseline=2023,added=[],dropped=[RC15])"
Escherichia coli,RC6,levofloxacin,2023,1,4,,2023,Table 3.10,https://www.icmr.gov.in/icmrobject/uploads/Documents/1725536060_annual_report_2023.pdf,2026-08-31,,25.0,pct_suppressed_in_source
Escherichia coli,RC6,levofloxacin,2024,0,9,,2024,Table 2.10,https://www.icmr.gov.in/icmrobject/uploads/Report/1763981012_icmramrsnannualreport2024.pdf,2026-08-31,,0.0,"pct_suppressed_in_source,rc_panel_changed(baseline=2023,added=[],dropped=[RC15])"
Escherichia coli,RC6,meropenem,2023,162,237,68.4,2023,Table 3.10,https://www.icmr.gov.in/icmrobject/uploads/Documents/1725536060_annual_report_2023.pdf,2026-08-31,68.4,68.35,
Escherichia coli,RC6,meropenem,2024,514,753,68.3,2024,Table 2.10,https://www.icmr.gov.in/icmrobject/uploads/Report/1763981012_icmramrsnannualreport2024.pdf,2026-08-31,68.3,68.26,"rc_panel_changed(baseline=2023,added=[],dropped=[RC15])"
Escherichia coli,RC6,piperacillin-tazobactam,2023,113,237,47.7,2023,Table 3.10,https://www.icmr.gov.in/icmrobject/uploads/Documents/1725536060_annual_report_2023.pdf,2026-08-31,47.7,47.68,
Escherichia coli,RC6,piperacillin-tazobactam,2024,329,753,43.7,2024,Table 2.10,https://www.icmr.gov.in/icmrobject/uploads/Report/1763981012_icmramrsnannualreport2024.pdf,2026-08-31,43.7,43.69,"rc_panel_changed(baseline=2023,added=[],dropped=[RC15])"
Escherichia coli,RC7,amikacin,2023,87,115,75.7,2023,Table 3.10,https://www.icmr.gov.in/icmrobject/uploads/Documents/1725536060_annual_report_2023.pdf,2026-08-31,75.7,75.65,
Escherichia coli,RC7,amikacin,2024,251,303,82.8,2024,Table 2.10,https://www.icmr.gov.in/icmrobject/uploads/Report/1763981012_icmramrsnannualreport2024.pdf,2026-08-31,82.8,82.84,"rc_panel_changed(baseline=2023,added=[],dropped=[RC15])"
Escherichia coli,RC7,cefotaxime,2023,4,44,9.1,2023,Table 3.10,https://www.icmr.gov.in/icmrobject/uploads/Documents/1725536060_annual_report_2023.pdf,2026-08-31,9.1,9.09,
Escherichia coli,RC7,cefotaxime,2024,12,72,16.7,2024,Table 2.10,https://www.icmr.gov.in/icmrobject/uploads/Report/1763981012_icmramrsnannualreport2024.pdf,2026-08-31,16.7,16.67,"rc_panel_changed(baseline=2023,added=[],dropped=[RC15])"
Escherichia coli,RC7,ceftazidime,2023,18,34,52.9,2023,Table 3.10,https://www.icmr.gov.in/icmrobject/uploads/Documents/1725536060_annual_report_2023.pdf,2026-08-31,52.9,52.94,
Escherichia coli,RC7,ceftazidime,2024,18,88,20.5,2024,Table 2.10,https://www.icmr.gov.in/icmrobject/uploads/Report/1763981012_icmramrsnannualreport2024.pdf,2026-08-31,20.5,20.45,"rc_panel_changed(baseline=2023,added=[],dropped=[RC15])"
Escherichia coli,RC7,ciprofloxacin,2023,11,115,9.6,2023,Table 3.10,https://www.icmr.gov.in/icmrobject/uploads/Documents/1725536060_annual_report_2023.pdf,2026-08-31,9.6,9.57,
Escherichia coli,RC7,ciprofloxacin,2024,17,302,5.6,2024,Table 2.10,https://www.icmr.gov.in/icmrobject/uploads/Report/1763981012_icmramrsnannualreport2024.pdf,2026-08-31,5.6,5.63,"rc_panel_changed(baseline=2023,added=[],dropped=[RC15])"
Escherichia coli,RC7,ertapenem,2023,79,100,79.0,2023,Table 3.10,https://www.icmr.gov.in/icmrobject/uploads/Documents/1725536060_annual_report_2023.pdf,2026-08-31,79.0,79.0,
Escherichia coli,RC7,ertapenem,2024,196,291,67.4,2024,Table 2.10,https://www.icmr.gov.in/icmrobject/uploads/Report/1763981012_icmramrsnannualreport2024.pdf,2026-08-31,67.4,67.35,"rc_panel_changed(baseline=2023,added=[],dropped=[RC15])"
Escherichia coli,RC7,imipenem,2023,85,109,78.0,2023,Table 3.10,https://www.icmr.gov.in/icmrobject/uploads/Documents/1725536060_annual_report_2023.pdf,2026-08-31,78.0,77.98,
Escherichia coli,RC7,imipenem,2024,206,289,71.3,2024,Table 2.10,https://www.icmr.gov.in/icmrobject/uploads/Report/1763981012_icmramrsnannualreport2024.pdf,2026-08-31,71.3,71.28,"rc_panel_changed(baseline=2023,added=[],dropped=[RC15])"
Escherichia coli,RC7,levofloxacin,2023,2,20,,2023,Table 3.10,https://www.icmr.gov.in/icmrobject/uploads/Documents/1725536060_annual_report_2023.pdf,2026-08-31,,10.0,pct_suppressed_in_source
Escherichia coli,RC7,levofloxacin,2024,6,69,8.7,2024,Table 2.10,https://www.icmr.gov.in/icmrobject/uploads/Report/1763981012_icmramrsnannualreport2024.pdf,2026-08-31,8.7,8.7,"rc_panel_changed(baseline=2023,added=[],dropped=[RC15])"
Escherichia coli,RC7,meropenem,2023,93,115,80.9,2023,Table 3.10,https://www.icmr.gov.in/icmrobject/uploads/Documents/1725536060_annual_report_2023.pdf,2026-08-31,80.9,80.87,
Escherichia coli,RC7,meropenem,2024,218,302,72.2,2024,Table 2.10,https://www.icmr.gov.in/icmrobject/uploads/Report/1763981012_icmramrsnannualreport2024.pdf,2026-08-31,72.2,72.19,"rc_panel_changed(baseline=2023,added=[],dropped=[RC15])"
Escherichia coli,RC7,piperacillin-tazobactam,2023,62,111,55.9,2023,Table 3.10,https://www.icmr.gov.in/icmrobject/uploads/Documents/1725536060_annual_report_2023.pdf,2026-08-31,55.9,55.86,
Escherichia coli,RC7,piperacillin-tazobactam,2024,160,296,54.1,2024,Table 2.10,https://www.icmr.gov.in/icmrobject/uploads/Report/1763981012_icmramrsnannualreport2024.pdf,2026-08-31,54.1,54.05,"rc_panel_changed(baseline=2023,added=[],dropped=[RC15])"
Escherichia coli,RC8,amikacin,2023,232,264,87.9,2023,Table 3.10,https://www.icmr.gov.in/icmrobject/uploads/Documents/1725536060_annual_report_2023.pdf,2026-08-31,87.9,87.88,
Escherichia coli,RC8,amikacin,2024,519,585,88.7,2024,Table 2.10,https://www.icmr.gov.in/icmrobject/uploads/Report/1763981012_icmramrsnannualreport2024.pdf,2026-08-31,88.7,88.72,"rc_panel_changed(baseline=2023,added=[],dropped=[RC15])"
Escherichia coli,RC8,cefotaxime,2023,68,255,26.7,2023,Table 3.10,https://www.icmr.gov.in/icmrobject/uploads/Documents/1725536060_annual_report_2023.pdf,2026-08-31,26.7,26.67,
Escherichia coli,RC8,cefotaxime,2024,185,585,31.6,2024,Table 2.10,https://www.icmr.gov.in/icmrobject/uploads/Report/1763981012_icmramrsnannualreport2024.pdf,2026-08-31,31.6,31.62,"rc_panel_changed(baseline=2023,added=[],dropped=[RC15])"
Escherichia coli,RC8,ceftazidime,2023,87,263,33.1,2023,Table 3.10,https://www.icmr.gov.in/icmrobject/uploads/Documents/1725536060_annual_report_2023.pdf,2026-08-31,33.1,33.08,
Escherichia coli,RC8,ceftazidime,2024,202,583,34.6,2024,Table 2.10,https://www.icmr.gov.in/icmrobject/uploads/Report/1763981012_icmramrsnannualreport2024.pdf,2026-08-31,34.6,34.65,"rc_panel_changed(baseline=2023,added=[],dropped=[RC15])"
Escherichia coli,RC8,ciprofloxacin,2023,23,264,8.7,2023,Table 3.10,https://www.icmr.gov.in/icmrobject/uploads/Documents/1725536060_annual_report_2023.pdf,2026-08-31,8.7,8.71,
Escherichia coli,RC8,ciprofloxacin,2024,44,587,7.5,2024,Table 2.10,https://www.icmr.gov.in/icmrobject/uploads/Report/1763981012_icmramrsnannualreport2024.pdf,2026-08-31,7.5,7.5,"rc_panel_changed(baseline=2023,added=[],dropped=[RC15])"
Escherichia coli,RC8,ertapenem,2023,195,256,76.2,2023,Table 3.10,https://www.icmr.gov.in/icmrobject/uploads/Documents/1725536060_annual_report_2023.pdf,2026-08-31,76.2,76.17,
Escherichia coli,RC8,ertapenem,2024,461,583,79.1,2024,Table 2.10,https://www.icmr.gov.in/icmrobject/uploads/Report/1763981012_icmramrsnannualreport2024.pdf,2026-08-31,79.1,79.07,"rc_panel_changed(baseline=2023,added=[],dropped=[RC15])"
Escherichia coli,RC8,imipenem,2023,215,264,81.4,2023,Table 3.10,https://www.icmr.gov.in/icmrobject/uploads/Documents/1725536060_annual_report_2023.pdf,2026-08-31,81.4,81.44,
Escherichia coli,RC8,imipenem,2024,490,582,84.2,2024,Table 2.10,https://www.icmr.gov.in/icmrobject/uploads/Report/1763981012_icmramrsnannualreport2024.pdf,2026-08-31,84.2,84.19,"rc_panel_changed(baseline=2023,added=[],dropped=[RC15])"
Escherichia coli,RC8,levofloxacin,2023,26,262,9.9,2023,Table 3.10,https://www.icmr.gov.in/icmrobject/uploads/Documents/1725536060_annual_report_2023.pdf,2026-08-31,9.9,9.92,
Escherichia coli,RC8,levofloxacin,2024,55,584,9.4,2024,Table 2.10,https://www.icmr.gov.in/icmrobject/uploads/Report/1763981012_icmramrsnannualreport2024.pdf,2026-08-31,9.4,9.42,"rc_panel_changed(baseline=2023,added=[],dropped=[RC15])"
Escherichia coli,RC8,meropenem,2023,210,264,79.5,2023,Table 3.10,https://www.icmr.gov.in/icmrobject/uploads/Documents/1725536060_annual_report_2023.pdf,2026-08-31,79.5,79.55,
Escherichia coli,RC8,meropenem,2024,492,585,84.1,2024,Table 2.10,https://www.icmr.gov.in/icmrobject/uploads/Report/1763981012_icmramrsnannualreport2024.pdf,2026-08-31,84.1,84.1,"rc_panel_changed(baseline=2023,added=[],dropped=[RC15])"
Escherichia coli,RC8,piperacillin-tazobactam,2023,163,264,61.7,2023,Table 3.10,https://www.icmr.gov.in/icmrobject/uploads/Documents/1725536060_annual_report_2023.pdf,2026-08-31,61.7,61.74,
Escherichia coli,RC8,piperacillin-tazobactam,2024,378,582,64.9,2024,Table 2.10,https://www.icmr.gov.in/icmrobject/uploads/Report/1763981012_icmramrsnannualreport2024.pdf,2026-08-31,64.9,64.95,"rc_panel_changed(baseline=2023,added=[],dropped=[RC15])"
Escherichia coli,RC9,amikacin,2023,133,203,65.5,2023,Table 3.10,https://www.icmr.gov.in/icmrobject/uploads/Documents/1725536060_annual_report_2023.pdf,2026-08-31,65.5,65.52,
Escherichia coli,RC9,amikacin,2024,316,383,82.5,2024,Table 2.10,https://www.icmr.gov.in/icmrobject/uploads/Report/1763981012_icmramrsnannualreport2024.pdf,2026-08-31,82.5,82.51,"rc_panel_changed(baseline=2023,added=[],dropped=[RC15])"
Escherichia coli,RC9,cefotaxime,2023,49,203,24.1,2023,Table 3.10,https://www.icmr.gov.in/icmrobject/uploads/Documents/1725536060_annual_report_2023.pdf,2026-08-31,24.1,24.14,
Escherichia coli,RC9,cefotaxime,2024,108,381,28.3,2024,Table 2.10,https://www.icmr.gov.in/icmrobject/uploads/Report/1763981012_icmramrsnannualreport2024.pdf,2026-08-31,28.3,28.35,"rc_panel_changed(baseline=2023,added=[],dropped=[RC15])"
Escherichia coli,RC9,ceftazidime,2023,69,203,34.0,2023,Table 3.10,https://www.icmr.gov.in/icmrobject/uploads/Documents/1725536060_annual_report_2023.pdf,2026-08-31,34.0,33.99,
Escherichia coli,RC9,ceftazidime,2024,132,380,34.7,2024,Table 2.10,https://www.icmr.gov.in/icmrobject/uploads/Report/1763981012_icmramrsnannualreport2024.pdf,2026-08-31,34.7,34.74,"rc_panel_changed(baseline=2023,added=[],dropped=[RC15])"
Escherichia coli,RC9,ciprofloxacin,2023,39,203,19.2,2023,Table 3.10,https://www.icmr.gov.in/icmrobject/uploads/Documents/1725536060_annual_report_2023.pdf,2026-08-31,19.2,19.21,
Escherichia coli,RC9,ciprofloxacin,2024,94,383,24.5,2024,Table 2.10,https://www.icmr.gov.in/icmrobject/uploads/Report/1763981012_icmramrsnannualreport2024.pdf,2026-08-31,24.5,24.54,"rc_panel_changed(baseline=2023,added=[],dropped=[RC15])"
Escherichia coli,RC9,ertapenem,2023,133,203,65.5,2023,Table 3.10,https://www.icmr.gov.in/icmrobject/uploads/Documents/1725536060_annual_report_2023.pdf,2026-08-31,65.5,65.52,
Escherichia coli,RC9,ertapenem,2024,245,372,65.9,2024,Table 2.10,https://www.icmr.gov.in/icmrobject/uploads/Report/1763981012_icmramrsnannualreport2024.pdf,2026-08-31,65.9,65.86,"rc_panel_changed(baseline=2023,added=[],dropped=[RC15])"
Escherichia coli,RC9,imipenem,2023,126,203,62.1,2023,Table 3.10,https://www.icmr.gov.in/icmrobject/uploads/Documents/1725536060_annual_report_2023.pdf,2026-08-31,62.1,62.07,
Escherichia coli,RC9,imipenem,2024,219,382,57.3,2024,Table 2.10,https://www.icmr.gov.in/icmrobject/uploads/Report/1763981012_icmramrsnannualreport2024.pdf,2026-08-31,57.3,57.33,"rc_panel_changed(baseline=2023,added=[],dropped=[RC15])"
Escherichia coli,RC9,levofloxacin,2023,55,203,27.1,2023,Table 3.10,https://www.icmr.gov.in/icmrobject/uploads/Documents/1725536060_annual_report_2023.pdf,2026-08-31,27.1,27.09,
Escherichia coli,RC9,levofloxacin,2024,110,371,29.6,2024,Table 2.10,https://www.icmr.gov.in/icmrobject/uploads/Report/1763981012_icmramrsnannualreport2024.pdf,2026-08-31,29.6,29.65,"rc_panel_changed(baseline=2023,added=[],dropped=[RC15])"
Escherichia coli,RC9,meropenem,2023,156,203,76.8,2023,Table 3.10,https://www.icmr.gov.in/icmrobject/uploads/Documents/1725536060_annual_report_2023.pdf,2026-08-31,76.8,76.85,
Escherichia coli,RC9,meropenem,2024,300,383,78.3,2024,Table 2.10,https://www.icmr.gov.in/icmrobject/uploads/Report/1763981012_icmramrsnannualreport2024.pdf,2026-08-31,78.3,78.33,"rc_panel_changed(baseline=2023,added=[],dropped=[RC15])"
Escherichia coli,RC9,piperacillin-tazobactam,2023,116,203,57.1,2023,Table 3.10,https://www.icmr.gov.in/icmrobject/uploads/Documents/1725536060_annual_report_2023.pdf,2026-08-31,57.1,57.14,
Escherichia coli,RC9,piperacillin-tazobactam,2024,234,383,61.1,2024,Table 2.10,https://www.icmr.gov.in/icmrobject/uploads/Report/1763981012_icmramrsnannualreport2024.pdf,2026-08-31,61.1,61.1,"rc_panel_changed(baseline=2023,added=[],dropped=[RC15])"
Escherichia coli,RC10,amikacin,2023,353,403,87.6,2023,Table 3.10,https://www.icmr.gov.in/icmrobject/uploads/Documents/1725536060_annual_report_2023.pdf,2026-08-31,87.6,87.59,
Escherichia coli,RC10,amikacin,2024,731,1051,69.6,2024,Table 2.10,https://www.icmr.gov.in/icmrobject/uploads/Report/1763981012_icmramrsnannualreport2024.pdf,2026-08-31,69.6,69.55,"rc_panel_changed(baseline=2023,added=[],dropped=[RC15])"
Escherichia coli,RC10,cefotaxime,2023,111,403,27.5,2023,Table 3.10,https://www.icmr.gov.in/icmrobject/uploads/Documents/1725536060_annual_report_2023.pdf,2026-08-31,27.5,27.54,
Escherichia coli,RC10,cefotaxime,2024,326,1050,31.0,2024,Table 2.10,https://www.icmr.gov.in/icmrobject/uploads/Report/1763981012_icmramrsnannualreport2024.pdf,2026-08-31,31.0,31.05,"rc_panel_changed(baseline=2023,added=[],dropped=[RC15])"
Escherichia coli,RC10,ceftazidime,2023,0,0,,2023,Table 3.10,https://www.icmr.gov.in/icmrobject/uploads/Documents/1725536060_annual_report_2023.pdf,2026-08-31,,,"no_isolates_tested,pct_suppressed_in_source"
Escherichia coli,RC10,ceftazidime,2024,0,0,,2024,Table 2.10,https://www.icmr.gov.in/icmrobject/uploads/Report/1763981012_icmramrsnannualreport2024.pdf,2026-08-31,,,"no_isolates_tested,pct_suppressed_in_source,rc_panel_changed(baseline=2023,added=[],dropped=[RC15])"
Escherichia coli,RC10,ciprofloxacin,2023,66,403,16.4,2023,Table 3.10,https://www.icmr.gov.in/icmrobject/uploads/Documents/1725536060_annual_report_2023.pdf,2026-08-31,16.4,16.38,
Escherichia coli,RC10,ciprofloxacin,2024,142,1051,13.5,2024,Table 2.10,https://www.icmr.gov.in/icmrobject/uploads/Report/1763981012_icmramrsnannualreport2024.pdf,2026-08-31,13.5,13.51,"rc_panel_changed(baseline=2023,added=[],dropped=[RC15])"
Escherichia coli,RC10,ertapenem,2023,335,403,83.1,2023,Table 3.10,https://www.icmr.gov.in/icmrobject/uploads/Documents/1725536060_annual_report_2023.pdf,2026-08-31,83.1,83.13,
Escherichia coli,RC10,ertapenem,2024,847,1050,80.7,2024,Table 2.10,https://www.icmr.gov.in/icmrobject/uploads/Report/1763981012_icmramrsnannualreport2024.pdf,2026-08-31,80.7,80.67,"rc_panel_changed(baseline=2023,added=[],dropped=[RC15])"
Escherichia coli,RC10,imipenem,2023,261,322,81.1,2023,Table 3.10,https://www.icmr.gov.in/icmrobject/uploads/Documents/1725536060_annual_report_2023.pdf,2026-08-31,81.1,81.06,
Escherichia coli,RC10,imipenem,2024,893,1050,85.0,2024,Table 2.10,https://www.icmr.gov.in/icmrobject/uploads/Report/1763981012_icmramrsnannualreport2024.pdf,2026-08-31,85.0,85.05,"rc_panel_changed(baseline=2023,added=[],dropped=[RC15])"
Escherichia coli,RC10,levofloxacin,2023,0,0,,2023,Table 3.10,https://www.icmr.gov.in/icmrobject/uploads/Documents/1725536060_annual_report_2023.pdf,2026-08-31,,,"no_isolates_tested,pct_suppressed_in_source"
Escherichia coli,RC10,levofloxacin,2024,0,0,,2024,Table 2.10,https://www.icmr.gov.in/icmrobject/uploads/Report/1763981012_icmramrsnannualreport2024.pdf,2026-08-31,,,"no_isolates_tested,pct_suppressed_in_source,rc_panel_changed(baseline=2023,added=[],dropped=[RC15])"
Escherichia coli,RC10,meropenem,2023,336,403,83.4,2023,Table 3.10,https://www.icmr.gov.in/icmrobject/uploads/Documents/1725536060_annual_report_2023.pdf,2026-08-31,83.4,83.37,
Escherichia coli,RC10,meropenem,2024,877,1050,83.5,2024,Table 2.10,https://www.icmr.gov.in/icmrobject/uploads/Report/1763981012_icmramrsnannualreport2024.pdf,2026-08-31,83.5,83.52,"rc_panel_changed(baseline=2023,added=[],dropped=[RC15])"
Escherichia coli,RC10,piperacillin-tazobactam,2023,246,403,61.0,2023,Table 3.10,https://www.icmr.gov.in/icmrobject/uploads/Documents/1725536060_annual_report_2023.pdf,2026-08-31,61.0,61.04,
Escherichia coli,RC10,piperacillin-tazobactam,2024,576,1040,55.4,2024,Table 2.10,https://www.icmr.gov.in/icmrobject/uploads/Report/1763981012_icmramrsnannualreport2024.pdf,2026-08-31,55.4,55.38,"rc_panel_changed(baseline=2023,added=[],dropped=[RC15])"
Escherichia coli,RC11,amikacin,2023,57,111,51.4,2023,Table 3.10,https://www.icmr.gov.in/icmrobject/uploads/Documents/1725536060_annual_report_2023.pdf,2026-08-31,51.4,51.35,
Escherichia coli,RC11,amikacin,2024,207,317,65.3,2024,Table 2.10,https://www.icmr.gov.in/icmrobject/uploads/Report/1763981012_icmramrsnannualreport2024.pdf,2026-08-31,65.3,65.3,"rc_panel_changed(baseline=2023,added=[],dropped=[RC15])"
Escherichia coli,RC11,cefotaxime,2023,10,110,9.1,2023,Table 3.10,https://www.icmr.gov.in/icmrobject/uploads/Documents/1725536060_annual_report_2023.pdf,2026-08-31,9.1,9.09,
Escherichia coli,RC11,cefotaxime,2024,37,317,11.7,2024,Table 2.10,https://www.icmr.gov.in/icmrobject/uploads/Report/1763981012_icmramrsnannualreport2024.pdf,2026-08-31,11.7,11.67,"rc_panel_changed(baseline=2023,added=[],dropped=[RC15])"
Escherichia coli,RC11,ceftazidime,2023,14,110,12.7,2023,Table 3.10,https://www.icmr.gov.in/icmrobject/uploads/Documents/1725536060_annual_report_2023.pdf,2026-08-31,12.7,12.73,
Escherichia coli,RC11,ceftazidime,2024,46,317,14.5,2024,Table 2.10,https://www.icmr.gov.in/icmrobject/uploads/Report/1763981012_icmramrsnannualreport2024.pdf,2026-08-31,14.5,14.51,"rc_panel_changed(baseline=2023,added=[],dropped=[RC15])"
Escherichia coli,RC11,ciprofloxacin,2023,8,111,7.2,2023,Table 3.10,https://www.icmr.gov.in/icmrobject/uploads/Documents/1725536060_annual_report_2023.pdf,2026-08-31,7.2,7.21,
Escherichia coli,RC11,ciprofloxacin,2024,40,317,12.6,2024,Table 2.10,https://www.icmr.gov.in/icmrobject/uploads/Report/1763981012_icmramrsnannualreport2024.pdf,2026-08-31,12.6,12.62,"rc_panel_changed(baseline=2023,added=[],dropped=[RC15])"
Escherichia coli,RC11,ertapenem,2023,40,94,42.6,2023,Table 3.10,https://www.icmr.gov.in/icmrobject/uploads/Documents/1725536060_annual_report_2023.pdf,2026-08-31,42.6,42.55,
Escherichia coli,RC11,ertapenem,2024,111,248,44.8,2024,Table 2.10,https://www.icmr.gov.in/icmrobject/uploads/Report/1763981012_icmramrsnannualreport2024.pdf,2026-08-31,44.8,44.76,"rc_panel_changed(baseline=2023,added=[],dropped=[RC15])"
Escherichia coli,RC11,imipenem,2023,52,111,46.8,2023,Table 3.10,https://www.icmr.gov.in/icmrobject/uploads/Documents/1725536060_annual_report_2023.pdf,2026-08-31,46.8,46.85,
Escherichia coli,RC11,imipenem,2024,156,318,49.1,2024,Table 2.10,https://www.icmr.gov.in/icmrobject/uploads/Report/1763981012_icmramrsnannualreport2024.pdf,2026-08-31,49.1,49.06,"rc_panel_changed(baseline=2023,added=[],dropped=[RC15])"
Escherichia coli,RC11,levofloxacin,2023,11,110,10.0,2023,Table 3.10,https://www.icmr.gov.in/icmrobject/uploads/Documents/1725536060_annual_report_2023.pdf,2026-08-31,10.0,10.0,
Escherichia coli,RC11,levofloxacin,2024,43,316,13.6,2024,Table 2.10,https://www.icmr.gov.in/icmrobject/uploads/Report/1763981012_icmramrsnannualreport2024.pdf,2026-08-31,13.6,13.61,"rc_panel_changed(baseline=2023,added=[],dropped=[RC15])"
Escherichia coli,RC11,meropenem,2023,52,111,46.8,2023,Table 3.10,https://www.icmr.gov.in/icmrobject/uploads/Documents/1725536060_annual_report_2023.pdf,2026-08-31,46.8,46.85,
Escherichia coli,RC11,meropenem,2024,165,318,51.9,2024,Table 2.10,https://www.icmr.gov.in/icmrobject/uploads/Report/1763981012_icmramrsnannualreport2024.pdf,2026-08-31,51.9,51.89,"rc_panel_changed(baseline=2023,added=[],dropped=[RC15])"
Escherichia coli,RC11,piperacillin-tazobactam,2023,28,111,25.2,2023,Table 3.10,https://www.icmr.gov.in/icmrobject/uploads/Documents/1725536060_annual_report_2023.pdf,2026-08-31,25.2,25.23,
Escherichia coli,RC11,piperacillin-tazobactam,2024,88,317,27.8,2024,Table 2.10,https://www.icmr.gov.in/icmrobject/uploads/Report/1763981012_icmramrsnannualreport2024.pdf,2026-08-31,27.8,27.76,"rc_panel_changed(baseline=2023,added=[],dropped=[RC15])"
Escherichia coli,RC12,amikacin,2023,95,182,52.2,2023,Table 3.10,https://www.icmr.gov.in/icmrobject/uploads/Documents/1725536060_annual_report_2023.pdf,2026-08-31,52.2,52.2,
Escherichia coli,RC12,amikacin,2024,114,181,63.0,2024,Table 2.10,https://www.icmr.gov.in/icmrobject/uploads/Report/1763981012_icmramrsnannualreport2024.pdf,2026-08-31,63.0,62.98,"rc_panel_changed(baseline=2023,added=[],dropped=[RC15])"
Escherichia coli,RC12,cefotaxime,2023,2,151,1.3,2023,Table 3.10,https://www.icmr.gov.in/icmrobject/uploads/Documents/1725536060_annual_report_2023.pdf,2026-08-31,1.3,1.32,
Escherichia coli,RC12,cefotaxime,2024,6,112,5.4,2024,Table 2.10,https://www.icmr.gov.in/icmrobject/uploads/Report/1763981012_icmramrsnannualreport2024.pdf,2026-08-31,5.4,5.36,"rc_panel_changed(baseline=2023,added=[],dropped=[RC15])"
Escherichia coli,RC12,ceftazidime,2023,13,176,7.4,2023,Table 3.10,https://www.icmr.gov.in/icmrobject/uploads/Documents/1725536060_annual_report_2023.pdf,2026-08-31,7.4,7.39,
Escherichia coli,RC12,ceftazidime,2024,34,172,19.8,2024,Table 2.10,https://www.icmr.gov.in/icmrobject/uploads/Report/1763981012_icmramrsnannualreport2024.pdf,2026-08-31,19.8,19.77,"rc_panel_changed(baseline=2023,added=[],dropped=[RC15])"
Escherichia coli,RC12,ciprofloxacin,2023,2,182,1.1,2023,Table 3.10,https://www.icmr.gov.in/icmrobject/uploads/Documents/1725536060_annual_report_2023.pdf,2026-08-31,1.1,1.1,
Escherichia coli,RC12,ciprofloxacin,2024,10,181,5.5,2024,Table 2.10,https://www.icmr.gov.in/icmrobject/uploads/Report/1763981012_icmramrsnannualreport2024.pdf,2026-08-31,5.5,5.52,"rc_panel_changed(baseline=2023,added=[],dropped=[RC15])"
Escherichia coli,RC12,ertapenem,2023,80,178,44.9,2023,Table 3.10,https://www.icmr.gov.in/icmrobject/uploads/Documents/1725536060_annual_report_2023.pdf,2026-08-31,44.9,44.94,
Escherichia coli,RC12,ertapenem,2024,103,179,57.5,2024,Table 2.10,https://www.icmr.gov.in/icmrobject/uploads/Report/1763981012_icmramrsnannualreport2024.pdf,2026-08-31,57.5,57.54,"rc_panel_changed(baseline=2023,added=[],dropped=[RC15])"
Escherichia coli,RC12,imipenem,2023,87,180,48.3,2023,Table 3.10,https://www.icmr.gov.in/icmrobject/uploads/Documents/1725536060_annual_report_2023.pdf,2026-08-31,48.3,48.33,
Escherichia coli,RC12,imipenem,2024,97,180,53.9,2024,Table 2.10,https://www.icmr.gov.in/icmrobject/uploads/Report/1763981012_icmramrsnannualreport2024.pdf,2026-08-31,53.9,53.89,"rc_panel_changed(baseline=2023,added=[],dropped=[RC15])"
Escherichia coli,RC12,levofloxacin,2023,6,163,3.7,2023,Table 3.10,https://www.icmr.gov.in/icmrobject/uploads/Documents/1725536060_annual_report_2023.pdf,2026-08-31,3.7,3.68,
Escherichia coli,RC12,levofloxacin,2024,20,176,11.4,2024,Table 2.10,https://www.icmr.gov.in/icmrobject/uploads/Report/1763981012_icmramrsnannualreport2024.pdf,2026-08-31,11.4,11.36,"rc_panel_changed(baseline=2023,added=[],dropped=[RC15])"
Escherichia coli,RC12,meropenem,2023,90,182,49.5,2023,Table 3.10,https://www.icmr.gov.in/icmrobject/uploads/Documents/1725536060_annual_report_2023.pdf,2026-08-31,49.5,49.45,
Escherichia coli,RC12,meropenem,2024,107,181,59.1,2024,Table 2.10,https://www.icmr.gov.in/icmrobject/uploads/Report/1763981012_icmramrsnannualreport2024.pdf,2026-08-31,59.1,59.12,"rc_panel_changed(baseline=2023,added=[],dropped=[RC15])"
Escherichia coli,RC12,piperacillin-tazobactam,2023,38,182,20.9,2023,Table 3.10,https://www.icmr.gov.in/icmrobject/uploads/Documents/1725536060_annual_report_2023.pdf,2026-08-31,20.9,20.88,
Escherichia coli,RC12,piperacillin-tazobactam,2024,61,181,33.7,2024,Table 2.10,https://www.icmr.gov.in/icmrobject/uploads/Report/1763981012_icmramrsnannualreport2024.pdf,2026-08-31,33.7,33.7,"rc_panel_changed(baseline=2023,added=[],dropped=[RC15])"
Escherichia coli,RC13,amikacin,2023,81,109,74.3,2023,Table 3.10,https://www.icmr.gov.in/icmrobject/uploads/Documents/1725536060_annual_report_2023.pdf,2026-08-31,74.3,74.31,
Escherichia coli,RC13,amikacin,2024,16,59,27.1,2024,Table 2.10,https://www.icmr.gov.in/icmrobject/uploads/Report/1763981012_icmramrsnannualreport2024.pdf,2026-08-31,27.1,27.12,"rc_panel_changed(baseline=2023,added=[],dropped=[RC15])"
Escherichia coli,RC13,cefotaxime,2023,58,108,53.7,2023,Table 3.10,https://www.icmr.gov.in/icmrobject/uploads/Documents/1725536060_annual_report_2023.pdf,2026-08-31,53.7,53.7,
Escherichia coli,RC13,cefotaxime,2024,0,33,0.0,2024,Table 2.10,https://www.icmr.gov.in/icmrobject/uploads/Report/1763981012_icmramrsnannualreport2024.pdf,2026-08-31,0.0,0.0,"rc_panel_changed(baseline=2023,added=[],dropped=[RC15])"
Escherichia coli,RC13,ceftazidime,2023,1,11,,2023,Table 3.10,https://www.icmr.gov.in/icmrobject/uploads/Documents/1725536060_annual_report_2023.pdf,2026-08-31,,9.09,pct_suppressed_in_source
Escherichia coli,RC13,ceftazidime,2024,2,17,,2024,Table 2.10,https://www.icmr.gov.in/icmrobject/uploads/Report/1763981012_icmramrsnannualreport2024.pdf,2026-08-31,,11.76,"pct_suppressed_in_source,rc_panel_changed(baseline=2023,added=[],dropped=[RC15])"
Escherichia coli,RC13,ciprofloxacin,2023,5,109,4.6,2023,Table 3.10,https://www.icmr.gov.in/icmrobject/uploads/Documents/1725536060_annual_report_2023.pdf,2026-08-31,4.6,4.59,
Escherichia coli,RC13,ciprofloxacin,2024,4,59,6.8,2024,Table 2.10,https://www.icmr.gov.in/icmrobject/uploads/Report/1763981012_icmramrsnannualreport2024.pdf,2026-08-31,6.8,6.78,"rc_panel_changed(baseline=2023,added=[],dropped=[RC15])"
Escherichia coli,RC13,ertapenem,2023,23,35,65.7,2023,Table 3.10,https://www.icmr.gov.in/icmrobject/uploads/Documents/1725536060_annual_report_2023.pdf,2026-08-31,65.7,65.71,
Escherichia coli,RC13,ertapenem,2024,0,3,,2024,Table 2.10,https://www.icmr.gov.in/icmrobject/uploads/Report/1763981012_icmramrsnannualreport2024.pdf,2026-08-31,,0.0,"pct_suppressed_in_source,rc_panel_changed(baseline=2023,added=[],dropped=[RC15])"
Escherichia coli,RC13,imipenem,2023,86,109,78.9,2023,Table 3.10,https://www.icmr.gov.in/icmrobject/uploads/Documents/1725536060_annual_report_2023.pdf,2026-08-31,78.9,78.9,
Escherichia coli,RC13,imipenem,2024,18,56,32.1,2024,Table 2.10,https://www.icmr.gov.in/icmrobject/uploads/Report/1763981012_icmramrsnannualreport2024.pdf,2026-08-31,32.1,32.14,"rc_panel_changed(baseline=2023,added=[],dropped=[RC15])"
Escherichia coli,RC13,levofloxacin,2023,6,77,7.8,2023,Table 3.10,https://www.icmr.gov.in/icmrobject/uploads/Documents/1725536060_annual_report_2023.pdf,2026-08-31,7.8,7.79,
Escherichia coli,RC13,levofloxacin,2024,0,17,,2024,Table 2.10,https://www.icmr.gov.in/icmrobject/uploads/Report/1763981012_icmramrsnannualreport2024.pdf,2026-08-31,,0.0,"pct_suppressed_in_source,rc_panel_changed(baseline=2023,added=[],dropped=[RC15])"
Escherichia coli,RC13,meropenem,2023,91,109,83.5,2023,Table 3.10,https://www.icmr.gov.in/icmrobject/uploads/Documents/1725536060_annual_report_2023.pdf,2026-08-31,83.5,83.49,
Escherichia coli,RC13,meropenem,2024,21,59,35.6,2024,Table 2.10,https://www.icmr.gov.in/icmrobject/uploads/Report/1763981012_icmramrsnannualreport2024.pdf,2026-08-31,35.6,35.59,"rc_panel_changed(baseline=2023,added=[],dropped=[RC15])"
Escherichia coli,RC13,piperacillin-tazobactam,2023,49,108,45.4,2023,Table 3.10,https://www.icmr.gov.in/icmrobject/uploads/Documents/1725536060_annual_report_2023.pdf,2026-08-31,45.4,45.37,
Escherichia coli,RC13,piperacillin-tazobactam,2024,9,56,16.1,2024,Table 2.10,https://www.icmr.gov.in/icmrobject/uploads/Report/1763981012_icmramrsnannualreport2024.pdf,2026-08-31,16.1,16.07,"rc_panel_changed(baseline=2023,added=[],dropped=[RC15])"
Escherichia coli,RC14,amikacin,2023,329,380,86.6,2023,Table 3.10,https://www.icmr.gov.in/icmrobject/uploads/Documents/1725536060_annual_report_2023.pdf,2026-08-31,86.6,86.58,
Escherichia coli,RC14,amikacin,2024,526,622,84.6,2024,Table 2.10,https://www.icmr.gov.in/icmrobject/uploads/Report/1763981012_icmramrsnannualreport2024.pdf,2026-08-31,84.6,84.57,"rc_panel_changed(baseline=2023,added=[],dropped=[RC15])"
Escherichia coli,RC14,cefotaxime,2023,68,380,17.9,2023,Table 3.10,https://www.icmr.gov.in/icmrobject/uploads/Documents/1725536060_annual_report_2023.pdf,2026-08-31,17.9,17.89,
Escherichia coli,RC14,cefotaxime,2024,121,622,19.5,2024,Table 2.10,https://www.icmr.gov.in/icmrobject/uploads/Report/1763981012_icmramrsnannualreport2024.pdf,2026-08-31,19.5,19.45,"rc_panel_changed(baseline=2023,added=[],dropped=[RC15])"
Escherichia coli,RC14,ceftazidime,2023,0,0,,2023,Table 3.10,https://www.icmr.gov.in/icmrobject/uploads/Documents/1725536060_annual_report_2023.pdf,2026-08-31,,,"no_isolates_tested,pct_suppressed_in_source"
Escherichia coli,RC14,ceftazidime,2024,0,0,,2024,Table 2.10,https://www.icmr.gov.in/icmrobject/uploads/Report/1763981012_icmramrsnannualreport2024.pdf,2026-08-31,,,"no_isolates_tested,pct_suppressed_in_source,rc_panel_changed(baseline=2023,added=[],dropped=[RC15])"
Escherichia coli,RC14,ciprofloxacin,2023,18,380,4.7,2023,Table 3.10,https://www.icmr.gov.in/icmrobject/uploads/Documents/1725536060_annual_report_2023.pdf,2026-08-31,4.7,4.74,
Escherichia coli,RC14,ciprofloxacin,2024,46,622,7.4,2024,Table 2.10,https://www.icmr.gov.in/icmrobject/uploads/Report/1763981012_icmramrsnannualreport2024.pdf,2026-08-31,7.4,7.4,"rc_panel_changed(baseline=2023,added=[],dropped=[RC15])"
Escherichia coli,RC14,ertapenem,2023,287,380,75.5,2023,Table 3.10,https://www.icmr.gov.in/icmrobject/uploads/Documents/1725536060_annual_report_2023.pdf,2026-08-31,75.5,75.53,
Escherichia coli,RC14,ertapenem,2024,436,620,70.3,2024,Table 2.10,https://www.icmr.gov.in/icmrobject/uploads/Report/1763981012_icmramrsnannualreport2024.pdf,2026-08-31,70.3,70.32,"rc_panel_changed(baseline=2023,added=[],dropped=[RC15])"
Escherichia coli,RC14,imipenem,2023,323,380,85.0,2023,Table 3.10,https://www.icmr.gov.in/icmrobject/uploads/Documents/1725536060_annual_report_2023.pdf,2026-08-31,85.0,85.0,
Escherichia coli,RC14,imipenem,2024,482,621,77.6,2024,Table 2.10,https://www.icmr.gov.in/icmrobject/uploads/Report/1763981012_icmramrsnannualreport2024.pdf,2026-08-31,77.6,77.62,"rc_panel_changed(baseline=2023,added=[],dropped=[RC15])"
Escherichia coli,RC14,levofloxacin,2023,0,0,,2023,Table 3.10,https://www.icmr.gov.in/icmrobject/uploads/Documents/1725536060_annual_report_2023.pdf,2026-08-31,,,"no_isolates_tested,pct_suppressed_in_source"
Escherichia coli,RC14,levofloxacin,2024,1,2,,2024,Table 2.10,https://www.icmr.gov.in/icmrobject/uploads/Report/1763981012_icmramrsnannualreport2024.pdf,2026-08-31,,50.0,"pct_suppressed_in_source,rc_panel_changed(baseline=2023,added=[],dropped=[RC15])"
Escherichia coli,RC14,meropenem,2023,321,380,84.5,2023,Table 3.10,https://www.icmr.gov.in/icmrobject/uploads/Documents/1725536060_annual_report_2023.pdf,2026-08-31,84.5,84.47,
Escherichia coli,RC14,meropenem,2024,479,622,77.0,2024,Table 2.10,https://www.icmr.gov.in/icmrobject/uploads/Report/1763981012_icmramrsnannualreport2024.pdf,2026-08-31,77.0,77.01,"rc_panel_changed(baseline=2023,added=[],dropped=[RC15])"
Escherichia coli,RC14,piperacillin-tazobactam,2023,231,380,60.8,2023,Table 3.10,https://www.icmr.gov.in/icmrobject/uploads/Documents/1725536060_annual_report_2023.pdf,2026-08-31,60.8,60.79,
Escherichia coli,RC14,piperacillin-tazobactam,2024,345,622,55.5,2024,Table 2.10,https://www.icmr.gov.in/icmrobject/uploads/Report/1763981012_icmramrsnannualreport2024.pdf,2026-08-31,55.5,55.47,"rc_panel_changed(baseline=2023,added=[],dropped=[RC15])"
Escherichia coli,RC15,amikacin,2023,270,310,87.1,2023,Table 3.10,https://www.icmr.gov.in/icmrobject/uploads/Documents/1725536060_annual_report_2023.pdf,2026-08-31,87.1,87.1,
Escherichia coli,RC15,cefotaxime,2023,27,310,8.7,2023,Table 3.10,https://www.icmr.gov.in/icmrobject/uploads/Documents/1725536060_annual_report_2023.pdf,2026-08-31,8.7,8.71,
Escherichia coli,RC15,ceftazidime,2023,31,287,10.8,2023,Table 3.10,https://www.icmr.gov.in/icmrobject/uploads/Documents/1725536060_annual_report_2023.pdf,2026-08-31,10.8,10.8,
Escherichia coli,RC15,ciprofloxacin,2023,13,310,4.2,2023,Table 3.10,https://www.icmr.gov.in/icmrobject/uploads/Documents/1725536060_annual_report_2023.pdf,2026-08-31,4.2,4.19,
Escherichia coli,RC15,ertapenem,2023,3,3,,2023,Table 3.10,https://www.icmr.gov.in/icmrobject/uploads/Documents/1725536060_annual_report_2023.pdf,2026-08-31,,100.0,pct_suppressed_in_source
Escherichia coli,RC15,imipenem,2023,301,310,97.1,2023,Table 3.10,https://www.icmr.gov.in/icmrobject/uploads/Documents/1725536060_annual_report_2023.pdf,2026-08-31,97.1,97.1,
Escherichia coli,RC15,levofloxacin,2023,37,305,12.1,2023,Table 3.10,https://www.icmr.gov.in/icmrobject/uploads/Documents/1725536060_annual_report_2023.pdf,2026-08-31,12.1,12.13,
Escherichia coli,RC15,meropenem,2023,300,310,96.8,2023,Table 3.10,https://www.icmr.gov.in/icmrobject/uploads/Documents/1725536060_annual_report_2023.pdf,2026-08-31,96.8,96.77,
Escherichia coli,RC15,piperacillin-tazobactam,2023,135,309,43.7,2023,Table 3.10,https://www.icmr.gov.in/icmrobject/uploads/Documents/1725536060_annual_report_2023.pdf,2026-08-31,43.7,43.69,
Escherichia coli,RC16,amikacin,2023,50,199,25.1,2023,Table 3.10,https://www.icmr.gov.in/icmrobject/uploads/Documents/1725536060_annual_report_2023.pdf,2026-08-31,25.1,25.13,
Escherichia coli,RC16,amikacin,2024,397,549,72.3,2024,Table 2.10,https://www.icmr.gov.in/icmrobject/uploads/Report/1763981012_icmramrsnannualreport2024.pdf,2026-08-31,72.3,72.31,"rc_panel_changed(baseline=2023,added=[],dropped=[RC15])"
Escherichia coli,RC16,cefotaxime,2023,6,199,3.0,2023,Table 3.10,https://www.icmr.gov.in/icmrobject/uploads/Documents/1725536060_annual_report_2023.pdf,2026-08-31,3.0,3.02,
Escherichia coli,RC16,cefotaxime,2024,50,547,9.1,2024,Table 2.10,https://www.icmr.gov.in/icmrobject/uploads/Report/1763981012_icmramrsnannualreport2024.pdf,2026-08-31,9.1,9.14,"rc_panel_changed(baseline=2023,added=[],dropped=[RC15])"
Escherichia coli,RC16,ceftazidime,2023,12,199,6.0,2023,Table 3.10,https://www.icmr.gov.in/icmrobject/uploads/Documents/1725536060_annual_report_2023.pdf,2026-08-31,6.0,6.03,
Escherichia coli,RC16,ceftazidime,2024,67,548,12.2,2024,Table 2.10,https://www.icmr.gov.in/icmrobject/uploads/Report/1763981012_icmramrsnannualreport2024.pdf,2026-08-31,12.2,12.23,"rc_panel_changed(baseline=2023,added=[],dropped=[RC15])"
Escherichia coli,RC16,ciprofloxacin,2023,23,199,11.6,2023,Table 3.10,https://www.icmr.gov.in/icmrobject/uploads/Documents/1725536060_annual_report_2023.pdf,2026-08-31,11.6,11.56,
Escherichia coli,RC16,ciprofloxacin,2024,83,549,15.1,2024,Table 2.10,https://www.icmr.gov.in/icmrobject/uploads/Report/1763981012_icmramrsnannualreport2024.pdf,2026-08-31,15.1,15.12,"rc_panel_changed(baseline=2023,added=[],dropped=[RC15])"
Escherichia coli,RC16,ertapenem,2023,95,199,47.7,2023,Table 3.10,https://www.icmr.gov.in/icmrobject/uploads/Documents/1725536060_annual_report_2023.pdf,2026-08-31,47.7,47.74,
Escherichia coli,RC16,ertapenem,2024,232,546,42.5,2024,Table 2.10,https://www.icmr.gov.in/icmrobject/uploads/Report/1763981012_icmramrsnannualreport2024.pdf,2026-08-31,42.5,42.49,"rc_panel_changed(baseline=2023,added=[],dropped=[RC15])"
Escherichia coli,RC16,imipenem,2023,80,199,40.2,2023,Table 3.10,https://www.icmr.gov.in/icmrobject/uploads/Documents/1725536060_annual_report_2023.pdf,2026-08-31,40.2,40.2,
Escherichia coli,RC16,imipenem,2024,123,482,25.5,2024,Table 2.10,https://www.icmr.gov.in/icmrobject/uploads/Report/1763981012_icmramrsnannualreport2024.pdf,2026-08-31,25.5,25.52,"rc_panel_changed(baseline=2023,added=[],dropped=[RC15])"
Escherichia coli,RC16,levofloxacin,2023,40,199,20.1,2023,Table 3.10,https://www.icmr.gov.in/icmrobject/uploads/Documents/1725536060_annual_report_2023.pdf,2026-08-31,20.1,20.1,
Escherichia coli,RC16,levofloxacin,2024,123,547,22.5,2024,Table 2.10,https://www.icmr.gov.in/icmrobject/uploads/Report/1763981012_icmramrsnannualreport2024.pdf,2026-08-31,22.5,22.49,"rc_panel_changed(baseline=2023,added=[],dropped=[RC15])"
Escherichia coli,RC16,meropenem,2023,135,199,67.8,2023,Table 3.10,https://www.icmr.gov.in/icmrobject/uploads/Documents/1725536060_annual_report_2023.pdf,2026-08-31,67.8,67.84,
Escherichia coli,RC16,meropenem,2024,328,549,59.7,2024,Table 2.10,https://www.icmr.gov.in/icmrobject/uploads/Report/1763981012_icmramrsnannualreport2024.pdf,2026-08-31,59.7,59.74,"rc_panel_changed(baseline=2023,added=[],dropped=[RC15])"
Escherichia coli,RC16,piperacillin-tazobactam,2023,15,198,7.6,2023,Table 3.10,https://www.icmr.gov.in/icmrobject/uploads/Documents/1725536060_annual_report_2023.pdf,2026-08-31,7.6,7.58,
Escherichia coli,RC16,piperacillin-tazobactam,2024,53,548,9.7,2024,Table 2.10,https://www.icmr.gov.in/icmrobject/uploads/Report/1763981012_icmramrsnannualreport2024.pdf,2026-08-31,9.7,9.67,"rc_panel_changed(baseline=2023,added=[],dropped=[RC15])"
Escherichia coli,RC17,amikacin,2023,125,152,82.2,2023,Table 3.10,https://www.icmr.gov.in/icmrobject/uploads/Documents/1725536060_annual_report_2023.pdf,2026-08-31,82.2,82.24,
Escherichia coli,RC17,amikacin,2024,309,401,77.1,2024,Table 2.10,https://www.icmr.gov.in/icmrobject/uploads/Report/1763981012_icmramrsnannualreport2024.pdf,2026-08-31,77.1,77.06,"rc_panel_changed(baseline=2023,added=[],dropped=[RC15])"
Escherichia coli,RC17,cefotaxime,2023,119,148,80.4,2023,Table 3.10,https://www.icmr.gov.in/icmrobject/uploads/Documents/1725536060_annual_report_2023.pdf,2026-08-31,80.4,80.41,
Escherichia coli,RC17,cefotaxime,2024,22,56,39.3,2024,Table 2.10,https://www.icmr.gov.in/icmrobject/uploads/Report/1763981012_icmramrsnannualreport2024.pdf,2026-08-31,39.3,39.29,"rc_panel_changed(baseline=2023,added=[],dropped=[RC15])"
Escherichia coli,RC17,ceftazidime,2023,6,7,,2023,Table 3.10,https://www.icmr.gov.in/icmrobject/uploads/Documents/1725536060_annual_report_2023.pdf,2026-08-31,,85.71,pct_suppressed_in_source
Escherichia coli,RC17,ceftazidime,2024,13,62,21.0,2024,Table 2.10,https://www.icmr.gov.in/icmrobject/uploads/Report/1763981012_icmramrsnannualreport2024.pdf,2026-08-31,21.0,20.97,"rc_panel_changed(baseline=2023,added=[],dropped=[RC15])"
Escherichia coli,RC17,ciprofloxacin,2023,113,152,74.3,2023,Table 3.10,https://www.icmr.gov.in/icmrobject/uploads/Documents/1725536060_annual_report_2023.pdf,2026-08-31,74.3,74.34,
Escherichia coli,RC17,ciprofloxacin,2024,86,401,21.4,2024,Table 2.10,https://www.icmr.gov.in/icmrobject/uploads/Report/1763981012_icmramrsnannualreport2024.pdf,2026-08-31,21.4,21.45,"rc_panel_changed(baseline=2023,added=[],dropped=[RC15])"
Escherichia coli,RC17,ertapenem,2023,117,152,77.0,2023,Table 3.10,https://www.icmr.gov.in/icmrobject/uploads/Documents/1725536060_annual_report_2023.pdf,2026-08-31,77.0,76.97,
Escherichia coli,RC17,ertapenem,2024,236,395,59.7,2024,Table 2.10,https://www.icmr.gov.in/icmrobject/uploads/Report/1763981012_icmramrsnannualreport2024.pdf,2026-08-31,59.7,59.75,"rc_panel_changed(baseline=2023,added=[],dropped=[RC15])"
Escherichia coli,RC17,imipenem,2023,120,152,78.9,2023,Table 3.10,https://www.icmr.gov.in/icmrobject/uploads/Documents/1725536060_annual_report_2023.pdf,2026-08-31,78.9,78.95,
Escherichia coli,RC17,imipenem,2024,260,400,65.0,2024,Table 2.10,https://www.icmr.gov.in/icmrobject/uploads/Report/1763981012_icmramrsnannualreport2024.pdf,2026-08-31,65.0,65.0,"rc_panel_changed(baseline=2023,added=[],dropped=[RC15])"
Escherichia coli,RC17,levofloxacin,2023,0,0,,2023,Table 3.10,https://www.icmr.gov.in/icmrobject/uploads/Documents/1725536060_annual_report_2023.pdf,2026-08-31,,,"no_isolates_tested,pct_suppressed_in_source"
Escherichia coli,RC17,levofloxacin,2024,23,66,34.8,2024,Table 2.10,https://www.icmr.gov.in/icmrobject/uploads/Report/1763981012_icmramrsnannualreport2024.pdf,2026-08-31,34.8,34.85,"rc_panel_changed(baseline=2023,added=[],dropped=[RC15])"
Escherichia coli,RC17,meropenem,2023,119,152,78.3,2023,Table 3.10,https://www.icmr.gov.in/icmrobject/uploads/Documents/1725536060_annual_report_2023.pdf,2026-08-31,78.3,78.29,
Escherichia coli,RC17,meropenem,2024,260,401,64.8,2024,Table 2.10,https://www.icmr.gov.in/icmrobject/uploads/Report/1763981012_icmramrsnannualreport2024.pdf,2026-08-31,64.8,64.84,"rc_panel_changed(baseline=2023,added=[],dropped=[RC15])"
Escherichia coli,RC17,piperacillin-tazobactam,2023,111,151,73.5,2023,Table 3.10,https://www.icmr.gov.in/icmrobject/uploads/Documents/1725536060_annual_report_2023.pdf,2026-08-31,73.5,73.51,
Escherichia coli,RC17,piperacillin-tazobactam,2024,94,400,23.5,2024,Table 2.10,https://www.icmr.gov.in/icmrobject/uploads/Report/1763981012_icmramrsnannualreport2024.pdf,2026-08-31,23.5,23.5,"rc_panel_changed(baseline=2023,added=[],dropped=[RC15])"
Escherichia coli,RC18,amikacin,2023,26,45,57.8,2023,Table 3.10,https://www.icmr.gov.in/icmrobject/uploads/Documents/1725536060_annual_report_2023.pdf,2026-08-31,57.8,57.78,
Escherichia coli,RC18,amikacin,2024,13,19,,2024,Table 2.10,https://www.icmr.gov.in/icmrobject/uploads/Report/1763981012_icmramrsnannualreport2024.pdf,2026-08-31,,68.42,"pct_suppressed_in_source,rc_panel_changed(baseline=2023,added=[],dropped=[RC15])"
Escherichia coli,RC18,cefotaxime,2023,4,45,8.9,2023,Table 3.10,https://www.icmr.gov.in/icmrobject/uploads/Documents/1725536060_annual_report_2023.pdf,2026-08-31,8.9,8.89,
Escherichia coli,RC18,cefotaxime,2024,5,18,,2024,Table 2.10,https://www.icmr.gov.in/icmrobject/uploads/Report/1763981012_icmramrsnannualreport2024.pdf,2026-08-31,,27.78,"pct_suppressed_in_source,rc_panel_changed(baseline=2023,added=[],dropped=[RC15])"
Escherichia coli,RC18,ceftazidime,2023,4,45,8.9,2023,Table 3.10,https://www.icmr.gov.in/icmrobject/uploads/Documents/1725536060_annual_report_2023.pdf,2026-08-31,8.9,8.89,
Escherichia coli,RC18,ceftazidime,2024,0,0,,2024,Table 2.10,https://www.icmr.gov.in/icmrobject/uploads/Report/1763981012_icmramrsnannualreport2024.pdf,2026-08-31,,,"no_isolates_tested,pct_suppressed_in_source,rc_panel_changed(baseline=2023,added=[],dropped=[RC15])"
Escherichia coli,RC18,ciprofloxacin,2023,16,45,35.6,2023,Table 3.10,https://www.icmr.gov.in/icmrobject/uploads/Documents/1725536060_annual_report_2023.pdf,2026-08-31,35.6,35.56,
Escherichia coli,RC18,ciprofloxacin,2024,3,19,,2024,Table 2.10,https://www.icmr.gov.in/icmrobject/uploads/Report/1763981012_icmramrsnannualreport2024.pdf,2026-08-31,,15.79,"pct_suppressed_in_source,rc_panel_changed(baseline=2023,added=[],dropped=[RC15])"
Escherichia coli,RC18,ertapenem,2023,19,45,42.2,2023,Table 3.10,https://www.icmr.gov.in/icmrobject/uploads/Documents/1725536060_annual_report_2023.pdf,2026-08-31,42.2,42.22,
Escherichia coli,RC18,ertapenem,2024,0,0,,2024,Table 2.10,https://www.icmr.gov.in/icmrobject/uploads/Report/1763981012_icmramrsnannualreport2024.pdf,2026-08-31,,,"no_isolates_tested,pct_suppressed_in_source,rc_panel_changed(baseline=2023,added=[],dropped=[RC15])"
Escherichia coli,RC18,imipenem,2023,24,45,53.3,2023,Table 3.10,https://www.icmr.gov.in/icmrobject/uploads/Documents/1725536060_annual_report_2023.pdf,2026-08-31,53.3,53.33,
Escherichia coli,RC18,imipenem,2024,12,18,,2024,Table 2.10,https://www.icmr.gov.in/icmrobject/uploads/Report/1763981012_icmramrsnannualreport2024.pdf,2026-08-31,,66.67,"pct_suppressed_in_source,rc_panel_changed(baseline=2023,added=[],dropped=[RC15])"
Escherichia coli,RC18,levofloxacin,2023,18,45,40.0,2023,Table 3.10,https://www.icmr.gov.in/icmrobject/uploads/Documents/1725536060_annual_report_2023.pdf,2026-08-31,40.0,40.0,
Escherichia coli,RC18,levofloxacin,2024,0,0,,2024,Table 2.10,https://www.icmr.gov.in/icmrobject/uploads/Report/1763981012_icmramrsnannualreport2024.pdf,2026-08-31,,,"no_isolates_tested,pct_suppressed_in_source,rc_panel_changed(baseline=2023,added=[],dropped=[RC15])"
Escherichia coli,RC18,meropenem,2023,23,45,51.1,2023,Table 3.10,https://www.icmr.gov.in/icmrobject/uploads/Documents/1725536060_annual_report_2023.pdf,2026-08-31,51.1,51.11,
Escherichia coli,RC18,meropenem,2024,13,19,,2024,Table 2.10,https://www.icmr.gov.in/icmrobject/uploads/Report/1763981012_icmramrsnannualreport2024.pdf,2026-08-31,,68.42,"pct_suppressed_in_source,rc_panel_changed(baseline=2023,added=[],dropped=[RC15])"
Escherichia coli,RC18,piperacillin-tazobactam,2023,15,45,33.3,2023,Table 3.10,https://www.icmr.gov.in/icmrobject/uploads/Documents/1725536060_annual_report_2023.pdf,2026-08-31,33.3,33.33,
Escherichia coli,RC18,piperacillin-tazobactam,2024,7,19,,2024,Table 2.10,https://www.icmr.gov.in/icmrobject/uploads/Report/1763981012_icmramrsnannualreport2024.pdf,2026-08-31,,36.84,"pct_suppressed_in_source,rc_panel_changed(baseline=2023,added=[],dropped=[RC15])"
Escherichia coli,RC19,amikacin,2023,392,819,47.9,2023,Table 3.10,https://www.icmr.gov.in/icmrobject/uploads/Documents/1725536060_annual_report_2023.pdf,2026-08-31,47.9,47.86,
Escherichia coli,RC19,amikacin,2024,375,584,64.2,2024,Table 2.10,https://www.icmr.gov.in/icmrobject/uploads/Report/1763981012_icmramrsnannualreport2024.pdf,2026-08-31,64.2,64.21,"rc_panel_changed(baseline=2023,added=[],dropped=[RC15])"
Escherichia coli,RC19,cefotaxime,2023,29,818,3.5,2023,Table 3.10,https://www.icmr.gov.in/icmrobject/uploads/Documents/1725536060_annual_report_2023.pdf,2026-08-31,3.5,3.55,
Escherichia coli,RC19,cefotaxime,2024,38,584,6.5,2024,Table 2.10,https://www.icmr.gov.in/icmrobject/uploads/Report/1763981012_icmramrsnannualreport2024.pdf,2026-08-31,6.5,6.51,"rc_panel_changed(baseline=2023,added=[],dropped=[RC15])"
Escherichia coli,RC19,ceftazidime,2023,116,819,14.2,2023,Table 3.10,https://www.icmr.gov.in/icmrobject/uploads/Documents/1725536060_annual_report_2023.pdf,2026-08-31,14.2,14.16,
Escherichia coli,RC19,ceftazidime,2024,69,584,11.8,2024,Table 2.10,https://www.icmr.gov.in/icmrobject/uploads/Report/1763981012_icmramrsnannualreport2024.pdf,2026-08-31,11.8,11.82,"rc_panel_changed(baseline=2023,added=[],dropped=[RC15])"
Escherichia coli,RC19,ciprofloxacin,2023,57,819,7.0,2023,Table 3.10,https://www.icmr.gov.in/icmrobject/uploads/Documents/1725536060_annual_report_2023.pdf,2026-08-31,7.0,6.96,
Escherichia coli,RC19,ciprofloxacin,2024,26,584,4.5,2024,Table 2.10,https://www.icmr.gov.in/icmrobject/uploads/Report/1763981012_icmramrsnannualreport2024.pdf,2026-08-31,4.5,4.45,"rc_panel_changed(baseline=2023,added=[],dropped=[RC15])"
Escherichia coli,RC19,ertapenem,2023,333,819,40.7,2023,Table 3.10,https://www.icmr.gov.in/icmrobject/uploads/Documents/1725536060_annual_report_2023.pdf,2026-08-31,40.7,40.66,
Escherichia coli,RC19,ertapenem,2024,253,584,43.3,2024,Table 2.10,https://www.icmr.gov.in/icmrobject/uploads/Report/1763981012_icmramrsnannualreport2024.pdf,2026-08-31,43.3,43.32,"rc_panel_changed(baseline=2023,added=[],dropped=[RC15])"
Escherichia coli,RC19,imipenem,2023,267,819,32.6,2023,Table 3.10,https://www.icmr.gov.in/icmrobject/uploads/Documents/1725536060_annual_report_2023.pdf,2026-08-31,32.6,32.6,
Escherichia coli,RC19,imipenem,2024,1,584,0.2,2024,Table 2.10,https://www.icmr.gov.in/icmrobject/uploads/Report/1763981012_icmramrsnannualreport2024.pdf,2026-08-31,0.2,0.17,"rc_panel_changed(baseline=2023,added=[],dropped=[RC15])"
Escherichia coli,RC19,levofloxacin,2023,82,819,10.0,2023,Table 3.10,https://www.icmr.gov.in/icmrobject/uploads/Documents/1725536060_annual_report_2023.pdf,2026-08-31,10.0,10.01,
Escherichia coli,RC19,levofloxacin,2024,7,583,1.2,2024,Table 2.10,https://www.icmr.gov.in/icmrobject/uploads/Report/1763981012_icmramrsnannualreport2024.pdf,2026-08-31,1.2,1.2,"rc_panel_changed(baseline=2023,added=[],dropped=[RC15])"
Escherichia coli,RC19,meropenem,2023,322,819,39.3,2023,Table 3.10,https://www.icmr.gov.in/icmrobject/uploads/Documents/1725536060_annual_report_2023.pdf,2026-08-31,39.3,39.32,
Escherichia coli,RC19,meropenem,2024,14,584,2.4,2024,Table 2.10,https://www.icmr.gov.in/icmrobject/uploads/Report/1763981012_icmramrsnannualreport2024.pdf,2026-08-31,2.4,2.4,"rc_panel_changed(baseline=2023,added=[],dropped=[RC15])"
Escherichia coli,RC19,piperacillin-tazobactam,2023,267,818,32.6,2023,Table 3.10,https://www.icmr.gov.in/icmrobject/uploads/Documents/1725536060_annual_report_2023.pdf,2026-08-31,32.6,32.64,
Escherichia coli,RC19,piperacillin-tazobactam,2024,208,584,35.6,2024,Table 2.10,https://www.icmr.gov.in/icmrobject/uploads/Report/1763981012_icmramrsnannualreport2024.pdf,2026-08-31,35.6,35.62,"rc_panel_changed(baseline=2023,added=[],dropped=[RC15])"
Escherichia coli,RC20,amikacin,2023,207,256,80.9,2023,Table 3.10,https://www.icmr.gov.in/icmrobject/uploads/Documents/1725536060_annual_report_2023.pdf,2026-08-31,80.9,80.86,
Escherichia coli,RC20,amikacin,2024,586,699,83.8,2024,Table 2.10,https://www.icmr.gov.in/icmrobject/uploads/Report/1763981012_icmramrsnannualreport2024.pdf,2026-08-31,83.8,83.83,"rc_panel_changed(baseline=2023,added=[],dropped=[RC15])"
Escherichia coli,RC20,cefotaxime,2023,12,242,5.0,2023,Table 3.10,https://www.icmr.gov.in/icmrobject/uploads/Documents/1725536060_annual_report_2023.pdf,2026-08-31,5.0,4.96,
Escherichia coli,RC20,cefotaxime,2024,273,697,39.2,2024,Table 2.10,https://www.icmr.gov.in/icmrobject/uploads/Report/1763981012_icmramrsnannualreport2024.pdf,2026-08-31,39.2,39.17,"rc_panel_changed(baseline=2023,added=[],dropped=[RC15])"
Escherichia coli,RC20,ceftazidime,2023,12,238,5.0,2023,Table 3.10,https://www.icmr.gov.in/icmrobject/uploads/Documents/1725536060_annual_report_2023.pdf,2026-08-31,5.0,5.04,
Escherichia coli,RC20,ceftazidime,2024,404,695,58.1,2024,Table 2.10,https://www.icmr.gov.in/icmrobject/uploads/Report/1763981012_icmramrsnannualreport2024.pdf,2026-08-31,58.1,58.13,"rc_panel_changed(baseline=2023,added=[],dropped=[RC15])"
Escherichia coli,RC20,ciprofloxacin,2023,22,256,8.6,2023,Table 3.10,https://www.icmr.gov.in/icmrobject/uploads/Documents/1725536060_annual_report_2023.pdf,2026-08-31,8.6,8.59,
Escherichia coli,RC20,ciprofloxacin,2024,100,699,14.3,2024,Table 2.10,https://www.icmr.gov.in/icmrobject/uploads/Report/1763981012_icmramrsnannualreport2024.pdf,2026-08-31,14.3,14.31,"rc_panel_changed(baseline=2023,added=[],dropped=[RC15])"
Escherichia coli,RC20,ertapenem,2023,72,151,47.7,2023,Table 3.10,https://www.icmr.gov.in/icmrobject/uploads/Documents/1725536060_annual_report_2023.pdf,2026-08-31,47.7,47.68,
Escherichia coli,RC20,ertapenem,2024,541,699,77.4,2024,Table 2.10,https://www.icmr.gov.in/icmrobject/uploads/Report/1763981012_icmramrsnannualreport2024.pdf,2026-08-31,77.4,77.4,"rc_panel_changed(baseline=2023,added=[],dropped=[RC15])"
Escherichia coli,RC20,imipenem,2023,136,232,58.6,2023,Table 3.10,https://www.icmr.gov.in/icmrobject/uploads/Documents/1725536060_annual_report_2023.pdf,2026-08-31,58.6,58.62,
Escherichia coli,RC20,imipenem,2024,467,699,66.8,2024,Table 2.10,https://www.icmr.gov.in/icmrobject/uploads/Report/1763981012_icmramrsnannualreport2024.pdf,2026-08-31,66.8,66.81,"rc_panel_changed(baseline=2023,added=[],dropped=[RC15])"
Escherichia coli,RC20,levofloxacin,2023,33,231,14.3,2023,Table 3.10,https://www.icmr.gov.in/icmrobject/uploads/Documents/1725536060_annual_report_2023.pdf,2026-08-31,14.3,14.29,
Escherichia coli,RC20,levofloxacin,2024,106,697,15.2,2024,Table 2.10,https://www.icmr.gov.in/icmrobject/uploads/Report/1763981012_icmramrsnannualreport2024.pdf,2026-08-31,15.2,15.21,"rc_panel_changed(baseline=2023,added=[],dropped=[RC15])"
Escherichia coli,RC20,meropenem,2023,154,256,60.2,2023,Table 3.10,https://www.icmr.gov.in/icmrobject/uploads/Documents/1725536060_annual_report_2023.pdf,2026-08-31,60.2,60.16,
Escherichia coli,RC20,meropenem,2024,553,699,79.1,2024,Table 2.10,https://www.icmr.gov.in/icmrobject/uploads/Report/1763981012_icmramrsnannualreport2024.pdf,2026-08-31,79.1,79.11,"rc_panel_changed(baseline=2023,added=[],dropped=[RC15])"
Escherichia coli,RC20,piperacillin-tazobactam,2023,45,256,17.6,2023,Table 3.10,https://www.icmr.gov.in/icmrobject/uploads/Documents/1725536060_annual_report_2023.pdf,2026-08-31,17.6,17.58,
Escherichia coli,RC20,piperacillin-tazobactam,2024,283,699,40.5,2024,Table 2.10,https://www.icmr.gov.in/icmrobject/uploads/Report/1763981012_icmramrsnannualreport2024.pdf,2026-08-31,40.5,40.49,"rc_panel_changed(baseline=2023,added=[],dropped=[RC15])"
Escherichia coli,RC21,amikacin,2023,4,43,9.3,2023,Table 3.10,https://www.icmr.gov.in/icmrobject/uploads/Documents/1725536060_annual_report_2023.pdf,2026-08-31,9.3,9.3,
Escherichia coli,RC21,amikacin,2024,83,172,48.3,2024,Table 2.10,https://www.icmr.gov.in/icmrobject/uploads/Report/1763981012_icmramrsnannualreport2024.pdf,2026-08-31,48.3,48.26,"rc_panel_changed(baseline=2023,added=[],dropped=[RC15])"
Escherichia coli,RC21,cefotaxime,2023,3,35,8.6,2023,Table 3.10,https://www.icmr.gov.in/icmrobject/uploads/Documents/1725536060_annual_report_2023.pdf,2026-08-31,8.6,8.57,
Escherichia coli,RC21,cefotaxime,2024,6,163,3.7,2024,Table 2.10,https://www.icmr.gov.in/icmrobject/uploads/Report/1763981012_icmramrsnannualreport2024.pdf,2026-08-31,3.7,3.68,"rc_panel_changed(baseline=2023,added=[],dropped=[RC15])"
Escherichia coli,RC21,ceftazidime,2023,4,38,10.5,2023,Table 3.10,https://www.icmr.gov.in/icmrobject/uploads/Documents/1725536060_annual_report_2023.pdf,2026-08-31,10.5,10.53,
Escherichia coli,RC21,ceftazidime,2024,11,167,6.6,2024,Table 2.10,https://www.icmr.gov.in/icmrobject/uploads/Report/1763981012_icmramrsnannualreport2024.pdf,2026-08-31,6.6,6.59,"rc_panel_changed(baseline=2023,added=[],dropped=[RC15])"
Escherichia coli,RC21,ciprofloxacin,2023,1,43,2.3,2023,Table 3.10,https://www.icmr.gov.in/icmrobject/uploads/Documents/1725536060_annual_report_2023.pdf,2026-08-31,2.3,2.33,
Escherichia coli,RC21,ciprofloxacin,2024,14,172,8.1,2024,Table 2.10,https://www.icmr.gov.in/icmrobject/uploads/Report/1763981012_icmramrsnannualreport2024.pdf,2026-08-31,8.1,8.14,"rc_panel_changed(baseline=2023,added=[],dropped=[RC15])"
Escherichia coli,RC21,ertapenem,2023,5,5,,2023,Table 3.10,https://www.icmr.gov.in/icmrobject/uploads/Documents/1725536060_annual_report_2023.pdf,2026-08-31,,100.0,pct_suppressed_in_source
Escherichia coli,RC21,ertapenem,2024,30,75,40.0,2024,Table 2.10,https://www.icmr.gov.in/icmrobject/uploads/Report/1763981012_icmramrsnannualreport2024.pdf,2026-08-31,40.0,40.0,"rc_panel_changed(baseline=2023,added=[],dropped=[RC15])"
Escherichia coli,RC21,imipenem,2023,22,43,51.2,2023,Table 3.10,https://www.icmr.gov.in/icmrobject/uploads/Documents/1725536060_annual_report_2023.pdf,2026-08-31,51.2,51.16,
Escherichia coli,RC21,imipenem,2024,85,171,49.7,2024,Table 2.10,https://www.icmr.gov.in/icmrobject/uploads/Report/1763981012_icmramrsnannualreport2024.pdf,2026-08-31,49.7,49.71,"rc_panel_changed(baseline=2023,added=[],dropped=[RC15])"
Escherichia coli,RC21,levofloxacin,2023,3,39,7.7,2023,Table 3.10,https://www.icmr.gov.in/icmrobject/uploads/Documents/1725536060_annual_report_2023.pdf,2026-08-31,7.7,7.69,
Escherichia coli,RC21,levofloxacin,2024,15,161,9.3,2024,Table 2.10,https://www.icmr.gov.in/icmrobject/uploads/Report/1763981012_icmramrsnannualreport2024.pdf,2026-08-31,9.3,9.32,"rc_panel_changed(baseline=2023,added=[],dropped=[RC15])"
Escherichia coli,RC21,meropenem,2023,19,43,44.2,2023,Table 3.10,https://www.icmr.gov.in/icmrobject/uploads/Documents/1725536060_annual_report_2023.pdf,2026-08-31,44.2,44.19,
Escherichia coli,RC21,meropenem,2024,75,172,43.6,2024,Table 2.10,https://www.icmr.gov.in/icmrobject/uploads/Report/1763981012_icmramrsnannualreport2024.pdf,2026-08-31,43.6,43.6,"rc_panel_changed(baseline=2023,added=[],dropped=[RC15])"
Escherichia coli,RC21,piperacillin-tazobactam,2023,3,43,7.0,2023,Table 3.10,https://www.icmr.gov.in/icmrobject/uploads/Documents/1725536060_annual_report_2023.pdf,2026-08-31,7.0,6.98,
Escherichia coli,RC21,piperacillin-tazobactam,2024,39,167,23.4,2024,Table 2.10,https://www.icmr.gov.in/icmrobject/uploads/Report/1763981012_icmramrsnannualreport2024.pdf,2026-08-31,23.4,23.35,"rc_panel_changed(baseline=2023,added=[],dropped=[RC15])"
Klebsiella pneumoniae,RC1,amikacin,2023,103,362,28.5,2023,Table 3.11,https://www.icmr.gov.in/icmrobject/uploads/Documents/1725536060_annual_report_2023.pdf,2026-08-31,28.5,28.45,
Klebsiella pneumoniae,RC1,amikacin,2024,0,10,,2024,Table 2.11,https://www.icmr.gov.in/icmrobject/uploads/Report/1763981012_icmramrsnannualreport2024.pdf,2026-08-31,,0.0,"pct_suppressed_in_source,rc_panel_changed(baseline=2023,added=[],dropped=[RC15])"
Klebsiella pneumoniae,RC1,cefotaxime,2023,42,362,11.6,2023,Table 3.11,https://www.icmr.gov.in/icmrobject/uploads/Documents/1725536060_annual_report_2023.pdf,2026-08-31,11.6,11.6,
Klebsiella pneumoniae,RC1,cefotaxime,2024,0,10,,2024,Table 2.11,https://www.icmr.gov.in/icmrobject/uploads/Report/1763981012_icmramrsnannualreport2024.pdf,2026-08-31,,0.0,"pct_suppressed_in_source,rc_panel_changed(baseline=2023,added=[],dropped=[RC15])"
Klebsiella pneumoniae,RC1,ceftazidime,2023,49,362,13.5,2023,Table 3.11,https://www.icmr.gov.in/icmrobject/uploads/Documents/1725536060_annual_report_2023.pdf,2026-08-31,13.5,13.54,
Klebsiella pneumoniae,RC1,ceftazidime,2024,0,10,,2024,Table 2.11,https://www.icmr.gov.in/icmrobject/uploads/Report/1763981012_icmramrsnannualreport2024.pdf,2026-08-31,,0.0,"pct_suppressed_in_source,rc_panel_changed(baseline=2023,added=[],dropped=[RC15])"
Klebsiella pneumoniae,RC1,ciprofloxacin,2023,48,362,13.3,2023,Table 3.11,https://www.icmr.gov.in/icmrobject/uploads/Documents/1725536060_annual_report_2023.pdf,2026-08-31,13.3,13.26,
Klebsiella pneumoniae,RC1,ciprofloxacin,2024,0,10,,2024,Table 2.11,https://www.icmr.gov.in/icmrobject/uploads/Report/1763981012_icmramrsnannualreport2024.pdf,2026-08-31,,0.0,"pct_suppressed_in_source,rc_panel_changed(baseline=2023,added=[],dropped=[RC15])"
Klebsiella pneumoniae,RC1,ertapenem,2023,92,362,25.4,2023,Table 3.11,https://www.icmr.gov.in/icmrobject/uploads/Documents/1725536060_annual_report_2023.pdf,2026-08-31,25.4,25.41,
Klebsiella pneumoniae,RC1,ertapenem,2024,0,10,,2024,Table 2.11,https://www.icmr.gov.in/icmrobject/uploads/Report/1763981012_icmramrsnannualreport2024.pdf,2026-08-31,,0.0,"pct_suppressed_in_source,rc_panel_changed(baseline=2023,added=[],dropped=[RC15])"
Klebsiella pneumoniae,RC1,imipenem,2023,103,362,28.5,2023,Table 3.11,https://www.icmr.gov.in/icmrobject/uploads/Documents/1725536060_annual_report_2023.pdf,2026-08-31,28.5,28.45,
Klebsiella pneumoniae,RC1,imipenem,2024,0,10,,2024,Table 2.11,https://www.icmr.gov.in/icmrobject/uploads/Report/1763981012_icmramrsnannualreport2024.pdf,2026-08-31,,0.0,"pct_suppressed_in_source,rc_panel_changed(baseline=2023,added=[],dropped=[RC15])"
Klebsiella pneumoniae,RC1,levofloxacin,2023,72,362,19.9,2023,Table 3.11,https://www.icmr.gov.in/icmrobject/uploads/Documents/1725536060_annual_report_2023.pdf,2026-08-31,19.9,19.89,
Klebsiella pneumoniae,RC1,levofloxacin,2024,0,10,,2024,Table 2.11,https://www.icmr.gov.in/icmrobject/uploads/Report/1763981012_icmramrsnannualreport2024.pdf,2026-08-31,,0.0,"pct_suppressed_in_source,rc_panel_changed(baseline=2023,added=[],dropped=[RC15])"
Klebsiella pneumoniae,RC1,meropenem,2023,99,362,27.3,2023,Table 3.11,https://www.icmr.gov.in/icmrobject/uploads/Documents/1725536060_annual_report_2023.pdf,2026-08-31,27.3,27.35,
Klebsiella pneumoniae,RC1,meropenem,2024,0,10,,2024,Table 2.11,https://www.icmr.gov.in/icmrobject/uploads/Report/1763981012_icmramrsnannualreport2024.pdf,2026-08-31,,0.0,"pct_suppressed_in_source,rc_panel_changed(baseline=2023,added=[],dropped=[RC15])"
Klebsiella pneumoniae,RC1,piperacillin-tazobactam,2023,77,362,21.3,2023,Table 3.11,https://www.icmr.gov.in/icmrobject/uploads/Documents/1725536060_annual_report_2023.pdf,2026-08-31,21.3,21.27,
Klebsiella pneumoniae,RC1,piperacillin-tazobactam,2024,0,10,,2024,Table 2.11,https://www.icmr.gov.in/icmrobject/uploads/Report/1763981012_icmramrsnannualreport2024.pdf,2026-08-31,,0.0,"pct_suppressed_in_source,rc_panel_changed(baseline=2023,added=[],dropped=[RC15])"
Klebsiella pneumoniae,RC2,amikacin,2023,267,859,31.1,2023,Table 3.11,https://www.icmr.gov.in/icmrobject/uploads/Documents/1725536060_annual_report_2023.pdf,2026-08-31,31.1,31.08,
Klebsiella pneumoniae,RC2,amikacin,2024,1028,3341,30.8,2024,Table 2.11,https://www.icmr.gov.in/icmrobject/uploads/Report/1763981012_icmramrsnannualreport2024.pdf,2026-08-31,30.8,30.77,"rc_panel_changed(baseline=2023,added=[],dropped=[RC15])"
Klebsiella pneumoniae,RC2,cefotaxime,2023,45,573,7.9,2023,Table 3.11,https://www.icmr.gov.in/icmrobject/uploads/Documents/1725536060_annual_report_2023.pdf,2026-08-31,7.9,7.85,
Klebsiella pneumoniae,RC2,cefotaxime,2024,298,3341,8.9,2024,Table 2.11,https://www.icmr.gov.in/icmrobject/uploads/Report/1763981012_icmramrsnannualreport2024.pdf,2026-08-31,8.9,8.92,"rc_panel_changed(baseline=2023,added=[],dropped=[RC15])"
Klebsiella pneumoniae,RC2,ceftazidime,2023,68,431,15.8,2023,Table 3.11,https://www.icmr.gov.in/icmrobject/uploads/Documents/1725536060_annual_report_2023.pdf,2026-08-31,15.8,15.78,
Klebsiella pneumoniae,RC2,ceftazidime,2024,67,730,9.2,2024,Table 2.11,https://www.icmr.gov.in/icmrobject/uploads/Report/1763981012_icmramrsnannualreport2024.pdf,2026-08-31,9.2,9.18,"rc_panel_changed(baseline=2023,added=[],dropped=[RC15])"
Klebsiella pneumoniae,RC2,ciprofloxacin,2023,85,854,10.0,2023,Table 3.11,https://www.icmr.gov.in/icmrobject/uploads/Documents/1725536060_annual_report_2023.pdf,2026-08-31,10.0,9.95,
Klebsiella pneumoniae,RC2,ciprofloxacin,2024,378,3341,11.3,2024,Table 2.11,https://www.icmr.gov.in/icmrobject/uploads/Report/1763981012_icmramrsnannualreport2024.pdf,2026-08-31,11.3,11.31,"rc_panel_changed(baseline=2023,added=[],dropped=[RC15])"
Klebsiella pneumoniae,RC2,ertapenem,2023,88,354,24.9,2023,Table 3.11,https://www.icmr.gov.in/icmrobject/uploads/Documents/1725536060_annual_report_2023.pdf,2026-08-31,24.9,24.86,
Klebsiella pneumoniae,RC2,ertapenem,2024,561,2276,24.6,2024,Table 2.11,https://www.icmr.gov.in/icmrobject/uploads/Report/1763981012_icmramrsnannualreport2024.pdf,2026-08-31,24.6,24.65,"rc_panel_changed(baseline=2023,added=[],dropped=[RC15])"
Klebsiella pneumoniae,RC2,imipenem,2023,181,854,21.2,2023,Table 3.11,https://www.icmr.gov.in/icmrobject/uploads/Documents/1725536060_annual_report_2023.pdf,2026-08-31,21.2,21.19,
Klebsiella pneumoniae,RC2,imipenem,2024,688,3341,20.6,2024,Table 2.11,https://www.icmr.gov.in/icmrobject/uploads/Report/1763981012_icmramrsnannualreport2024.pdf,2026-08-31,20.6,20.59,"rc_panel_changed(baseline=2023,added=[],dropped=[RC15])"
Klebsiella pneumoniae,RC2,levofloxacin,2023,6,75,8.0,2023,Table 3.11,https://www.icmr.gov.in/icmrobject/uploads/Documents/1725536060_annual_report_2023.pdf,2026-08-31,8.0,8.0,
Klebsiella pneumoniae,RC2,levofloxacin,2024,32,216,14.8,2024,Table 2.11,https://www.icmr.gov.in/icmrobject/uploads/Report/1763981012_icmramrsnannualreport2024.pdf,2026-08-31,14.8,14.81,"rc_panel_changed(baseline=2023,added=[],dropped=[RC15])"
Klebsiella pneumoniae,RC2,meropenem,2023,208,854,24.4,2023,Table 3.11,https://www.icmr.gov.in/icmrobject/uploads/Documents/1725536060_annual_report_2023.pdf,2026-08-31,24.4,24.36,
Klebsiella pneumoniae,RC2,meropenem,2024,849,3341,25.4,2024,Table 2.11,https://www.icmr.gov.in/icmrobject/uploads/Report/1763981012_icmramrsnannualreport2024.pdf,2026-08-31,25.4,25.41,"rc_panel_changed(baseline=2023,added=[],dropped=[RC15])"
Klebsiella pneumoniae,RC2,piperacillin-tazobactam,2023,174,837,20.8,2023,Table 3.11,https://www.icmr.gov.in/icmrobject/uploads/Documents/1725536060_annual_report_2023.pdf,2026-08-31,20.8,20.79,
Klebsiella pneumoniae,RC2,piperacillin-tazobactam,2024,618,3283,18.8,2024,Table 2.11,https://www.icmr.gov.in/icmrobject/uploads/Report/1763981012_icmramrsnannualreport2024.pdf,2026-08-31,18.8,18.82,"rc_panel_changed(baseline=2023,added=[],dropped=[RC15])"
Klebsiella pneumoniae,RC3,amikacin,2023,69,143,48.3,2023,Table 3.11,https://www.icmr.gov.in/icmrobject/uploads/Documents/1725536060_annual_report_2023.pdf,2026-08-31,48.3,48.25,
Klebsiella pneumoniae,RC3,amikacin,2024,134,240,55.8,2024,Table 2.11,https://www.icmr.gov.in/icmrobject/uploads/Report/1763981012_icmramrsnannualreport2024.pdf,2026-08-31,55.8,55.83,"rc_panel_changed(baseline=2023,added=[],dropped=[RC15])"
Klebsiella pneumoniae,RC3,cefotaxime,2023,58,143,40.6,2023,Table 3.11,https://www.icmr.gov.in/icmrobject/uploads/Documents/1725536060_annual_report_2023.pdf,2026-08-31,40.6,40.56,
Klebsiella pneumoniae,RC3,cefotaxime,2024,111,240,46.3,2024,Table 2.11,https://www.icmr.gov.in/icmrobject/uploads/Report/1763981012_icmramrsnannualreport2024.pdf,2026-08-31,46.3,46.25,"rc_panel_changed(baseline=2023,added=[],dropped=[RC15])"
Klebsiella pneumoniae,RC3,ceftazidime,2023,60,143,42.0,2023,Table 3.11,https://www.icmr.gov.in/icmrobject/uploads/Documents/1725536060_annual_report_2023.pdf,2026-08-31,42.0,41.96,
Klebsiella pneumoniae,RC3,ceftazidime,2024,113,240,47.1,2024,Table 2.11,https://www.icmr.gov.in/icmrobject/uploads/Report/1763981012_icmramrsnannualreport2024.pdf,2026-08-31,47.1,47.08,"rc_panel_changed(baseline=2023,added=[],dropped=[RC15])"
Klebsiella pneumoniae,RC3,ciprofloxacin,2023,61,143,42.7,2023,Table 3.11,https://www.icmr.gov.in/icmrobject/uploads/Documents/1725536060_annual_report_2023.pdf,2026-08-31,42.7,42.66,
Klebsiella pneumoniae,RC3,ciprofloxacin,2024,116,240,48.3,2024,Table 2.11,https://www.icmr.gov.in/icmrobject/uploads/Report/1763981012_icmramrsnannualreport2024.pdf,2026-08-31,48.3,48.33,"rc_panel_changed(baseline=2023,added=[],dropped=[RC15])"
Klebsiella pneumoniae,RC3,ertapenem,2023,79,143,55.2,2023,Table 3.11,https://www.icmr.gov.in/icmrobject/uploads/Documents/1725536060_annual_report_2023.pdf,2026-08-31,55.2,55.24,
Klebsiella pneumoniae,RC3,ertapenem,2024,147,240,61.3,2024,Table 2.11,https://www.icmr.gov.in/icmrobject/uploads/Report/1763981012_icmramrsnannualreport2024.pdf,2026-08-31,61.3,61.25,"rc_panel_changed(baseline=2023,added=[],dropped=[RC15])"
Klebsiella pneumoniae,RC3,imipenem,2023,80,143,55.9,2023,Table 3.11,https://www.icmr.gov.in/icmrobject/uploads/Documents/1725536060_annual_report_2023.pdf,2026-08-31,55.9,55.94,
Klebsiella pneumoniae,RC3,imipenem,2024,149,240,62.1,2024,Table 2.11,https://www.icmr.gov.in/icmrobject/uploads/Report/1763981012_icmramrsnannualreport2024.pdf,2026-08-31,62.1,62.08,"rc_panel_changed(baseline=2023,added=[],dropped=[RC15])"
Klebsiella pneumoniae,RC3,levofloxacin,2023,62,143,43.4,2023,Table 3.11,https://www.icmr.gov.in/icmrobject/uploads/Documents/1725536060_annual_report_2023.pdf,2026-08-31,43.4,43.36,
Klebsiella pneumoniae,RC3,levofloxacin,2024,120,240,50.0,2024,Table 2.11,https://www.icmr.gov.in/icmrobject/uploads/Report/1763981012_icmramrsnannualreport2024.pdf,2026-08-31,50.0,50.0,"rc_panel_changed(baseline=2023,added=[],dropped=[RC15])"
Klebsiella pneumoniae,RC3,meropenem,2023,81,143,56.6,2023,Table 3.11,https://www.icmr.gov.in/icmrobject/uploads/Documents/1725536060_annual_report_2023.pdf,2026-08-31,56.6,56.64,
Klebsiella pneumoniae,RC3,meropenem,2024,153,240,63.8,2024,Table 2.11,https://www.icmr.gov.in/icmrobject/uploads/Report/1763981012_icmramrsnannualreport2024.pdf,2026-08-31,63.8,63.75,"rc_panel_changed(baseline=2023,added=[],dropped=[RC15])"
Klebsiella pneumoniae,RC3,piperacillin-tazobactam,2023,36,143,25.2,2023,Table 3.11,https://www.icmr.gov.in/icmrobject/uploads/Documents/1725536060_annual_report_2023.pdf,2026-08-31,25.2,25.17,
Klebsiella pneumoniae,RC3,piperacillin-tazobactam,2024,57,240,23.8,2024,Table 2.11,https://www.icmr.gov.in/icmrobject/uploads/Report/1763981012_icmramrsnannualreport2024.pdf,2026-08-31,23.8,23.75,"rc_panel_changed(baseline=2023,added=[],dropped=[RC15])"
Klebsiella pneumoniae,RC4,amikacin,2023,366,1080,33.9,2023,Table 3.11,https://www.icmr.gov.in/icmrobject/uploads/Documents/1725536060_annual_report_2023.pdf,2026-08-31,33.9,33.89,
Klebsiella pneumoniae,RC4,amikacin,2024,350,799,43.8,2024,Table 2.11,https://www.icmr.gov.in/icmrobject/uploads/Report/1763981012_icmramrsnannualreport2024.pdf,2026-08-31,43.8,43.8,"rc_panel_changed(baseline=2023,added=[],dropped=[RC15])"
Klebsiella pneumoniae,RC4,cefotaxime,2023,317,1064,29.8,2023,Table 3.11,https://www.icmr.gov.in/icmrobject/uploads/Documents/1725536060_annual_report_2023.pdf,2026-08-31,29.8,29.79,
Klebsiella pneumoniae,RC4,cefotaxime,2024,0,0,,2024,Table 2.11,https://www.icmr.gov.in/icmrobject/uploads/Report/1763981012_icmramrsnannualreport2024.pdf,2026-08-31,,,"no_isolates_tested,pct_suppressed_in_source,rc_panel_changed(baseline=2023,added=[],dropped=[RC15])"
Klebsiella pneumoniae,RC4,ceftazidime,2023,371,1037,35.8,2023,Table 3.11,https://www.icmr.gov.in/icmrobject/uploads/Documents/1725536060_annual_report_2023.pdf,2026-08-31,35.8,35.78,
Klebsiella pneumoniae,RC4,ceftazidime,2024,2,3,,2024,Table 2.11,https://www.icmr.gov.in/icmrobject/uploads/Report/1763981012_icmramrsnannualreport2024.pdf,2026-08-31,,66.67,"pct_suppressed_in_source,rc_panel_changed(baseline=2023,added=[],dropped=[RC15])"
Klebsiella pneumoniae,RC4,ciprofloxacin,2023,294,1071,27.5,2023,Table 3.11,https://www.icmr.gov.in/icmrobject/uploads/Documents/1725536060_annual_report_2023.pdf,2026-08-31,27.5,27.45,
Klebsiella pneumoniae,RC4,ciprofloxacin,2024,182,548,33.2,2024,Table 2.11,https://www.icmr.gov.in/icmrobject/uploads/Report/1763981012_icmramrsnannualreport2024.pdf,2026-08-31,33.2,33.21,"rc_panel_changed(baseline=2023,added=[],dropped=[RC15])"
Klebsiella pneumoniae,RC4,ertapenem,2023,48,167,28.7,2023,Table 3.11,https://www.icmr.gov.in/icmrobject/uploads/Documents/1725536060_annual_report_2023.pdf,2026-08-31,28.7,28.74,
Klebsiella pneumoniae,RC4,ertapenem,2024,0,0,,2024,Table 2.11,https://www.icmr.gov.in/icmrobject/uploads/Report/1763981012_icmramrsnannualreport2024.pdf,2026-08-31,,,"no_isolates_tested,pct_suppressed_in_source,rc_panel_changed(baseline=2023,added=[],dropped=[RC15])"
Klebsiella pneumoniae,RC4,imipenem,2023,578,1065,54.3,2023,Table 3.11,https://www.icmr.gov.in/icmrobject/uploads/Documents/1725536060_annual_report_2023.pdf,2026-08-31,54.3,54.27,
Klebsiella pneumoniae,RC4,imipenem,2024,0,0,,2024,Table 2.11,https://www.icmr.gov.in/icmrobject/uploads/Report/1763981012_icmramrsnannualreport2024.pdf,2026-08-31,,,"no_isolates_tested,pct_suppressed_in_source,rc_panel_changed(baseline=2023,added=[],dropped=[RC15])"
Klebsiella pneumoniae,RC4,levofloxacin,2023,0,1,,2023,Table 3.11,https://www.icmr.gov.in/icmrobject/uploads/Documents/1725536060_annual_report_2023.pdf,2026-08-31,,0.0,pct_suppressed_in_source
Klebsiella pneumoniae,RC4,levofloxacin,2024,104,250,41.6,2024,Table 2.11,https://www.icmr.gov.in/icmrobject/uploads/Report/1763981012_icmramrsnannualreport2024.pdf,2026-08-31,41.6,41.6,"rc_panel_changed(baseline=2023,added=[],dropped=[RC15])"
Klebsiella pneumoniae,RC4,meropenem,2023,578,1066,54.2,2023,Table 3.11,https://www.icmr.gov.in/icmrobject/uploads/Documents/1725536060_annual_report_2023.pdf,2026-08-31,54.2,54.22,
Klebsiella pneumoniae,RC4,meropenem,2024,64,466,13.7,2024,Table 2.11,https://www.icmr.gov.in/icmrobject/uploads/Report/1763981012_icmramrsnannualreport2024.pdf,2026-08-31,13.7,13.73,"rc_panel_changed(baseline=2023,added=[],dropped=[RC15])"
Klebsiella pneumoniae,RC4,piperacillin-tazobactam,2023,427,1076,39.7,2023,Table 3.11,https://www.icmr.gov.in/icmrobject/uploads/Documents/1725536060_annual_report_2023.pdf,2026-08-31,39.7,39.68,
Klebsiella pneumoniae,RC4,piperacillin-tazobactam,2024,0,0,,2024,Table 2.11,https://www.icmr.gov.in/icmrobject/uploads/Report/1763981012_icmramrsnannualreport2024.pdf,2026-08-31,,,"no_isolates_tested,pct_suppressed_in_source,rc_panel_changed(baseline=2023,added=[],dropped=[RC15])"
Klebsiella pneumoniae,RC5,amikacin,2023,203,283,71.7,2023,Table 3.11,https://www.icmr.gov.in/icmrobject/uploads/Documents/1725536060_annual_report_2023.pdf,2026-08-31,71.7,71.73,
Klebsiella pneumoniae,RC5,amikacin,2024,350,511,68.5,2024,Table 2.11,https://www.icmr.gov.in/icmrobject/uploads/Report/1763981012_icmramrsnannualreport2024.pdf,2026-08-31,68.5,68.49,"rc_panel_changed(baseline=2023,added=[],dropped=[RC15])"
Klebsiella pneumoniae,RC5,cefotaxime,2023,23,255,9.0,2023,Table 3.11,https://www.icmr.gov.in/icmrobject/uploads/Documents/1725536060_annual_report_2023.pdf,2026-08-31,9.0,9.02,
Klebsiella pneumoniae,RC5,cefotaxime,2024,70,499,14.0,2024,Table 2.11,https://www.icmr.gov.in/icmrobject/uploads/Report/1763981012_icmramrsnannualreport2024.pdf,2026-08-31,14.0,14.03,"rc_panel_changed(baseline=2023,added=[],dropped=[RC15])"
Klebsiella pneumoniae,RC5,ceftazidime,2023,4,23,,2023,Table 3.11,https://www.icmr.gov.in/icmrobject/uploads/Documents/1725536060_annual_report_2023.pdf,2026-08-31,,17.39,pct_suppressed_in_source
Klebsiella pneumoniae,RC5,ceftazidime,2024,0,0,,2024,Table 2.11,https://www.icmr.gov.in/icmrobject/uploads/Report/1763981012_icmramrsnannualreport2024.pdf,2026-08-31,,,"no_isolates_tested,pct_suppressed_in_source,rc_panel_changed(baseline=2023,added=[],dropped=[RC15])"
Klebsiella pneumoniae,RC5,ciprofloxacin,2023,92,283,32.5,2023,Table 3.11,https://www.icmr.gov.in/icmrobject/uploads/Documents/1725536060_annual_report_2023.pdf,2026-08-31,32.5,32.51,
Klebsiella pneumoniae,RC5,ciprofloxacin,2024,187,511,36.6,2024,Table 2.11,https://www.icmr.gov.in/icmrobject/uploads/Report/1763981012_icmramrsnannualreport2024.pdf,2026-08-31,36.6,36.59,"rc_panel_changed(baseline=2023,added=[],dropped=[RC15])"
Klebsiella pneumoniae,RC5,ertapenem,2023,181,283,64.0,2023,Table 3.11,https://www.icmr.gov.in/icmrobject/uploads/Documents/1725536060_annual_report_2023.pdf,2026-08-31,64.0,63.96,
Klebsiella pneumoniae,RC5,ertapenem,2024,332,511,65.0,2024,Table 2.11,https://www.icmr.gov.in/icmrobject/uploads/Report/1763981012_icmramrsnannualreport2024.pdf,2026-08-31,65.0,64.97,"rc_panel_changed(baseline=2023,added=[],dropped=[RC15])"
Klebsiella pneumoniae,RC5,imipenem,2023,186,283,65.7,2023,Table 3.11,https://www.icmr.gov.in/icmrobject/uploads/Documents/1725536060_annual_report_2023.pdf,2026-08-31,65.7,65.72,
Klebsiella pneumoniae,RC5,imipenem,2024,330,508,65.0,2024,Table 2.11,https://www.icmr.gov.in/icmrobject/uploads/Report/1763981012_icmramrsnannualreport2024.pdf,2026-08-31,65.0,64.96,"rc_panel_changed(baseline=2023,added=[],dropped=[RC15])"
Klebsiella pneumoniae,RC5,levofloxacin,2023,0,0,,2023,Table 3.11,https://www.icmr.gov.in/icmrobject/uploads/Documents/1725536060_annual_report_2023.pdf,2026-08-31,,,"no_isolates_tested,pct_suppressed_in_source"
Klebsiella pneumoniae,RC5,levofloxacin,2024,0,0,,2024,Table 2.11,https://www.icmr.gov.in/icmrobject/uploads/Report/1763981012_icmramrsnannualreport2024.pdf,2026-08-31,,,"no_isolates_tested,pct_suppressed_in_source,rc_panel_changed(baseline=2023,added=[],dropped=[RC15])"
Klebsiella pneumoniae,RC5,meropenem,2023,186,283,65.7,2023,Table 3.11,https://www.icmr.gov.in/icmrobject/uploads/Documents/1725536060_annual_report_2023.pdf,2026-08-31,65.7,65.72,
Klebsiella pneumoniae,RC5,meropenem,2024,336,511,65.8,2024,Table 2.11,https://www.icmr.gov.in/icmrobject/uploads/Report/1763981012_icmramrsnannualreport2024.pdf,2026-08-31,65.8,65.75,"rc_panel_changed(baseline=2023,added=[],dropped=[RC15])"
Klebsiella pneumoniae,RC5,piperacillin-tazobactam,2023,148,282,52.5,2023,Table 3.11,https://www.icmr.gov.in/icmrobject/uploads/Documents/1725536060_annual_report_2023.pdf,2026-08-31,52.5,52.48,
Klebsiella pneumoniae,RC5,piperacillin-tazobactam,2024,277,511,54.2,2024,Table 2.11,https://www.icmr.gov.in/icmrobject/uploads/Report/1763981012_icmramrsnannualreport2024.pdf,2026-08-31,54.2,54.21,"rc_panel_changed(baseline=2023,added=[],dropped=[RC15])"
Klebsiella pneumoniae,RC6,amikacin,2023,115,413,27.8,2023,Table 3.11,https://www.icmr.gov.in/icmrobject/uploads/Documents/1725536060_annual_report_2023.pdf,2026-08-31,27.8,27.85,
Klebsiella pneumoniae,RC6,amikacin,2024,308,1007,30.6,2024,Table 2.11,https://www.icmr.gov.in/icmrobject/uploads/Report/1763981012_icmramrsnannualreport2024.pdf,2026-08-31,30.6,30.59,"rc_panel_changed(baseline=2023,added=[],dropped=[RC15])"
Klebsiella pneumoniae,RC6,cefotaxime,2023,2,26,,2023,Table 3.11,https://www.icmr.gov.in/icmrobject/uploads/Documents/1725536060_annual_report_2023.pdf,2026-08-31,,7.69,pct_suppressed_in_source
Klebsiella pneumoniae,RC6,cefotaxime,2024,0,1,,2024,Table 2.11,https://www.icmr.gov.in/icmrobject/uploads/Report/1763981012_icmramrsnannualreport2024.pdf,2026-08-31,,0.0,"pct_suppressed_in_source,rc_panel_changed(baseline=2023,added=[],dropped=[RC15])"
Klebsiella pneumoniae,RC6,ceftazidime,2023,0,4,,2023,Table 3.11,https://www.icmr.gov.in/icmrobject/uploads/Documents/1725536060_annual_report_2023.pdf,2026-08-31,,0.0,pct_suppressed_in_source
Klebsiella pneumoniae,RC6,ceftazidime,2024,0,10,,2024,Table 2.11,https://www.icmr.gov.in/icmrobject/uploads/Report/1763981012_icmramrsnannualreport2024.pdf,2026-08-31,,0.0,"pct_suppressed_in_source,rc_panel_changed(baseline=2023,added=[],dropped=[RC15])"
Klebsiella pneumoniae,RC6,ciprofloxacin,2023,39,413,9.4,2023,Table 3.11,https://www.icmr.gov.in/icmrobject/uploads/Documents/1725536060_annual_report_2023.pdf,2026-08-31,9.4,9.44,
Klebsiella pneumoniae,RC6,ciprofloxacin,2024,102,1007,10.1,2024,Table 2.11,https://www.icmr.gov.in/icmrobject/uploads/Report/1763981012_icmramrsnannualreport2024.pdf,2026-08-31,10.1,10.13,"rc_panel_changed(baseline=2023,added=[],dropped=[RC15])"
Klebsiella pneumoniae,RC6,ertapenem,2023,98,411,23.8,2023,Table 3.11,https://www.icmr.gov.in/icmrobject/uploads/Documents/1725536060_annual_report_2023.pdf,2026-08-31,23.8,23.84,
Klebsiella pneumoniae,RC6,ertapenem,2024,260,1007,25.8,2024,Table 2.11,https://www.icmr.gov.in/icmrobject/uploads/Report/1763981012_icmramrsnannualreport2024.pdf,2026-08-31,25.8,25.82,"rc_panel_changed(baseline=2023,added=[],dropped=[RC15])"
Klebsiella pneumoniae,RC6,imipenem,2023,105,413,25.4,2023,Table 3.11,https://www.icmr.gov.in/icmrobject/uploads/Documents/1725536060_annual_report_2023.pdf,2026-08-31,25.4,25.42,
Klebsiella pneumoniae,RC6,imipenem,2024,269,1007,26.7,2024,Table 2.11,https://www.icmr.gov.in/icmrobject/uploads/Report/1763981012_icmramrsnannualreport2024.pdf,2026-08-31,26.7,26.71,"rc_panel_changed(baseline=2023,added=[],dropped=[RC15])"
Klebsiella pneumoniae,RC6,levofloxacin,2023,0,6,,2023,Table 3.11,https://www.icmr.gov.in/icmrobject/uploads/Documents/1725536060_annual_report_2023.pdf,2026-08-31,,0.0,pct_suppressed_in_source
Klebsiella pneumoniae,RC6,levofloxacin,2024,2,32,6.3,2024,Table 2.11,https://www.icmr.gov.in/icmrobject/uploads/Report/1763981012_icmramrsnannualreport2024.pdf,2026-08-31,6.3,6.25,"rc_panel_changed(baseline=2023,added=[],dropped=[RC15])"
Klebsiella pneumoniae,RC6,meropenem,2023,104,413,25.2,2023,Table 3.11,https://www.icmr.gov.in/icmrobject/uploads/Documents/1725536060_annual_report_2023.pdf,2026-08-31,25.2,25.18,
Klebsiella pneumoniae,RC6,meropenem,2024,280,1007,27.8,2024,Table 2.11,https://www.icmr.gov.in/icmrobject/uploads/Report/1763981012_icmramrsnannualreport2024.pdf,2026-08-31,27.8,27.81,"rc_panel_changed(baseline=2023,added=[],dropped=[RC15])"
Klebsiella pneumoniae,RC6,piperacillin-tazobactam,2023,78,413,18.9,2023,Table 3.11,https://www.icmr.gov.in/icmrobject/uploads/Documents/1725536060_annual_report_2023.pdf,2026-08-31,18.9,18.89,
Klebsiella pneumoniae,RC6,piperacillin-tazobactam,2024,195,1006,19.4,2024,Table 2.11,https://www.icmr.gov.in/icmrobject/uploads/Report/1763981012_icmramrsnannualreport2024.pdf,2026-08-31,19.4,19.38,"rc_panel_changed(baseline=2023,added=[],dropped=[RC15])"
Klebsiella pneumoniae,RC7,amikacin,2023,55,143,38.5,2023,Table 3.11,https://www.icmr.gov.in/icmrobject/uploads/Documents/1725536060_annual_report_2023.pdf,2026-08-31,38.5,38.46,
Klebsiella pneumoniae,RC7,amikacin,2024,113,321,35.2,2024,Table 2.11,https://www.icmr.gov.in/icmrobject/uploads/Report/1763981012_icmramrsnannualreport2024.pdf,2026-08-31,35.2,35.2,"rc_panel_changed(baseline=2023,added=[],dropped=[RC15])"
Klebsiella pneumoniae,RC7,cefotaxime,2023,5,52,9.6,2023,Table 3.11,https://www.icmr.gov.in/icmrobject/uploads/Documents/1725536060_annual_report_2023.pdf,2026-08-31,9.6,9.62,
Klebsiella pneumoniae,RC7,cefotaxime,2024,17,70,24.3,2024,Table 2.11,https://www.icmr.gov.in/icmrobject/uploads/Report/1763981012_icmramrsnannualreport2024.pdf,2026-08-31,24.3,24.29,"rc_panel_changed(baseline=2023,added=[],dropped=[RC15])"
Klebsiella pneumoniae,RC7,ceftazidime,2023,14,40,35.0,2023,Table 3.11,https://www.icmr.gov.in/icmrobject/uploads/Documents/1725536060_annual_report_2023.pdf,2026-08-31,35.0,35.0,
Klebsiella pneumoniae,RC7,ceftazidime,2024,15,78,19.2,2024,Table 2.11,https://www.icmr.gov.in/icmrobject/uploads/Report/1763981012_icmramrsnannualreport2024.pdf,2026-08-31,19.2,19.23,"rc_panel_changed(baseline=2023,added=[],dropped=[RC15])"
Klebsiella pneumoniae,RC7,ciprofloxacin,2023,24,142,16.9,2023,Table 3.11,https://www.icmr.gov.in/icmrobject/uploads/Documents/1725536060_annual_report_2023.pdf,2026-08-31,16.9,16.9,
Klebsiella pneumoniae,RC7,ciprofloxacin,2024,54,321,16.8,2024,Table 2.11,https://www.icmr.gov.in/icmrobject/uploads/Report/1763981012_icmramrsnannualreport2024.pdf,2026-08-31,16.8,16.82,"rc_panel_changed(baseline=2023,added=[],dropped=[RC15])"
Klebsiella pneumoniae,RC7,ertapenem,2023,38,115,33.0,2023,Table 3.11,https://www.icmr.gov.in/icmrobject/uploads/Documents/1725536060_annual_report_2023.pdf,2026-08-31,33.0,33.04,
Klebsiella pneumoniae,RC7,ertapenem,2024,85,305,27.9,2024,Table 2.11,https://www.icmr.gov.in/icmrobject/uploads/Report/1763981012_icmramrsnannualreport2024.pdf,2026-08-31,27.9,27.87,"rc_panel_changed(baseline=2023,added=[],dropped=[RC15])"
Klebsiella pneumoniae,RC7,imipenem,2023,39,138,28.3,2023,Table 3.11,https://www.icmr.gov.in/icmrobject/uploads/Documents/1725536060_annual_report_2023.pdf,2026-08-31,28.3,28.26,
Klebsiella pneumoniae,RC7,imipenem,2024,90,308,29.2,2024,Table 2.11,https://www.icmr.gov.in/icmrobject/uploads/Report/1763981012_icmramrsnannualreport2024.pdf,2026-08-31,29.2,29.22,"rc_panel_changed(baseline=2023,added=[],dropped=[RC15])"
Klebsiella pneumoniae,RC7,levofloxacin,2023,1,16,0.0,2023,Table 3.11,https://www.icmr.gov.in/icmrobject/uploads/Documents/1725536060_annual_report_2023.pdf,2026-08-31,0.0,6.25,"pct_mismatch(reported=0.0,computed=6.25)"
Klebsiella pneumoniae,RC7,levofloxacin,2024,5,64,7.8,2024,Table 2.11,https://www.icmr.gov.in/icmrobject/uploads/Report/1763981012_icmramrsnannualreport2024.pdf,2026-08-31,7.8,7.81,"rc_panel_changed(baseline=2023,added=[],dropped=[RC15])"
Klebsiella pneumoniae,RC7,meropenem,2023,41,142,28.9,2023,Table 3.11,https://www.icmr.gov.in/icmrobject/uploads/Documents/1725536060_annual_report_2023.pdf,2026-08-31,28.9,28.87,
Klebsiella pneumoniae,RC7,meropenem,2024,103,321,32.1,2024,Table 2.11,https://www.icmr.gov.in/icmrobject/uploads/Report/1763981012_icmramrsnannualreport2024.pdf,2026-08-31,32.1,32.09,"rc_panel_changed(baseline=2023,added=[],dropped=[RC15])"
Klebsiella pneumoniae,RC7,piperacillin-tazobactam,2023,34,138,24.6,2023,Table 3.11,https://www.icmr.gov.in/icmrobject/uploads/Documents/1725536060_annual_report_2023.pdf,2026-08-31,24.6,24.64,
Klebsiella pneumoniae,RC7,piperacillin-tazobactam,2024,84,314,26.8,2024,Table 2.11,https://www.icmr.gov.in/icmrobject/uploads/Report/1763981012_icmramrsnannualreport2024.pdf,2026-08-31,26.8,26.75,"rc_panel_changed(baseline=2023,added=[],dropped=[RC15])"
Klebsiella pneumoniae,RC8,amikacin,2023,109,279,39.1,2023,Table 3.11,https://www.icmr.gov.in/icmrobject/uploads/Documents/1725536060_annual_report_2023.pdf,2026-08-31,39.1,39.07,
Klebsiella pneumoniae,RC8,amikacin,2024,419,699,59.9,2024,Table 2.11,https://www.icmr.gov.in/icmrobject/uploads/Report/1763981012_icmramrsnannualreport2024.pdf,2026-08-31,59.9,59.94,"rc_panel_changed(baseline=2023,added=[],dropped=[RC15])"
Klebsiella pneumoniae,RC8,cefotaxime,2023,64,274,23.4,2023,Table 3.11,https://www.icmr.gov.in/icmrobject/uploads/Documents/1725536060_annual_report_2023.pdf,2026-08-31,23.4,23.36,
Klebsiella pneumoniae,RC8,cefotaxime,2024,271,697,38.9,2024,Table 2.11,https://www.icmr.gov.in/icmrobject/uploads/Report/1763981012_icmramrsnannualreport2024.pdf,2026-08-31,38.9,38.88,"rc_panel_changed(baseline=2023,added=[],dropped=[RC15])"
Klebsiella pneumoniae,RC8,ceftazidime,2023,74,279,26.5,2023,Table 3.11,https://www.icmr.gov.in/icmrobject/uploads/Documents/1725536060_annual_report_2023.pdf,2026-08-31,26.5,26.52,
Klebsiella pneumoniae,RC8,ceftazidime,2024,290,695,41.7,2024,Table 2.11,https://www.icmr.gov.in/icmrobject/uploads/Report/1763981012_icmramrsnannualreport2024.pdf,2026-08-31,41.7,41.73,"rc_panel_changed(baseline=2023,added=[],dropped=[RC15])"
Klebsiella pneumoniae,RC8,ciprofloxacin,2023,59,279,21.1,2023,Table 3.11,https://www.icmr.gov.in/icmrobject/uploads/Documents/1725536060_annual_report_2023.pdf,2026-08-31,21.1,21.15,
Klebsiella pneumoniae,RC8,ciprofloxacin,2024,244,699,34.9,2024,Table 2.11,https://www.icmr.gov.in/icmrobject/uploads/Report/1763981012_icmramrsnannualreport2024.pdf,2026-08-31,34.9,34.91,"rc_panel_changed(baseline=2023,added=[],dropped=[RC15])"
Klebsiella pneumoniae,RC8,ertapenem,2023,96,275,34.9,2023,Table 3.11,https://www.icmr.gov.in/icmrobject/uploads/Documents/1725536060_annual_report_2023.pdf,2026-08-31,34.9,34.91,
Klebsiella pneumoniae,RC8,ertapenem,2024,400,697,57.4,2024,Table 2.11,https://www.icmr.gov.in/icmrobject/uploads/Report/1763981012_icmramrsnannualreport2024.pdf,2026-08-31,57.4,57.39,"rc_panel_changed(baseline=2023,added=[],dropped=[RC15])"
Klebsiella pneumoniae,RC8,imipenem,2023,102,279,36.6,2023,Table 3.11,https://www.icmr.gov.in/icmrobject/uploads/Documents/1725536060_annual_report_2023.pdf,2026-08-31,36.6,36.56,
Klebsiella pneumoniae,RC8,imipenem,2024,367,697,52.7,2024,Table 2.11,https://www.icmr.gov.in/icmrobject/uploads/Report/1763981012_icmramrsnannualreport2024.pdf,2026-08-31,52.7,52.65,"rc_panel_changed(baseline=2023,added=[],dropped=[RC15])"
Klebsiella pneumoniae,RC8,levofloxacin,2023,57,277,20.6,2023,Table 3.11,https://www.icmr.gov.in/icmrobject/uploads/Documents/1725536060_annual_report_2023.pdf,2026-08-31,20.6,20.58,
Klebsiella pneumoniae,RC8,levofloxacin,2024,247,697,35.4,2024,Table 2.11,https://www.icmr.gov.in/icmrobject/uploads/Report/1763981012_icmramrsnannualreport2024.pdf,2026-08-31,35.4,35.44,"rc_panel_changed(baseline=2023,added=[],dropped=[RC15])"
Klebsiella pneumoniae,RC8,meropenem,2023,105,279,37.6,2023,Table 3.11,https://www.icmr.gov.in/icmrobject/uploads/Documents/1725536060_annual_report_2023.pdf,2026-08-31,37.6,37.63,
Klebsiella pneumoniae,RC8,meropenem,2024,404,699,57.8,2024,Table 2.11,https://www.icmr.gov.in/icmrobject/uploads/Report/1763981012_icmramrsnannualreport2024.pdf,2026-08-31,57.8,57.8,"rc_panel_changed(baseline=2023,added=[],dropped=[RC15])"
Klebsiella pneumoniae,RC8,piperacillin-tazobactam,2023,84,279,30.1,2023,Table 3.11,https://www.icmr.gov.in/icmrobject/uploads/Documents/1725536060_annual_report_2023.pdf,2026-08-31,30.1,30.11,
Klebsiella pneumoniae,RC8,piperacillin-tazobactam,2024,355,696,51.0,2024,Table 2.11,https://www.icmr.gov.in/icmrobject/uploads/Report/1763981012_icmramrsnannualreport2024.pdf,2026-08-31,51.0,51.01,"rc_panel_changed(baseline=2023,added=[],dropped=[RC15])"
Klebsiella pneumoniae,RC9,amikacin,2023,102,251,40.6,2023,Table 3.11,https://www.icmr.gov.in/icmrobject/uploads/Documents/1725536060_annual_report_2023.pdf,2026-08-31,40.6,40.64,
Klebsiella pneumoniae,RC9,amikacin,2024,244,504,48.4,2024,Table 2.11,https://www.icmr.gov.in/icmrobject/uploads/Report/1763981012_icmramrsnannualreport2024.pdf,2026-08-31,48.4,48.41,"rc_panel_changed(baseline=2023,added=[],dropped=[RC15])"
Klebsiella pneumoniae,RC9,cefotaxime,2023,66,249,26.5,2023,Table 3.11,https://www.icmr.gov.in/icmrobject/uploads/Documents/1725536060_annual_report_2023.pdf,2026-08-31,26.5,26.51,
Klebsiella pneumoniae,RC9,cefotaxime,2024,170,497,34.2,2024,Table 2.11,https://www.icmr.gov.in/icmrobject/uploads/Report/1763981012_icmramrsnannualreport2024.pdf,2026-08-31,34.2,34.21,"rc_panel_changed(baseline=2023,added=[],dropped=[RC15])"
Klebsiella pneumoniae,RC9,ceftazidime,2023,73,250,29.2,2023,Table 3.11,https://www.icmr.gov.in/icmrobject/uploads/Documents/1725536060_annual_report_2023.pdf,2026-08-31,29.2,29.2,
Klebsiella pneumoniae,RC9,ceftazidime,2024,172,501,34.3,2024,Table 2.11,https://www.icmr.gov.in/icmrobject/uploads/Report/1763981012_icmramrsnannualreport2024.pdf,2026-08-31,34.3,34.33,"rc_panel_changed(baseline=2023,added=[],dropped=[RC15])"
Klebsiella pneumoniae,RC9,ciprofloxacin,2023,58,251,23.1,2023,Table 3.11,https://www.icmr.gov.in/icmrobject/uploads/Documents/1725536060_annual_report_2023.pdf,2026-08-31,23.1,23.11,
Klebsiella pneumoniae,RC9,ciprofloxacin,2024,165,504,32.7,2024,Table 2.11,https://www.icmr.gov.in/icmrobject/uploads/Report/1763981012_icmramrsnannualreport2024.pdf,2026-08-31,32.7,32.74,"rc_panel_changed(baseline=2023,added=[],dropped=[RC15])"
Klebsiella pneumoniae,RC9,ertapenem,2023,95,251,37.8,2023,Table 3.11,https://www.icmr.gov.in/icmrobject/uploads/Documents/1725536060_annual_report_2023.pdf,2026-08-31,37.8,37.85,
Klebsiella pneumoniae,RC9,ertapenem,2024,210,484,43.4,2024,Table 2.11,https://www.icmr.gov.in/icmrobject/uploads/Report/1763981012_icmramrsnannualreport2024.pdf,2026-08-31,43.4,43.39,"rc_panel_changed(baseline=2023,added=[],dropped=[RC15])"
Klebsiella pneumoniae,RC9,imipenem,2023,85,251,33.9,2023,Table 3.11,https://www.icmr.gov.in/icmrobject/uploads/Documents/1725536060_annual_report_2023.pdf,2026-08-31,33.9,33.86,
Klebsiella pneumoniae,RC9,imipenem,2024,176,502,35.1,2024,Table 2.11,https://www.icmr.gov.in/icmrobject/uploads/Report/1763981012_icmramrsnannualreport2024.pdf,2026-08-31,35.1,35.06,"rc_panel_changed(baseline=2023,added=[],dropped=[RC15])"
Klebsiella pneumoniae,RC9,levofloxacin,2023,91,250,36.4,2023,Table 3.11,https://www.icmr.gov.in/icmrobject/uploads/Documents/1725536060_annual_report_2023.pdf,2026-08-31,36.4,36.4,
Klebsiella pneumoniae,RC9,levofloxacin,2024,202,492,41.1,2024,Table 2.11,https://www.icmr.gov.in/icmrobject/uploads/Report/1763981012_icmramrsnannualreport2024.pdf,2026-08-31,41.1,41.06,"rc_panel_changed(baseline=2023,added=[],dropped=[RC15])"
Klebsiella pneumoniae,RC9,meropenem,2023,101,251,40.2,2023,Table 3.11,https://www.icmr.gov.in/icmrobject/uploads/Documents/1725536060_annual_report_2023.pdf,2026-08-31,40.2,40.24,
Klebsiella pneumoniae,RC9,meropenem,2024,240,504,47.6,2024,Table 2.11,https://www.icmr.gov.in/icmrobject/uploads/Report/1763981012_icmramrsnannualreport2024.pdf,2026-08-31,47.6,47.62,"rc_panel_changed(baseline=2023,added=[],dropped=[RC15])"
Klebsiella pneumoniae,RC9,piperacillin-tazobactam,2023,93,251,37.1,2023,Table 3.11,https://www.icmr.gov.in/icmrobject/uploads/Documents/1725536060_annual_report_2023.pdf,2026-08-31,37.1,37.05,
Klebsiella pneumoniae,RC9,piperacillin-tazobactam,2024,216,501,43.1,2024,Table 2.11,https://www.icmr.gov.in/icmrobject/uploads/Report/1763981012_icmramrsnannualreport2024.pdf,2026-08-31,43.1,43.11,"rc_panel_changed(baseline=2023,added=[],dropped=[RC15])"
Klebsiella pneumoniae,RC10,amikacin,2023,268,476,56.3,2023,Table 3.11,https://www.icmr.gov.in/icmrobject/uploads/Documents/1725536060_annual_report_2023.pdf,2026-08-31,56.3,56.3,
Klebsiella pneumoniae,RC10,amikacin,2024,575,1005,57.2,2024,Table 2.11,https://www.icmr.gov.in/icmrobject/uploads/Report/1763981012_icmramrsnannualreport2024.pdf,2026-08-31,57.2,57.21,"rc_panel_changed(baseline=2023,added=[],dropped=[RC15])"
Klebsiella pneumoniae,RC10,cefotaxime,2023,169,475,35.6,2023,Table 3.11,https://www.icmr.gov.in/icmrobject/uploads/Documents/1725536060_annual_report_2023.pdf,2026-08-31,35.6,35.58,
Klebsiella pneumoniae,RC10,cefotaxime,2024,441,1000,44.1,2024,Table 2.11,https://www.icmr.gov.in/icmrobject/uploads/Report/1763981012_icmramrsnannualreport2024.pdf,2026-08-31,44.1,44.1,"rc_panel_changed(baseline=2023,added=[],dropped=[RC15])"
Klebsiella pneumoniae,RC10,ceftazidime,2023,0,1,,2023,Table 3.11,https://www.icmr.gov.in/icmrobject/uploads/Documents/1725536060_annual_report_2023.pdf,2026-08-31,,0.0,pct_suppressed_in_source
Klebsiella pneumoniae,RC10,ceftazidime,2024,3,5,,2024,Table 2.11,https://www.icmr.gov.in/icmrobject/uploads/Report/1763981012_icmramrsnannualreport2024.pdf,2026-08-31,,60.0,"pct_suppressed_in_source,rc_panel_changed(baseline=2023,added=[],dropped=[RC15])"
Klebsiella pneumoniae,RC10,ciprofloxacin,2023,142,476,29.8,2023,Table 3.11,https://www.icmr.gov.in/icmrobject/uploads/Documents/1725536060_annual_report_2023.pdf,2026-08-31,29.8,29.83,
Klebsiella pneumoniae,RC10,ciprofloxacin,2024,383,1004,38.1,2024,Table 2.11,https://www.icmr.gov.in/icmrobject/uploads/Report/1763981012_icmramrsnannualreport2024.pdf,2026-08-31,38.1,38.15,"rc_panel_changed(baseline=2023,added=[],dropped=[RC15])"
Klebsiella pneumoniae,RC10,ertapenem,2023,264,476,55.5,2023,Table 3.11,https://www.icmr.gov.in/icmrobject/uploads/Documents/1725536060_annual_report_2023.pdf,2026-08-31,55.5,55.46,
Klebsiella pneumoniae,RC10,ertapenem,2024,618,1003,61.6,2024,Table 2.11,https://www.icmr.gov.in/icmrobject/uploads/Report/1763981012_icmramrsnannualreport2024.pdf,2026-08-31,61.6,61.62,"rc_panel_changed(baseline=2023,added=[],dropped=[RC15])"
Klebsiella pneumoniae,RC10,imipenem,2023,169,373,45.3,2023,Table 3.11,https://www.icmr.gov.in/icmrobject/uploads/Documents/1725536060_annual_report_2023.pdf,2026-08-31,45.3,45.31,
Klebsiella pneumoniae,RC10,imipenem,2024,618,1004,61.6,2024,Table 2.11,https://www.icmr.gov.in/icmrobject/uploads/Report/1763981012_icmramrsnannualreport2024.pdf,2026-08-31,61.6,61.55,"rc_panel_changed(baseline=2023,added=[],dropped=[RC15])"
Klebsiella pneumoniae,RC10,levofloxacin,2023,0,0,,2023,Table 3.11,https://www.icmr.gov.in/icmrobject/uploads/Documents/1725536060_annual_report_2023.pdf,2026-08-31,,,"no_isolates_tested,pct_suppressed_in_source"
Klebsiella pneumoniae,RC10,levofloxacin,2024,1,2,,2024,Table 2.11,https://www.icmr.gov.in/icmrobject/uploads/Report/1763981012_icmramrsnannualreport2024.pdf,2026-08-31,,50.0,"pct_suppressed_in_source,rc_panel_changed(baseline=2023,added=[],dropped=[RC15])"
Klebsiella pneumoniae,RC10,meropenem,2023,269,476,56.5,2023,Table 3.11,https://www.icmr.gov.in/icmrobject/uploads/Documents/1725536060_annual_report_2023.pdf,2026-08-31,56.5,56.51,
Klebsiella pneumoniae,RC10,meropenem,2024,619,1003,61.7,2024,Table 2.11,https://www.icmr.gov.in/icmrobject/uploads/Report/1763981012_icmramrsnannualreport2024.pdf,2026-08-31,61.7,61.71,"rc_panel_changed(baseline=2023,added=[],dropped=[RC15])"
Klebsiella pneumoniae,RC10,piperacillin-tazobactam,2023,188,474,39.7,2023,Table 3.11,https://www.icmr.gov.in/icmrobject/uploads/Documents/1725536060_annual_report_2023.pdf,2026-08-31,39.7,39.66,
Klebsiella pneumoniae,RC10,piperacillin-tazobactam,2024,435,996,43.7,2024,Table 2.11,https://www.icmr.gov.in/icmrobject/uploads/Report/1763981012_icmramrsnannualreport2024.pdf,2026-08-31,43.7,43.67,"rc_panel_changed(baseline=2023,added=[],dropped=[RC15])"
Klebsiella pneumoniae,RC11,amikacin,2023,33,290,11.4,2023,Table 3.11,https://www.icmr.gov.in/icmrobject/uploads/Documents/1725536060_annual_report_2023.pdf,2026-08-31,11.4,11.38,
Klebsiella pneumoniae,RC11,amikacin,2024,59,440,13.4,2024,Table 2.11,https://www.icmr.gov.in/icmrobject/uploads/Report/1763981012_icmramrsnannualreport2024.pdf,2026-08-31,13.4,13.41,"rc_panel_changed(baseline=2023,added=[],dropped=[RC15])"
Klebsiella pneumoniae,RC11,cefotaxime,2023,19,287,6.6,2023,Table 3.11,https://www.icmr.gov.in/icmrobject/uploads/Documents/1725536060_annual_report_2023.pdf,2026-08-31,6.6,6.62,
Klebsiella pneumoniae,RC11,cefotaxime,2024,37,440,8.4,2024,Table 2.11,https://www.icmr.gov.in/icmrobject/uploads/Report/1763981012_icmramrsnannualreport2024.pdf,2026-08-31,8.4,8.41,"rc_panel_changed(baseline=2023,added=[],dropped=[RC15])"
Klebsiella pneumoniae,RC11,ceftazidime,2023,24,287,8.4,2023,Table 3.11,https://www.icmr.gov.in/icmrobject/uploads/Documents/1725536060_annual_report_2023.pdf,2026-08-31,8.4,8.36,
Klebsiella pneumoniae,RC11,ceftazidime,2024,41,439,9.3,2024,Table 2.11,https://www.icmr.gov.in/icmrobject/uploads/Report/1763981012_icmramrsnannualreport2024.pdf,2026-08-31,9.3,9.34,"rc_panel_changed(baseline=2023,added=[],dropped=[RC15])"
Klebsiella pneumoniae,RC11,ciprofloxacin,2023,15,289,5.2,2023,Table 3.11,https://www.icmr.gov.in/icmrobject/uploads/Documents/1725536060_annual_report_2023.pdf,2026-08-31,5.2,5.19,
Klebsiella pneumoniae,RC11,ciprofloxacin,2024,33,440,7.5,2024,Table 2.11,https://www.icmr.gov.in/icmrobject/uploads/Report/1763981012_icmramrsnannualreport2024.pdf,2026-08-31,7.5,7.5,"rc_panel_changed(baseline=2023,added=[],dropped=[RC15])"
Klebsiella pneumoniae,RC11,ertapenem,2023,25,222,11.3,2023,Table 3.11,https://www.icmr.gov.in/icmrobject/uploads/Documents/1725536060_annual_report_2023.pdf,2026-08-31,11.3,11.26,
Klebsiella pneumoniae,RC11,ertapenem,2024,44,279,15.8,2024,Table 2.11,https://www.icmr.gov.in/icmrobject/uploads/Report/1763981012_icmramrsnannualreport2024.pdf,2026-08-31,15.8,15.77,"rc_panel_changed(baseline=2023,added=[],dropped=[RC15])"
Klebsiella pneumoniae,RC11,imipenem,2023,47,289,16.3,2023,Table 3.11,https://www.icmr.gov.in/icmrobject/uploads/Documents/1725536060_annual_report_2023.pdf,2026-08-31,16.3,16.26,
Klebsiella pneumoniae,RC11,imipenem,2024,91,442,20.6,2024,Table 2.11,https://www.icmr.gov.in/icmrobject/uploads/Report/1763981012_icmramrsnannualreport2024.pdf,2026-08-31,20.6,20.59,"rc_panel_changed(baseline=2023,added=[],dropped=[RC15])"
Klebsiella pneumoniae,RC11,levofloxacin,2023,23,282,8.2,2023,Table 3.11,https://www.icmr.gov.in/icmrobject/uploads/Documents/1725536060_annual_report_2023.pdf,2026-08-31,8.2,8.16,
Klebsiella pneumoniae,RC11,levofloxacin,2024,48,438,11.0,2024,Table 2.11,https://www.icmr.gov.in/icmrobject/uploads/Report/1763981012_icmramrsnannualreport2024.pdf,2026-08-31,11.0,10.96,"rc_panel_changed(baseline=2023,added=[],dropped=[RC15])"
Klebsiella pneumoniae,RC11,meropenem,2023,47,289,16.3,2023,Table 3.11,https://www.icmr.gov.in/icmrobject/uploads/Documents/1725536060_annual_report_2023.pdf,2026-08-31,16.3,16.26,
Klebsiella pneumoniae,RC11,meropenem,2024,90,440,20.5,2024,Table 2.11,https://www.icmr.gov.in/icmrobject/uploads/Report/1763981012_icmramrsnannualreport2024.pdf,2026-08-31,20.5,20.45,"rc_panel_changed(baseline=2023,added=[],dropped=[RC15])"
Klebsiella pneumoniae,RC11,piperacillin-tazobactam,2023,20,287,7.0,2023,Table 3.11,https://www.icmr.gov.in/icmrobject/uploads/Documents/1725536060_annual_report_2023.pdf,2026-08-31,7.0,6.97,
Klebsiella pneumoniae,RC11,piperacillin-tazobactam,2024,60,438,13.7,2024,Table 2.11,https://www.icmr.gov.in/icmrobject/uploads/Report/1763981012_icmramrsnannualreport2024.pdf,2026-08-31,13.7,13.7,"rc_panel_changed(baseline=2023,added=[],dropped=[RC15])"
Klebsiella pneumoniae,RC12,amikacin,2023,36,189,19.0,2023,Table 3.11,https://www.icmr.gov.in/icmrobject/uploads/Documents/1725536060_annual_report_2023.pdf,2026-08-31,19.0,19.05,
Klebsiella pneumoniae,RC12,amikacin,2024,37,140,26.4,2024,Table 2.11,https://www.icmr.gov.in/icmrobject/uploads/Report/1763981012_icmramrsnannualreport2024.pdf,2026-08-31,26.4,26.43,"rc_panel_changed(baseline=2023,added=[],dropped=[RC15])"
Klebsiella pneumoniae,RC12,cefotaxime,2023,6,157,3.8,2023,Table 3.11,https://www.icmr.gov.in/icmrobject/uploads/Documents/1725536060_annual_report_2023.pdf,2026-08-31,3.8,3.82,
Klebsiella pneumoniae,RC12,cefotaxime,2024,2,95,2.1,2024,Table 2.11,https://www.icmr.gov.in/icmrobject/uploads/Report/1763981012_icmramrsnannualreport2024.pdf,2026-08-31,2.1,2.11,"rc_panel_changed(baseline=2023,added=[],dropped=[RC15])"
Klebsiella pneumoniae,RC12,ceftazidime,2023,17,178,9.6,2023,Table 3.11,https://www.icmr.gov.in/icmrobject/uploads/Documents/1725536060_annual_report_2023.pdf,2026-08-31,9.6,9.55,
Klebsiella pneumoniae,RC12,ceftazidime,2024,16,135,11.9,2024,Table 2.11,https://www.icmr.gov.in/icmrobject/uploads/Report/1763981012_icmramrsnannualreport2024.pdf,2026-08-31,11.9,11.85,"rc_panel_changed(baseline=2023,added=[],dropped=[RC15])"
Klebsiella pneumoniae,RC12,ciprofloxacin,2023,11,188,5.9,2023,Table 3.11,https://www.icmr.gov.in/icmrobject/uploads/Documents/1725536060_annual_report_2023.pdf,2026-08-31,5.9,5.85,
Klebsiella pneumoniae,RC12,ciprofloxacin,2024,15,139,10.8,2024,Table 2.11,https://www.icmr.gov.in/icmrobject/uploads/Report/1763981012_icmramrsnannualreport2024.pdf,2026-08-31,10.8,10.79,"rc_panel_changed(baseline=2023,added=[],dropped=[RC15])"
Klebsiella pneumoniae,RC12,ertapenem,2023,27,179,15.1,2023,Table 3.11,https://www.icmr.gov.in/icmrobject/uploads/Documents/1725536060_annual_report_2023.pdf,2026-08-31,15.1,15.08,
Klebsiella pneumoniae,RC12,ertapenem,2024,32,136,23.5,2024,Table 2.11,https://www.icmr.gov.in/icmrobject/uploads/Report/1763981012_icmramrsnannualreport2024.pdf,2026-08-31,23.5,23.53,"rc_panel_changed(baseline=2023,added=[],dropped=[RC15])"
Klebsiella pneumoniae,RC12,imipenem,2023,29,188,15.4,2023,Table 3.11,https://www.icmr.gov.in/icmrobject/uploads/Documents/1725536060_annual_report_2023.pdf,2026-08-31,15.4,15.43,
Klebsiella pneumoniae,RC12,imipenem,2024,29,139,20.9,2024,Table 2.11,https://www.icmr.gov.in/icmrobject/uploads/Report/1763981012_icmramrsnannualreport2024.pdf,2026-08-31,20.9,20.86,"rc_panel_changed(baseline=2023,added=[],dropped=[RC15])"
Klebsiella pneumoniae,RC12,levofloxacin,2023,19,166,11.4,2023,Table 3.11,https://www.icmr.gov.in/icmrobject/uploads/Documents/1725536060_annual_report_2023.pdf,2026-08-31,11.4,11.45,
Klebsiella pneumoniae,RC12,levofloxacin,2024,15,133,11.3,2024,Table 2.11,https://www.icmr.gov.in/icmrobject/uploads/Report/1763981012_icmramrsnannualreport2024.pdf,2026-08-31,11.3,11.28,"rc_panel_changed(baseline=2023,added=[],dropped=[RC15])"
Klebsiella pneumoniae,RC12,meropenem,2023,31,188,16.5,2023,Table 3.11,https://www.icmr.gov.in/icmrobject/uploads/Documents/1725536060_annual_report_2023.pdf,2026-08-31,16.5,16.49,
Klebsiella pneumoniae,RC12,meropenem,2024,25,139,18.0,2024,Table 2.11,https://www.icmr.gov.in/icmrobject/uploads/Report/1763981012_icmramrsnannualreport2024.pdf,2026-08-31,18.0,17.99,"rc_panel_changed(baseline=2023,added=[],dropped=[RC15])"
Klebsiella pneumoniae,RC12,piperacillin-tazobactam,2023,24,187,12.8,2023,Table 3.11,https://www.icmr.gov.in/icmrobject/uploads/Documents/1725536060_annual_report_2023.pdf,2026-08-31,12.8,12.83,
Klebsiella pneumoniae,RC12,piperacillin-tazobactam,2024,19,139,13.7,2024,Table 2.11,https://www.icmr.gov.in/icmrobject/uploads/Report/1763981012_icmramrsnannualreport2024.pdf,2026-08-31,13.7,13.67,"rc_panel_changed(baseline=2023,added=[],dropped=[RC15])"
Klebsiella pneumoniae,RC13,amikacin,2023,23,81,28.4,2023,Table 3.11,https://www.icmr.gov.in/icmrobject/uploads/Documents/1725536060_annual_report_2023.pdf,2026-08-31,28.4,28.4,
Klebsiella pneumoniae,RC13,amikacin,2024,5,90,5.6,2024,Table 2.11,https://www.icmr.gov.in/icmrobject/uploads/Report/1763981012_icmramrsnannualreport2024.pdf,2026-08-31,5.6,5.56,"rc_panel_changed(baseline=2023,added=[],dropped=[RC15])"
Klebsiella pneumoniae,RC13,cefotaxime,2023,18,81,22.2,2023,Table 3.11,https://www.icmr.gov.in/icmrobject/uploads/Documents/1725536060_annual_report_2023.pdf,2026-08-31,22.2,22.22,
Klebsiella pneumoniae,RC13,cefotaxime,2024,0,55,0.0,2024,Table 2.11,https://www.icmr.gov.in/icmrobject/uploads/Report/1763981012_icmramrsnannualreport2024.pdf,2026-08-31,0.0,0.0,"rc_panel_changed(baseline=2023,added=[],dropped=[RC15])"
Klebsiella pneumoniae,RC13,ceftazidime,2023,2,12,,2023,Table 3.11,https://www.icmr.gov.in/icmrobject/uploads/Documents/1725536060_annual_report_2023.pdf,2026-08-31,,16.67,pct_suppressed_in_source
Klebsiella pneumoniae,RC13,ceftazidime,2024,1,36,2.8,2024,Table 2.11,https://www.icmr.gov.in/icmrobject/uploads/Report/1763981012_icmramrsnannualreport2024.pdf,2026-08-31,2.8,2.78,"rc_panel_changed(baseline=2023,added=[],dropped=[RC15])"
Klebsiella pneumoniae,RC13,ciprofloxacin,2023,3,81,3.7,2023,Table 3.11,https://www.icmr.gov.in/icmrobject/uploads/Documents/1725536060_annual_report_2023.pdf,2026-08-31,3.7,3.7,
Klebsiella pneumoniae,RC13,ciprofloxacin,2024,0,90,0.0,2024,Table 2.11,https://www.icmr.gov.in/icmrobject/uploads/Report/1763981012_icmramrsnannualreport2024.pdf,2026-08-31,0.0,0.0,"rc_panel_changed(baseline=2023,added=[],dropped=[RC15])"
Klebsiella pneumoniae,RC13,ertapenem,2023,5,27,,2023,Table 3.11,https://www.icmr.gov.in/icmrobject/uploads/Documents/1725536060_annual_report_2023.pdf,2026-08-31,,18.52,pct_suppressed_in_source
Klebsiella pneumoniae,RC13,ertapenem,2024,0,17,,2024,Table 2.11,https://www.icmr.gov.in/icmrobject/uploads/Report/1763981012_icmramrsnannualreport2024.pdf,2026-08-31,,0.0,"pct_suppressed_in_source,rc_panel_changed(baseline=2023,added=[],dropped=[RC15])"
Klebsiella pneumoniae,RC13,imipenem,2023,25,81,30.9,2023,Table 3.11,https://www.icmr.gov.in/icmrobject/uploads/Documents/1725536060_annual_report_2023.pdf,2026-08-31,30.9,30.86,
Klebsiella pneumoniae,RC13,imipenem,2024,7,89,7.9,2024,Table 2.11,https://www.icmr.gov.in/icmrobject/uploads/Report/1763981012_icmramrsnannualreport2024.pdf,2026-08-31,7.9,7.87,"rc_panel_changed(baseline=2023,added=[],dropped=[RC15])"
Klebsiella pneumoniae,RC13,levofloxacin,2023,8,52,15.4,2023,Table 3.11,https://www.icmr.gov.in/icmrobject/uploads/Documents/1725536060_annual_report_2023.pdf,2026-08-31,15.4,15.38,
Klebsiella pneumoniae,RC13,levofloxacin,2024,0,35,0.0,2024,Table 2.11,https://www.icmr.gov.in/icmrobject/uploads/Report/1763981012_icmramrsnannualreport2024.pdf,2026-08-31,0.0,0.0,"rc_panel_changed(baseline=2023,added=[],dropped=[RC15])"
Klebsiella pneumoniae,RC13,meropenem,2023,28,81,34.6,2023,Table 3.11,https://www.icmr.gov.in/icmrobject/uploads/Documents/1725536060_annual_report_2023.pdf,2026-08-31,34.6,34.57,
Klebsiella pneumoniae,RC13,meropenem,2024,7,90,7.8,2024,Table 2.11,https://www.icmr.gov.in/icmrobject/uploads/Report/1763981012_icmramrsnannualreport2024.pdf,2026-08-31,7.8,7.78,"rc_panel_changed(baseline=2023,added=[],dropped=[RC15])"
Klebsiella pneumoniae,RC13,piperacillin-tazobactam,2023,12,78,15.4,2023,Table 3.11,https://www.icmr.gov.in/icmrobject/uploads/Documents/1725536060_annual_report_2023.pdf,2026-08-31,15.4,15.38,
Klebsiella pneumoniae,RC13,piperacillin-tazobactam,2024,2,87,2.3,2024,Table 2.11,https://www.icmr.gov.in/icmrobject/uploads/Report/1763981012_icmramrsnannualreport2024.pdf,2026-08-31,2.3,2.3,"rc_panel_changed(baseline=2023,added=[],dropped=[RC15])"
Klebsiella pneumoniae,RC14,amikacin,2023,166,268,61.9,2023,Table 3.11,https://www.icmr.gov.in/icmrobject/uploads/Documents/1725536060_annual_report_2023.pdf,2026-08-31,61.9,61.94,
Klebsiella pneumoniae,RC14,amikacin,2024,333,568,58.6,2024,Table 2.11,https://www.icmr.gov.in/icmrobject/uploads/Report/1763981012_icmramrsnannualreport2024.pdf,2026-08-31,58.6,58.63,"rc_panel_changed(baseline=2023,added=[],dropped=[RC15])"
Klebsiella pneumoniae,RC14,cefotaxime,2023,104,268,38.8,2023,Table 3.11,https://www.icmr.gov.in/icmrobject/uploads/Documents/1725536060_annual_report_2023.pdf,2026-08-31,38.8,38.81,
Klebsiella pneumoniae,RC14,cefotaxime,2024,174,568,30.6,2024,Table 2.11,https://www.icmr.gov.in/icmrobject/uploads/Report/1763981012_icmramrsnannualreport2024.pdf,2026-08-31,30.6,30.63,"rc_panel_changed(baseline=2023,added=[],dropped=[RC15])"
Klebsiella pneumoniae,RC14,ceftazidime,2023,0,1,,2023,Table 3.11,https://www.icmr.gov.in/icmrobject/uploads/Documents/1725536060_annual_report_2023.pdf,2026-08-31,,0.0,pct_suppressed_in_source
Klebsiella pneumoniae,RC14,ceftazidime,2024,1,1,,2024,Table 2.11,https://www.icmr.gov.in/icmrobject/uploads/Report/1763981012_icmramrsnannualreport2024.pdf,2026-08-31,,100.0,"pct_suppressed_in_source,rc_panel_changed(baseline=2023,added=[],dropped=[RC15])"
Klebsiella pneumoniae,RC14,ciprofloxacin,2023,80,268,29.9,2023,Table 3.11,https://www.icmr.gov.in/icmrobject/uploads/Documents/1725536060_annual_report_2023.pdf,2026-08-31,29.9,29.85,
Klebsiella pneumoniae,RC14,ciprofloxacin,2024,160,568,28.2,2024,Table 2.11,https://www.icmr.gov.in/icmrobject/uploads/Report/1763981012_icmramrsnannualreport2024.pdf,2026-08-31,28.2,28.17,"rc_panel_changed(baseline=2023,added=[],dropped=[RC15])"
Klebsiella pneumoniae,RC14,ertapenem,2023,166,267,62.2,2023,Table 3.11,https://www.icmr.gov.in/icmrobject/uploads/Documents/1725536060_annual_report_2023.pdf,2026-08-31,62.2,62.17,
Klebsiella pneumoniae,RC14,ertapenem,2024,309,567,54.5,2024,Table 2.11,https://www.icmr.gov.in/icmrobject/uploads/Report/1763981012_icmramrsnannualreport2024.pdf,2026-08-31,54.5,54.5,"rc_panel_changed(baseline=2023,added=[],dropped=[RC15])"
Klebsiella pneumoniae,RC14,imipenem,2023,171,268,63.8,2023,Table 3.11,https://www.icmr.gov.in/icmrobject/uploads/Documents/1725536060_annual_report_2023.pdf,2026-08-31,63.8,63.81,
Klebsiella pneumoniae,RC14,imipenem,2024,313,567,55.2,2024,Table 2.11,https://www.icmr.gov.in/icmrobject/uploads/Report/1763981012_icmramrsnannualreport2024.pdf,2026-08-31,55.2,55.2,"rc_panel_changed(baseline=2023,added=[],dropped=[RC15])"
Klebsiella pneumoniae,RC14,levofloxacin,2023,0,0,,2023,Table 3.11,https://www.icmr.gov.in/icmrobject/uploads/Documents/1725536060_annual_report_2023.pdf,2026-08-31,,,"no_isolates_tested,pct_suppressed_in_source"
Klebsiella pneumoniae,RC14,levofloxacin,2024,1,2,,2024,Table 2.11,https://www.icmr.gov.in/icmrobject/uploads/Report/1763981012_icmramrsnannualreport2024.pdf,2026-08-31,,50.0,"pct_suppressed_in_source,rc_panel_changed(baseline=2023,added=[],dropped=[RC15])"
Klebsiella pneumoniae,RC14,meropenem,2023,173,268,64.6,2023,Table 3.11,https://www.icmr.gov.in/icmrobject/uploads/Documents/1725536060_annual_report_2023.pdf,2026-08-31,64.6,64.55,
Klebsiella pneumoniae,RC14,meropenem,2024,329,568,57.9,2024,Table 2.11,https://www.icmr.gov.in/icmrobject/uploads/Report/1763981012_icmramrsnannualreport2024.pdf,2026-08-31,57.9,57.92,"rc_panel_changed(baseline=2023,added=[],dropped=[RC15])"
Klebsiella pneumoniae,RC14,piperacillin-tazobactam,2023,134,268,50.0,2023,Table 3.11,https://www.icmr.gov.in/icmrobject/uploads/Documents/1725536060_annual_report_2023.pdf,2026-08-31,50.0,50.0,
Klebsiella pneumoniae,RC14,piperacillin-tazobactam,2024,257,567,45.3,2024,Table 2.11,https://www.icmr.gov.in/icmrobject/uploads/Report/1763981012_icmramrsnannualreport2024.pdf,2026-08-31,45.3,45.33,"rc_panel_changed(baseline=2023,added=[],dropped=[RC15])"
Klebsiella pneumoniae,RC15,amikacin,2023,110,377,29.2,2023,Table 3.11,https://www.icmr.gov.in/icmrobject/uploads/Documents/1725536060_annual_report_2023.pdf,2026-08-31,29.2,29.18,
Klebsiella pneumoniae,RC15,cefotaxime,2023,29,376,7.7,2023,Table 3.11,https://www.icmr.gov.in/icmrobject/uploads/Documents/1725536060_annual_report_2023.pdf,2026-08-31,7.7,7.71,
Klebsiella pneumoniae,RC15,ceftazidime,2023,25,316,7.9,2023,Table 3.11,https://www.icmr.gov.in/icmrobject/uploads/Documents/1725536060_annual_report_2023.pdf,2026-08-31,7.9,7.91,
Klebsiella pneumoniae,RC15,ciprofloxacin,2023,27,377,7.2,2023,Table 3.11,https://www.icmr.gov.in/icmrobject/uploads/Documents/1725536060_annual_report_2023.pdf,2026-08-31,7.2,7.16,
Klebsiella pneumoniae,RC15,ertapenem,2023,9,27,,2023,Table 3.11,https://www.icmr.gov.in/icmrobject/uploads/Documents/1725536060_annual_report_2023.pdf,2026-08-31,,33.33,pct_suppressed_in_source
Klebsiella pneumoniae,RC15,imipenem,2023,194,377,51.5,2023,Table 3.11,https://www.icmr.gov.in/icmrobject/uploads/Documents/1725536060_annual_report_2023.pdf,2026-08-31,51.5,51.46,
Klebsiella pneumoniae,RC15,levofloxacin,2023,50,374,13.4,2023,Table 3.11,https://www.icmr.gov.in/icmrobject/uploads/Documents/1725536060_annual_report_2023.pdf,2026-08-31,13.4,13.37,
Klebsiella pneumoniae,RC15,meropenem,2023,188,377,49.9,2023,Table 3.11,https://www.icmr.gov.in/icmrobject/uploads/Documents/1725536060_annual_report_2023.pdf,2026-08-31,49.9,49.87,
Klebsiella pneumoniae,RC15,piperacillin-tazobactam,2023,75,376,19.9,2023,Table 3.11,https://www.icmr.gov.in/icmrobject/uploads/Documents/1725536060_annual_report_2023.pdf,2026-08-31,19.9,19.95,
Klebsiella pneumoniae,RC16,amikacin,2023,53,218,24.3,2023,Table 3.11,https://www.icmr.gov.in/icmrobject/uploads/Documents/1725536060_annual_report_2023.pdf,2026-08-31,24.3,24.31,
Klebsiella pneumoniae,RC16,amikacin,2024,455,873,52.1,2024,Table 2.11,https://www.icmr.gov.in/icmrobject/uploads/Report/1763981012_icmramrsnannualreport2024.pdf,2026-08-31,52.1,52.12,"rc_panel_changed(baseline=2023,added=[],dropped=[RC15])"
Klebsiella pneumoniae,RC16,cefotaxime,2023,6,218,2.8,2023,Table 3.11,https://www.icmr.gov.in/icmrobject/uploads/Documents/1725536060_annual_report_2023.pdf,2026-08-31,2.8,2.75,
Klebsiella pneumoniae,RC16,cefotaxime,2024,123,868,14.2,2024,Table 2.11,https://www.icmr.gov.in/icmrobject/uploads/Report/1763981012_icmramrsnannualreport2024.pdf,2026-08-31,14.2,14.17,"rc_panel_changed(baseline=2023,added=[],dropped=[RC15])"
Klebsiella pneumoniae,RC16,ceftazidime,2023,13,217,6.0,2023,Table 3.11,https://www.icmr.gov.in/icmrobject/uploads/Documents/1725536060_annual_report_2023.pdf,2026-08-31,6.0,5.99,
Klebsiella pneumoniae,RC16,ceftazidime,2024,134,871,15.4,2024,Table 2.11,https://www.icmr.gov.in/icmrobject/uploads/Report/1763981012_icmramrsnannualreport2024.pdf,2026-08-31,15.4,15.38,"rc_panel_changed(baseline=2023,added=[],dropped=[RC15])"
Klebsiella pneumoniae,RC16,ciprofloxacin,2023,30,218,13.8,2023,Table 3.11,https://www.icmr.gov.in/icmrobject/uploads/Documents/1725536060_annual_report_2023.pdf,2026-08-31,13.8,13.76,
Klebsiella pneumoniae,RC16,ciprofloxacin,2024,199,873,22.8,2024,Table 2.11,https://www.icmr.gov.in/icmrobject/uploads/Report/1763981012_icmramrsnannualreport2024.pdf,2026-08-31,22.8,22.79,"rc_panel_changed(baseline=2023,added=[],dropped=[RC15])"
Klebsiella pneumoniae,RC16,ertapenem,2023,86,218,39.4,2023,Table 3.11,https://www.icmr.gov.in/icmrobject/uploads/Documents/1725536060_annual_report_2023.pdf,2026-08-31,39.4,39.45,
Klebsiella pneumoniae,RC16,ertapenem,2024,279,866,32.2,2024,Table 2.11,https://www.icmr.gov.in/icmrobject/uploads/Report/1763981012_icmramrsnannualreport2024.pdf,2026-08-31,32.2,32.22,"rc_panel_changed(baseline=2023,added=[],dropped=[RC15])"
Klebsiella pneumoniae,RC16,imipenem,2023,56,218,25.7,2023,Table 3.11,https://www.icmr.gov.in/icmrobject/uploads/Documents/1725536060_annual_report_2023.pdf,2026-08-31,25.7,25.69,
Klebsiella pneumoniae,RC16,imipenem,2024,139,784,17.7,2024,Table 2.11,https://www.icmr.gov.in/icmrobject/uploads/Report/1763981012_icmramrsnannualreport2024.pdf,2026-08-31,17.7,17.73,"rc_panel_changed(baseline=2023,added=[],dropped=[RC15])"
Klebsiella pneumoniae,RC16,levofloxacin,2023,54,216,25.0,2023,Table 3.11,https://www.icmr.gov.in/icmrobject/uploads/Documents/1725536060_annual_report_2023.pdf,2026-08-31,25.0,25.0,
Klebsiella pneumoniae,RC16,levofloxacin,2024,299,871,34.3,2024,Table 2.11,https://www.icmr.gov.in/icmrobject/uploads/Report/1763981012_icmramrsnannualreport2024.pdf,2026-08-31,34.3,34.33,"rc_panel_changed(baseline=2023,added=[],dropped=[RC15])"
Klebsiella pneumoniae,RC16,meropenem,2023,103,218,47.2,2023,Table 3.11,https://www.icmr.gov.in/icmrobject/uploads/Documents/1725536060_annual_report_2023.pdf,2026-08-31,47.2,47.25,
Klebsiella pneumoniae,RC16,meropenem,2024,360,873,41.2,2024,Table 2.11,https://www.icmr.gov.in/icmrobject/uploads/Report/1763981012_icmramrsnannualreport2024.pdf,2026-08-31,41.2,41.24,"rc_panel_changed(baseline=2023,added=[],dropped=[RC15])"
Klebsiella pneumoniae,RC16,piperacillin-tazobactam,2023,9,218,4.1,2023,Table 3.11,https://www.icmr.gov.in/icmrobject/uploads/Documents/1725536060_annual_report_2023.pdf,2026-08-31,4.1,4.13,
Klebsiella pneumoniae,RC16,piperacillin-tazobactam,2024,73,872,8.4,2024,Table 2.11,https://www.icmr.gov.in/icmrobject/uploads/Report/1763981012_icmramrsnannualreport2024.pdf,2026-08-31,8.4,8.37,"rc_panel_changed(baseline=2023,added=[],dropped=[RC15])"
Klebsiella pneumoniae,RC17,amikacin,2023,74,141,52.5,2023,Table 3.11,https://www.icmr.gov.in/icmrobject/uploads/Documents/1725536060_annual_report_2023.pdf,2026-08-31,52.5,52.48,
Klebsiella pneumoniae,RC17,amikacin,2024,149,378,39.4,2024,Table 2.11,https://www.icmr.gov.in/icmrobject/uploads/Report/1763981012_icmramrsnannualreport2024.pdf,2026-08-31,39.4,39.42,"rc_panel_changed(baseline=2023,added=[],dropped=[RC15])"
Klebsiella pneumoniae,RC17,cefotaxime,2023,66,139,47.5,2023,Table 3.11,https://www.icmr.gov.in/icmrobject/uploads/Documents/1725536060_annual_report_2023.pdf,2026-08-31,47.5,47.48,
Klebsiella pneumoniae,RC17,cefotaxime,2024,21,43,48.8,2024,Table 2.11,https://www.icmr.gov.in/icmrobject/uploads/Report/1763981012_icmramrsnannualreport2024.pdf,2026-08-31,48.8,48.84,"rc_panel_changed(baseline=2023,added=[],dropped=[RC15])"
Klebsiella pneumoniae,RC17,ceftazidime,2023,5,7,,2023,Table 3.11,https://www.icmr.gov.in/icmrobject/uploads/Documents/1725536060_annual_report_2023.pdf,2026-08-31,,71.43,pct_suppressed_in_source
Klebsiella pneumoniae,RC17,ceftazidime,2024,14,52,26.9,2024,Table 2.11,https://www.icmr.gov.in/icmrobject/uploads/Report/1763981012_icmramrsnannualreport2024.pdf,2026-08-31,26.9,26.92,"rc_panel_changed(baseline=2023,added=[],dropped=[RC15])"
Klebsiella pneumoniae,RC17,ciprofloxacin,2023,63,141,44.7,2023,Table 3.11,https://www.icmr.gov.in/icmrobject/uploads/Documents/1725536060_annual_report_2023.pdf,2026-08-31,44.7,44.68,
Klebsiella pneumoniae,RC17,ciprofloxacin,2024,62,378,16.4,2024,Table 2.11,https://www.icmr.gov.in/icmrobject/uploads/Report/1763981012_icmramrsnannualreport2024.pdf,2026-08-31,16.4,16.4,"rc_panel_changed(baseline=2023,added=[],dropped=[RC15])"
Klebsiella pneumoniae,RC17,ertapenem,2023,63,141,44.7,2023,Table 3.11,https://www.icmr.gov.in/icmrobject/uploads/Documents/1725536060_annual_report_2023.pdf,2026-08-31,44.7,44.68,
Klebsiella pneumoniae,RC17,ertapenem,2024,111,371,29.9,2024,Table 2.11,https://www.icmr.gov.in/icmrobject/uploads/Report/1763981012_icmramrsnannualreport2024.pdf,2026-08-31,29.9,29.92,"rc_panel_changed(baseline=2023,added=[],dropped=[RC15])"
Klebsiella pneumoniae,RC17,imipenem,2023,64,141,45.4,2023,Table 3.11,https://www.icmr.gov.in/icmrobject/uploads/Documents/1725536060_annual_report_2023.pdf,2026-08-31,45.4,45.39,
Klebsiella pneumoniae,RC17,imipenem,2024,119,377,31.6,2024,Table 2.11,https://www.icmr.gov.in/icmrobject/uploads/Report/1763981012_icmramrsnannualreport2024.pdf,2026-08-31,31.6,31.56,"rc_panel_changed(baseline=2023,added=[],dropped=[RC15])"
Klebsiella pneumoniae,RC17,levofloxacin,2023,0,0,,2023,Table 3.11,https://www.icmr.gov.in/icmrobject/uploads/Documents/1725536060_annual_report_2023.pdf,2026-08-31,,,"no_isolates_tested,pct_suppressed_in_source"
Klebsiella pneumoniae,RC17,levofloxacin,2024,18,62,29.0,2024,Table 2.11,https://www.icmr.gov.in/icmrobject/uploads/Report/1763981012_icmramrsnannualreport2024.pdf,2026-08-31,29.0,29.03,"rc_panel_changed(baseline=2023,added=[],dropped=[RC15])"
Klebsiella pneumoniae,RC17,meropenem,2023,63,141,44.7,2023,Table 3.11,https://www.icmr.gov.in/icmrobject/uploads/Documents/1725536060_annual_report_2023.pdf,2026-08-31,44.7,44.68,
Klebsiella pneumoniae,RC17,meropenem,2024,121,378,32.0,2024,Table 2.11,https://www.icmr.gov.in/icmrobject/uploads/Report/1763981012_icmramrsnannualreport2024.pdf,2026-08-31,32.0,32.01,"rc_panel_changed(baseline=2023,added=[],dropped=[RC15])"
Klebsiella pneumoniae,RC17,piperacillin-tazobactam,2023,54,141,38.3,2023,Table 3.11,https://www.icmr.gov.in/icmrobject/uploads/Documents/1725536060_annual_report_2023.pdf,2026-08-31,38.3,38.3,
Klebsiella pneumoniae,RC17,piperacillin-tazobactam,2024,40,377,10.6,2024,Table 2.11,https://www.icmr.gov.in/icmrobject/uploads/Report/1763981012_icmramrsnannualreport2024.pdf,2026-08-31,10.6,10.61,"rc_panel_changed(baseline=2023,added=[],dropped=[RC15])"
Klebsiella pneumoniae,RC18,amikacin,2023,51,91,56.0,2023,Table 3.11,https://www.icmr.gov.in/icmrobject/uploads/Documents/1725536060_annual_report_2023.pdf,2026-08-31,56.0,56.04,
Klebsiella pneumoniae,RC18,amikacin,2024,14,22,,2024,Table 2.11,https://www.icmr.gov.in/icmrobject/uploads/Report/1763981012_icmramrsnannualreport2024.pdf,2026-08-31,,63.64,"pct_suppressed_in_source,rc_panel_changed(baseline=2023,added=[],dropped=[RC15])"
Klebsiella pneumoniae,RC18,cefotaxime,2023,25,91,27.5,2023,Table 3.11,https://www.icmr.gov.in/icmrobject/uploads/Documents/1725536060_annual_report_2023.pdf,2026-08-31,27.5,27.47,
Klebsiella pneumoniae,RC18,cefotaxime,2024,10,22,,2024,Table 2.11,https://www.icmr.gov.in/icmrobject/uploads/Report/1763981012_icmramrsnannualreport2024.pdf,2026-08-31,,45.45,"pct_suppressed_in_source,rc_panel_changed(baseline=2023,added=[],dropped=[RC15])"
Klebsiella pneumoniae,RC18,ceftazidime,2023,13,91,14.3,2023,Table 3.11,https://www.icmr.gov.in/icmrobject/uploads/Documents/1725536060_annual_report_2023.pdf,2026-08-31,14.3,14.29,
Klebsiella pneumoniae,RC18,ceftazidime,2024,0,1,,2024,Table 2.11,https://www.icmr.gov.in/icmrobject/uploads/Report/1763981012_icmramrsnannualreport2024.pdf,2026-08-31,,0.0,"pct_suppressed_in_source,rc_panel_changed(baseline=2023,added=[],dropped=[RC15])"
Klebsiella pneumoniae,RC18,ciprofloxacin,2023,41,91,45.1,2023,Table 3.11,https://www.icmr.gov.in/icmrobject/uploads/Documents/1725536060_annual_report_2023.pdf,2026-08-31,45.1,45.05,
Klebsiella pneumoniae,RC18,ciprofloxacin,2024,9,22,,2024,Table 2.11,https://www.icmr.gov.in/icmrobject/uploads/Report/1763981012_icmramrsnannualreport2024.pdf,2026-08-31,,40.91,"pct_suppressed_in_source,rc_panel_changed(baseline=2023,added=[],dropped=[RC15])"
Klebsiella pneumoniae,RC18,ertapenem,2023,53,91,58.2,2023,Table 3.11,https://www.icmr.gov.in/icmrobject/uploads/Documents/1725536060_annual_report_2023.pdf,2026-08-31,58.2,58.24,
Klebsiella pneumoniae,RC18,ertapenem,2024,0,0,,2024,Table 2.11,https://www.icmr.gov.in/icmrobject/uploads/Report/1763981012_icmramrsnannualreport2024.pdf,2026-08-31,,,"no_isolates_tested,pct_suppressed_in_source,rc_panel_changed(baseline=2023,added=[],dropped=[RC15])"
Klebsiella pneumoniae,RC18,imipenem,2023,54,91,59.3,2023,Table 3.11,https://www.icmr.gov.in/icmrobject/uploads/Documents/1725536060_annual_report_2023.pdf,2026-08-31,59.3,59.34,
Klebsiella pneumoniae,RC18,imipenem,2024,13,22,,2024,Table 2.11,https://www.icmr.gov.in/icmrobject/uploads/Report/1763981012_icmramrsnannualreport2024.pdf,2026-08-31,,59.09,"pct_suppressed_in_source,rc_panel_changed(baseline=2023,added=[],dropped=[RC15])"
Klebsiella pneumoniae,RC18,levofloxacin,2023,50,91,54.9,2023,Table 3.11,https://www.icmr.gov.in/icmrobject/uploads/Documents/1725536060_annual_report_2023.pdf,2026-08-31,54.9,54.95,
Klebsiella pneumoniae,RC18,levofloxacin,2024,0,0,,2024,Table 2.11,https://www.icmr.gov.in/icmrobject/uploads/Report/1763981012_icmramrsnannualreport2024.pdf,2026-08-31,,,"no_isolates_tested,pct_suppressed_in_source,rc_panel_changed(baseline=2023,added=[],dropped=[RC15])"
Klebsiella pneumoniae,RC18,meropenem,2023,56,91,61.5,2023,Table 3.11,https://www.icmr.gov.in/icmrobject/uploads/Documents/1725536060_annual_report_2023.pdf,2026-08-31,61.5,61.54,
Klebsiella pneumoniae,RC18,meropenem,2024,14,22,,2024,Table 2.11,https://www.icmr.gov.in/icmrobject/uploads/Report/1763981012_icmramrsnannualreport2024.pdf,2026-08-31,,63.64,"pct_suppressed_in_source,rc_panel_changed(baseline=2023,added=[],dropped=[RC15])"
Klebsiella pneumoniae,RC18,piperacillin-tazobactam,2023,41,91,45.1,2023,Table 3.11,https://www.icmr.gov.in/icmrobject/uploads/Documents/1725536060_annual_report_2023.pdf,2026-08-31,45.1,45.05,
Klebsiella pneumoniae,RC18,piperacillin-tazobactam,2024,12,21,,2024,Table 2.11,https://www.icmr.gov.in/icmrobject/uploads/Report/1763981012_icmramrsnannualreport2024.pdf,2026-08-31,,57.14,"pct_suppressed_in_source,rc_panel_changed(baseline=2023,added=[],dropped=[RC15])"
Klebsiella pneumoniae,RC19,amikacin,2023,281,1132,24.8,2023,Table 3.11,https://www.icmr.gov.in/icmrobject/uploads/Documents/1725536060_annual_report_2023.pdf,2026-08-31,24.8,24.82,
Klebsiella pneumoniae,RC19,amikacin,2024,175,765,22.9,2024,Table 2.11,https://www.icmr.gov.in/icmrobject/uploads/Report/1763981012_icmramrsnannualreport2024.pdf,2026-08-31,22.9,22.88,"rc_panel_changed(baseline=2023,added=[],dropped=[RC15])"
Klebsiella pneumoniae,RC19,cefotaxime,2023,28,1131,2.5,2023,Table 3.11,https://www.icmr.gov.in/icmrobject/uploads/Documents/1725536060_annual_report_2023.pdf,2026-08-31,2.5,2.48,
Klebsiella pneumoniae,RC19,cefotaxime,2024,22,765,2.9,2024,Table 2.11,https://www.icmr.gov.in/icmrobject/uploads/Report/1763981012_icmramrsnannualreport2024.pdf,2026-08-31,2.9,2.88,"rc_panel_changed(baseline=2023,added=[],dropped=[RC15])"
Klebsiella pneumoniae,RC19,ceftazidime,2023,86,1132,7.6,2023,Table 3.11,https://www.icmr.gov.in/icmrobject/uploads/Documents/1725536060_annual_report_2023.pdf,2026-08-31,7.6,7.6,
Klebsiella pneumoniae,RC19,ceftazidime,2024,40,765,5.2,2024,Table 2.11,https://www.icmr.gov.in/icmrobject/uploads/Report/1763981012_icmramrsnannualreport2024.pdf,2026-08-31,5.2,5.23,"rc_panel_changed(baseline=2023,added=[],dropped=[RC15])"
Klebsiella pneumoniae,RC19,ciprofloxacin,2023,56,1132,4.9,2023,Table 3.11,https://www.icmr.gov.in/icmrobject/uploads/Documents/1725536060_annual_report_2023.pdf,2026-08-31,4.9,4.95,
Klebsiella pneumoniae,RC19,ciprofloxacin,2024,67,765,8.8,2024,Table 2.11,https://www.icmr.gov.in/icmrobject/uploads/Report/1763981012_icmramrsnannualreport2024.pdf,2026-08-31,8.8,8.76,"rc_panel_changed(baseline=2023,added=[],dropped=[RC15])"
Klebsiella pneumoniae,RC19,ertapenem,2023,270,1132,23.9,2023,Table 3.11,https://www.icmr.gov.in/icmrobject/uploads/Documents/1725536060_annual_report_2023.pdf,2026-08-31,23.9,23.85,
Klebsiella pneumoniae,RC19,ertapenem,2024,134,765,17.5,2024,Table 2.11,https://www.icmr.gov.in/icmrobject/uploads/Report/1763981012_icmramrsnannualreport2024.pdf,2026-08-31,17.5,17.52,"rc_panel_changed(baseline=2023,added=[],dropped=[RC15])"
Klebsiella pneumoniae,RC19,imipenem,2023,235,1132,20.8,2023,Table 3.11,https://www.icmr.gov.in/icmrobject/uploads/Documents/1725536060_annual_report_2023.pdf,2026-08-31,20.8,20.76,
Klebsiella pneumoniae,RC19,imipenem,2024,1,765,0.1,2024,Table 2.11,https://www.icmr.gov.in/icmrobject/uploads/Report/1763981012_icmramrsnannualreport2024.pdf,2026-08-31,0.1,0.13,"rc_panel_changed(baseline=2023,added=[],dropped=[RC15])"
Klebsiella pneumoniae,RC19,levofloxacin,2023,105,1132,9.3,2023,Table 3.11,https://www.icmr.gov.in/icmrobject/uploads/Documents/1725536060_annual_report_2023.pdf,2026-08-31,9.3,9.28,
Klebsiella pneumoniae,RC19,levofloxacin,2024,11,765,1.4,2024,Table 2.11,https://www.icmr.gov.in/icmrobject/uploads/Report/1763981012_icmramrsnannualreport2024.pdf,2026-08-31,1.4,1.44,"rc_panel_changed(baseline=2023,added=[],dropped=[RC15])"
Klebsiella pneumoniae,RC19,meropenem,2023,246,1132,21.7,2023,Table 3.11,https://www.icmr.gov.in/icmrobject/uploads/Documents/1725536060_annual_report_2023.pdf,2026-08-31,21.7,21.73,
Klebsiella pneumoniae,RC19,meropenem,2024,11,765,1.4,2024,Table 2.11,https://www.icmr.gov.in/icmrobject/uploads/Report/1763981012_icmramrsnannualreport2024.pdf,2026-08-31,1.4,1.44,"rc_panel_changed(baseline=2023,added=[],dropped=[RC15])"
Klebsiella pneumoniae,RC19,piperacillin-tazobactam,2023,219,1131,19.4,2023,Table 3.11,https://www.icmr.gov.in/icmrobject/uploads/Documents/1725536060_annual_report_2023.pdf,2026-08-31,19.4,19.36,
Klebsiella pneumoniae,RC19,piperacillin-tazobactam,2024,132,766,17.2,2024,Table 2.11,https://www.icmr.gov.in/icmrobject/uploads/Report/1763981012_icmramrsnannualreport2024.pdf,2026-08-31,17.2,17.23,"rc_panel_changed(baseline=2023,added=[],dropped=[RC15])"
Klebsiella pneumoniae,RC20,amikacin,2023,54,207,26.1,2023,Table 3.11,https://www.icmr.gov.in/icmrobject/uploads/Documents/1725536060_annual_report_2023.pdf,2026-08-31,26.1,26.09,
Klebsiella pneumoniae,RC20,amikacin,2024,213,516,41.3,2024,Table 2.11,https://www.icmr.gov.in/icmrobject/uploads/Report/1763981012_icmramrsnannualreport2024.pdf,2026-08-31,41.3,41.28,"rc_panel_changed(baseline=2023,added=[],dropped=[RC15])"
Klebsiella pneumoniae,RC20,cefotaxime,2023,15,190,7.9,2023,Table 3.11,https://www.icmr.gov.in/icmrobject/uploads/Documents/1725536060_annual_report_2023.pdf,2026-08-31,7.9,7.89,
Klebsiella pneumoniae,RC20,cefotaxime,2024,266,514,51.8,2024,Table 2.11,https://www.icmr.gov.in/icmrobject/uploads/Report/1763981012_icmramrsnannualreport2024.pdf,2026-08-31,51.8,51.75,"rc_panel_changed(baseline=2023,added=[],dropped=[RC15])"
Klebsiella pneumoniae,RC20,ceftazidime,2023,14,185,7.6,2023,Table 3.11,https://www.icmr.gov.in/icmrobject/uploads/Documents/1725536060_annual_report_2023.pdf,2026-08-31,7.6,7.57,
Klebsiella pneumoniae,RC20,ceftazidime,2024,359,513,70.0,2024,Table 2.11,https://www.icmr.gov.in/icmrobject/uploads/Report/1763981012_icmramrsnannualreport2024.pdf,2026-08-31,70.0,69.98,"rc_panel_changed(baseline=2023,added=[],dropped=[RC15])"
Klebsiella pneumoniae,RC20,ciprofloxacin,2023,23,207,11.1,2023,Table 3.11,https://www.icmr.gov.in/icmrobject/uploads/Documents/1725536060_annual_report_2023.pdf,2026-08-31,11.1,11.11,
Klebsiella pneumoniae,RC20,ciprofloxacin,2024,124,515,24.1,2024,Table 2.11,https://www.icmr.gov.in/icmrobject/uploads/Report/1763981012_icmramrsnannualreport2024.pdf,2026-08-31,24.1,24.08,"rc_panel_changed(baseline=2023,added=[],dropped=[RC15])"
Klebsiella pneumoniae,RC20,ertapenem,2023,19,126,15.1,2023,Table 3.11,https://www.icmr.gov.in/icmrobject/uploads/Documents/1725536060_annual_report_2023.pdf,2026-08-31,15.1,15.08,
Klebsiella pneumoniae,RC20,ertapenem,2024,224,515,43.5,2024,Table 2.11,https://www.icmr.gov.in/icmrobject/uploads/Report/1763981012_icmramrsnannualreport2024.pdf,2026-08-31,43.5,43.5,"rc_panel_changed(baseline=2023,added=[],dropped=[RC15])"
Klebsiella pneumoniae,RC20,imipenem,2023,40,191,20.9,2023,Table 3.11,https://www.icmr.gov.in/icmrobject/uploads/Documents/1725536060_annual_report_2023.pdf,2026-08-31,20.9,20.94,
Klebsiella pneumoniae,RC20,imipenem,2024,185,515,35.9,2024,Table 2.11,https://www.icmr.gov.in/icmrobject/uploads/Report/1763981012_icmramrsnannualreport2024.pdf,2026-08-31,35.9,35.92,"rc_panel_changed(baseline=2023,added=[],dropped=[RC15])"
Klebsiella pneumoniae,RC20,levofloxacin,2023,29,195,14.9,2023,Table 3.11,https://www.icmr.gov.in/icmrobject/uploads/Documents/1725536060_annual_report_2023.pdf,2026-08-31,14.9,14.87,
Klebsiella pneumoniae,RC20,levofloxacin,2024,141,513,27.5,2024,Table 2.11,https://www.icmr.gov.in/icmrobject/uploads/Report/1763981012_icmramrsnannualreport2024.pdf,2026-08-31,27.5,27.49,"rc_panel_changed(baseline=2023,added=[],dropped=[RC15])"
Klebsiella pneumoniae,RC20,meropenem,2023,42,207,20.3,2023,Table 3.11,https://www.icmr.gov.in/icmrobject/uploads/Documents/1725536060_annual_report_2023.pdf,2026-08-31,20.3,20.29,
Klebsiella pneumoniae,RC20,meropenem,2024,237,515,46.0,2024,Table 2.11,https://www.icmr.gov.in/icmrobject/uploads/Report/1763981012_icmramrsnannualreport2024.pdf,2026-08-31,46.0,46.02,"rc_panel_changed(baseline=2023,added=[],dropped=[RC15])"
Klebsiella pneumoniae,RC20,piperacillin-tazobactam,2023,11,206,5.3,2023,Table 3.11,https://www.icmr.gov.in/icmrobject/uploads/Documents/1725536060_annual_report_2023.pdf,2026-08-31,5.3,5.34,
Klebsiella pneumoniae,RC20,piperacillin-tazobactam,2024,177,515,34.4,2024,Table 2.11,https://www.icmr.gov.in/icmrobject/uploads/Report/1763981012_icmramrsnannualreport2024.pdf,2026-08-31,34.4,34.37,"rc_panel_changed(baseline=2023,added=[],dropped=[RC15])"
Klebsiella pneumoniae,RC21,amikacin,2023,1,74,1.4,2023,Table 3.11,https://www.icmr.gov.in/icmrobject/uploads/Documents/1725536060_annual_report_2023.pdf,2026-08-31,1.4,1.35,
Klebsiella pneumoniae,RC21,amikacin,2024,45,324,13.9,2024,Table 2.11,https://www.icmr.gov.in/icmrobject/uploads/Report/1763981012_icmramrsnannualreport2024.pdf,2026-08-31,13.9,13.89,"rc_panel_changed(baseline=2023,added=[],dropped=[RC15])"
Klebsiella pneumoniae,RC21,cefotaxime,2023,12,68,17.6,2023,Table 3.11,https://www.icmr.gov.in/icmrobject/uploads/Documents/1725536060_annual_report_2023.pdf,2026-08-31,17.6,17.65,
Klebsiella pneumoniae,RC21,cefotaxime,2024,5,307,1.6,2024,Table 2.11,https://www.icmr.gov.in/icmrobject/uploads/Report/1763981012_icmramrsnannualreport2024.pdf,2026-08-31,1.6,1.63,"rc_panel_changed(baseline=2023,added=[],dropped=[RC15])"
Klebsiella pneumoniae,RC21,ceftazidime,2023,3,67,4.5,2023,Table 3.11,https://www.icmr.gov.in/icmrobject/uploads/Documents/1725536060_annual_report_2023.pdf,2026-08-31,4.5,4.48,
Klebsiella pneumoniae,RC21,ceftazidime,2024,12,319,3.8,2024,Table 2.11,https://www.icmr.gov.in/icmrobject/uploads/Report/1763981012_icmramrsnannualreport2024.pdf,2026-08-31,3.8,3.76,"rc_panel_changed(baseline=2023,added=[],dropped=[RC15])"
Klebsiella pneumoniae,RC21,ciprofloxacin,2023,7,75,9.3,2023,Table 3.11,https://www.icmr.gov.in/icmrobject/uploads/Documents/1725536060_annual_report_2023.pdf,2026-08-31,9.3,9.33,
Klebsiella pneumoniae,RC21,ciprofloxacin,2024,26,324,8.0,2024,Table 2.11,https://www.icmr.gov.in/icmrobject/uploads/Report/1763981012_icmramrsnannualreport2024.pdf,2026-08-31,8.0,8.02,"rc_panel_changed(baseline=2023,added=[],dropped=[RC15])"
Klebsiella pneumoniae,RC21,ertapenem,2023,1,8,,2023,Table 3.11,https://www.icmr.gov.in/icmrobject/uploads/Documents/1725536060_annual_report_2023.pdf,2026-08-31,,12.5,pct_suppressed_in_source
Klebsiella pneumoniae,RC21,ertapenem,2024,16,163,9.8,2024,Table 2.11,https://www.icmr.gov.in/icmrobject/uploads/Report/1763981012_icmramrsnannualreport2024.pdf,2026-08-31,9.8,9.82,"rc_panel_changed(baseline=2023,added=[],dropped=[RC15])"
Klebsiella pneumoniae,RC21,imipenem,2023,25,74,33.8,2023,Table 3.11,https://www.icmr.gov.in/icmrobject/uploads/Documents/1725536060_annual_report_2023.pdf,2026-08-31,33.8,33.78,
Klebsiella pneumoniae,RC21,imipenem,2024,50,324,15.4,2024,Table 2.11,https://www.icmr.gov.in/icmrobject/uploads/Report/1763981012_icmramrsnannualreport2024.pdf,2026-08-31,15.4,15.43,"rc_panel_changed(baseline=2023,added=[],dropped=[RC15])"
Klebsiella pneumoniae,RC21,levofloxacin,2023,20,71,28.2,2023,Table 3.11,https://www.icmr.gov.in/icmrobject/uploads/Documents/1725536060_annual_report_2023.pdf,2026-08-31,28.2,28.17,
Klebsiella pneumoniae,RC21,levofloxacin,2024,25,296,8.4,2024,Table 2.11,https://www.icmr.gov.in/icmrobject/uploads/Report/1763981012_icmramrsnannualreport2024.pdf,2026-08-31,8.4,8.45,"rc_panel_changed(baseline=2023,added=[],dropped=[RC15])"
Klebsiella pneumoniae,RC21,meropenem,2023,15,74,20.3,2023,Table 3.11,https://www.icmr.gov.in/icmrobject/uploads/Documents/1725536060_annual_report_2023.pdf,2026-08-31,20.3,20.27,
Klebsiella pneumoniae,RC21,meropenem,2024,41,324,12.7,2024,Table 2.11,https://www.icmr.gov.in/icmrobject/uploads/Report/1763981012_icmramrsnannualreport2024.pdf,2026-08-31,12.7,12.65,"rc_panel_changed(baseline=2023,added=[],dropped=[RC15])"
Klebsiella pneumoniae,RC21,piperacillin-tazobactam,2023,1,74,1.4,2023,Table 3.11,https://www.icmr.gov.in/icmrobject/uploads/Documents/1725536060_annual_report_2023.pdf,2026-08-31,1.4,1.35,
Klebsiella pneumoniae,RC21,piperacillin-tazobactam,2024,15,311,4.8,2024,Table 2.11,https://www.icmr.gov.in/icmrobject/uploads/Report/1763981012_icmramrsnannualreport2024.pdf,2026-08-31,4.8,4.82,"rc_panel_changed(baseline=2023,added=[],dropped=[RC15])"
Staphylococcus aureus,RC1,cefoxitin,2022,343,589,58.2,2022,Table 6.3,https://www.icmr.gov.in/icmrobject/custom_data/pdf/resource-guidelines/AMRSN_Annual_Report_2022.pdf,2026-08-31,58.2,58.23,
Staphylococcus aureus,RC1,cefoxitin,2023,124,343,36.2,2023,Table 7.3,https://www.icmr.gov.in/icmrobject/uploads/Documents/1725536060_annual_report_2023.pdf,2026-08-31,36.2,36.15,"rc_panel_changed(baseline=2022,added=[],dropped=[RC18])"
Staphylococcus aureus,RC1,ciprofloxacin,2022,252,589,42.8,2022,Table 6.3,https://www.icmr.gov.in/icmrobject/custom_data/pdf/resource-guidelines/AMRSN_Annual_Report_2022.pdf,2026-08-31,42.8,42.78,
Staphylococcus aureus,RC1,ciprofloxacin,2023,44,343,12.8,2023,Table 7.3,https://www.icmr.gov.in/icmrobject/uploads/Documents/1725536060_annual_report_2023.pdf,2026-08-31,12.8,12.83,"rc_panel_changed(baseline=2022,added=[],dropped=[RC18])"
Staphylococcus aureus,RC1,clindamycin,2022,434,589,73.7,2022,Table 6.3,https://www.icmr.gov.in/icmrobject/custom_data/pdf/resource-guidelines/AMRSN_Annual_Report_2022.pdf,2026-08-31,73.7,73.68,
Staphylococcus aureus,RC1,clindamycin,2023,223,339,65.8,2023,Table 7.3,https://www.icmr.gov.in/icmrobject/uploads/Documents/1725536060_annual_report_2023.pdf,2026-08-31,65.8,65.78,"rc_panel_changed(baseline=2022,added=[],dropped=[RC18])"
Staphylococcus aureus,RC1,cotrimoxazole,2022,446,589,75.7,2022,Table 6.3,https://www.icmr.gov.in/icmrobject/custom_data/pdf/resource-guidelines/AMRSN_Annual_Report_2022.pdf,2026-08-31,75.7,75.72,
Staphylococcus aureus,RC1,cotrimoxazole,2023,287,343,83.7,2023,Table 7.3,https://www.icmr.gov.in/icmrobject/uploads/Documents/1725536060_annual_report_2023.pdf,2026-08-31,83.7,83.67,"rc_panel_changed(baseline=2022,added=[],dropped=[RC18])"
Staphylococcus aureus,RC1,erythromycin,2022,238,589,40.4,2022,Table 6.3,https://www.icmr.gov.in/icmrobject/custom_data/pdf/resource-guidelines/AMRSN_Annual_Report_2022.pdf,2026-08-31,40.4,40.41,
Staphylococcus aureus,RC1,erythromycin,2023,132,343,38.5,2023,Table 7.3,https://www.icmr.gov.in/icmrobject/uploads/Documents/1725536060_annual_report_2023.pdf,2026-08-31,38.5,38.48,"rc_panel_changed(baseline=2022,added=[],dropped=[RC18])"
Staphylococcus aureus,RC1,linezolid,2022,588,589,99.8,2022,Table 6.3,https://www.icmr.gov.in/icmrobject/custom_data/pdf/resource-guidelines/AMRSN_Annual_Report_2022.pdf,2026-08-31,99.8,99.83,
Staphylococcus aureus,RC1,linezolid,2023,343,343,100.0,2023,Table 7.3,https://www.icmr.gov.in/icmrobject/uploads/Documents/1725536060_annual_report_2023.pdf,2026-08-31,100.0,100.0,"rc_panel_changed(baseline=2022,added=[],dropped=[RC18])"
Staphylococcus aureus,RC1,oxacillin,2023,0,0,,2023,Table 7.3,https://www.icmr.gov.in/icmrobject/uploads/Documents/1725536060_annual_report_2023.pdf,2026-08-31,,,"no_isolates_tested,pct_suppressed_in_source,rc_panel_changed(baseline=2022,added=[],dropped=[RC18])"
Staphylococcus aureus,RC1,teicoplanin,2023,1,1,,2023,Table 7.3,https://www.icmr.gov.in/icmrobject/uploads/Documents/1725536060_annual_report_2023.pdf,2026-08-31,,100.0,"pct_suppressed_in_source,rc_panel_changed(baseline=2022,added=[],dropped=[RC18])"
Staphylococcus aureus,RC1,tetracycline,2022,450,589,76.4,2022,Table 6.3,https://www.icmr.gov.in/icmrobject/custom_data/pdf/resource-guidelines/AMRSN_Annual_Report_2022.pdf,2026-08-31,76.4,76.4,
Staphylococcus aureus,RC1,tetracycline,2023,274,343,79.9,2023,Table 7.3,https://www.icmr.gov.in/icmrobject/uploads/Documents/1725536060_annual_report_2023.pdf,2026-08-31,79.9,79.88,"rc_panel_changed(baseline=2022,added=[],dropped=[RC18])"
Staphylococcus aureus,RC1,tigecycline,2023,0,1,0.0,2023,Table 7.3,https://www.icmr.gov.in/icmrobject/uploads/Documents/1725536060_annual_report_2023.pdf,2026-08-31,0.0,0.0,"rc_panel_changed(baseline=2022,added=[],dropped=[RC18])"
Staphylococcus aureus,RC1,vancomycin,2022,502,502,100.0,2022,Table 6.3,https://www.icmr.gov.in/icmrobject/custom_data/pdf/resource-guidelines/AMRSN_Annual_Report_2022.pdf,2026-08-31,100.0,100.0,
Staphylococcus aureus,RC1,vancomycin,2023,343,343,100.0,2023,Table 7.3,https://www.icmr.gov.in/icmrobject/uploads/Documents/1725536060_annual_report_2023.pdf,2026-08-31,100.0,100.0,"rc_panel_changed(baseline=2022,added=[],dropped=[RC18])"
Staphylococcus aureus,RC2,cefoxitin,2022,0,1,,2022,Table 6.3,https://www.icmr.gov.in/icmrobject/custom_data/pdf/resource-guidelines/AMRSN_Annual_Report_2022.pdf,2026-08-31,,0.0,low_isolate_count_asterisk
Staphylococcus aureus,RC2,cefoxitin,2023,13,23,,2023,Table 7.3,https://www.icmr.gov.in/icmrobject/uploads/Documents/1725536060_annual_report_2023.pdf,2026-08-31,,56.52,"pct_suppressed_in_source,rc_panel_changed(baseline=2022,added=[],dropped=[RC18])"
Staphylococcus aureus,RC2,cefoxitin,2024,0,0,,2024,Table 6.3,https://www.icmr.gov.in/icmrobject/uploads/Report/1763981012_icmramrsnannualreport2024.pdf,2026-08-31,,,"no_isolates_tested,pct_suppressed_in_source,rc_panel_changed(baseline=2022,added=[],dropped=[RC1 RC15 RC18])"
Staphylococcus aureus,RC2,ciprofloxacin,2022,43,572,7.5,2022,Table 6.3,https://www.icmr.gov.in/icmrobject/custom_data/pdf/resource-guidelines/AMRSN_Annual_Report_2022.pdf,2026-08-31,7.5,7.52,
Staphylococcus aureus,RC2,ciprofloxacin,2023,101,1693,6.0,2023,Table 7.3,https://www.icmr.gov.in/icmrobject/uploads/Documents/1725536060_annual_report_2023.pdf,2026-08-31,6.0,5.97,"rc_panel_changed(baseline=2022,added=[],dropped=[RC18])"
Staphylococcus aureus,RC2,ciprofloxacin,2024,410,2962,13.8,2024,Table 6.3,https://www.icmr.gov.in/icmrobject/uploads/Report/1763981012_icmramrsnannualreport2024.pdf,2026-08-31,13.8,13.84,"rc_panel_changed(baseline=2022,added=[],dropped=[RC1 RC15 RC18])"
Staphylococcus aureus,RC2,clindamycin,2022,275,513,53.6,2022,Table 6.3,https://www.icmr.gov.in/icmrobject/custom_data/pdf/resource-guidelines/AMRSN_Annual_Report_2022.pdf,2026-08-31,53.6,53.61,
Staphylococcus aureus,RC2,clindamycin,2023,897,1692,53.0,2023,Table 7.3,https://www.icmr.gov.in/icmrobject/uploads/Documents/1725536060_annual_report_2023.pdf,2026-08-31,53.0,53.01,"rc_panel_changed(baseline=2022,added=[],dropped=[RC18])"
Staphylococcus aureus,RC2,clindamycin,2024,1782,2962,60.2,2024,Table 6.3,https://www.icmr.gov.in/icmrobject/uploads/Report/1763981012_icmramrsnannualreport2024.pdf,2026-08-31,60.2,60.16,"rc_panel_changed(baseline=2022,added=[],dropped=[RC1 RC15 RC18])"
Staphylococcus aureus,RC2,cotrimoxazole,2022,1,1,,2022,Table 6.3,https://www.icmr.gov.in/icmrobject/custom_data/pdf/resource-guidelines/AMRSN_Annual_Report_2022.pdf,2026-08-31,,100.0,low_isolate_count_asterisk
Staphylococcus aureus,RC2,cotrimoxazole,2023,850,1693,50.2,2023,Table 7.3,https://www.icmr.gov.in/icmrobject/uploads/Documents/1725536060_annual_report_2023.pdf,2026-08-31,50.2,50.21,"rc_panel_changed(baseline=2022,added=[],dropped=[RC18])"
Staphylococcus aureus,RC2,cotrimoxazole,2024,2231,2962,75.3,2024,Table 6.3,https://www.icmr.gov.in/icmrobject/uploads/Report/1763981012_icmramrsnannualreport2024.pdf,2026-08-31,75.3,75.32,"rc_panel_changed(baseline=2022,added=[],dropped=[RC1 RC15 RC18])"
Staphylococcus aureus,RC2,erythromycin,2022,224,583,38.4,2022,Table 6.3,https://www.icmr.gov.in/icmrobject/custom_data/pdf/resource-guidelines/AMRSN_Annual_Report_2022.pdf,2026-08-31,38.4,38.42,
Staphylococcus aureus,RC2,erythromycin,2023,343,1035,33.1,2023,Table 7.3,https://www.icmr.gov.in/icmrobject/uploads/Documents/1725536060_annual_report_2023.pdf,2026-08-31,33.1,33.14,"rc_panel_changed(baseline=2022,added=[],dropped=[RC18])"
Staphylococcus aureus,RC2,erythromycin,2024,1051,2914,36.1,2024,Table 6.3,https://www.icmr.gov.in/icmrobject/uploads/Report/1763981012_icmramrsnannualreport2024.pdf,2026-08-31,36.1,36.07,"rc_panel_changed(baseline=2022,added=[],dropped=[RC1 RC15 RC18])"
Staphylococcus aureus,RC2,linezolid,2022,306,306,100.0,2022,Table 6.3,https://www.icmr.gov.in/icmrobject/custom_data/pdf/resource-guidelines/AMRSN_Annual_Report_2022.pdf,2026-08-31,100.0,100.0,
Staphylococcus aureus,RC2,linezolid,2023,1692,1693,99.9,2023,Table 7.3,https://www.icmr.gov.in/icmrobject/uploads/Documents/1725536060_annual_report_2023.pdf,2026-08-31,99.9,99.94,"rc_panel_changed(baseline=2022,added=[],dropped=[RC18])"
Staphylococcus aureus,RC2,linezolid,2024,2962,2962,100.0,2024,Table 6.3,https://www.icmr.gov.in/icmrobject/uploads/Report/1763981012_icmramrsnannualreport2024.pdf,2026-08-31,100.0,100.0,"rc_panel_changed(baseline=2022,added=[],dropped=[RC1 RC15 RC18])"
Staphylococcus aureus,RC2,oxacillin,2022,397,592,67.1,2022,Table 6.3,https://www.icmr.gov.in/icmrobject/custom_data/pdf/resource-guidelines/AMRSN_Annual_Report_2022.pdf,2026-08-31,67.1,67.06,
Staphylococcus aureus,RC2,oxacillin,2023,577,1692,34.1,2023,Table 7.3,https://www.icmr.gov.in/icmrobject/uploads/Documents/1725536060_annual_report_2023.pdf,2026-08-31,34.1,34.1,"rc_panel_changed(baseline=2022,added=[],dropped=[RC18])"
Staphylococcus aureus,RC2,oxacillin,2024,1514,2962,51.1,2024,Table 6.3,https://www.icmr.gov.in/icmrobject/uploads/Report/1763981012_icmramrsnannualreport2024.pdf,2026-08-31,51.1,51.11,"rc_panel_changed(baseline=2022,added=[],dropped=[RC1 RC15 RC18])"
Staphylococcus aureus,RC2,teicoplanin,2022,356,364,97.8,2022,Table 6.3,https://www.icmr.gov.in/icmrobject/custom_data/pdf/resource-guidelines/AMRSN_Annual_Report_2022.pdf,2026-08-31,97.8,97.8,
Staphylococcus aureus,RC2,teicoplanin,2023,844,844,100.0,2023,Table 7.3,https://www.icmr.gov.in/icmrobject/uploads/Documents/1725536060_annual_report_2023.pdf,2026-08-31,100.0,100.0,"rc_panel_changed(baseline=2022,added=[],dropped=[RC18])"
Staphylococcus aureus,RC2,teicoplanin,2024,76,76,100.0,2024,Table 6.3,https://www.icmr.gov.in/icmrobject/uploads/Report/1763981012_icmramrsnannualreport2024.pdf,2026-08-31,100.0,100.0,"rc_panel_changed(baseline=2022,added=[],dropped=[RC1 RC15 RC18])"
Staphylococcus aureus,RC2,tetracycline,2022,1,1,,2022,Table 6.3,https://www.icmr.gov.in/icmrobject/custom_data/pdf/resource-guidelines/AMRSN_Annual_Report_2022.pdf,2026-08-31,,100.0,low_isolate_count_asterisk
Staphylococcus aureus,RC2,tetracycline,2023,6,7,,2023,Table 7.3,https://www.icmr.gov.in/icmrobject/uploads/Documents/1725536060_annual_report_2023.pdf,2026-08-31,,85.71,"pct_suppressed_in_source,rc_panel_changed(baseline=2022,added=[],dropped=[RC18])"
Staphylococcus aureus,RC2,tetracycline,2024,0,1,,2024,Table 6.3,https://www.icmr.gov.in/icmrobject/uploads/Report/1763981012_icmramrsnannualreport2024.pdf,2026-08-31,,0.0,"pct_suppressed_in_source,rc_panel_changed(baseline=2022,added=[],dropped=[RC1 RC15 RC18])"
Staphylococcus aureus,RC2,tigecycline,2022,1,1,,2022,Table 6.3,https://www.icmr.gov.in/icmrobject/custom_data/pdf/resource-guidelines/AMRSN_Annual_Report_2022.pdf,2026-08-31,,100.0,low_isolate_count_asterisk
Staphylococcus aureus,RC2,tigecycline,2023,2,3,0.0,2023,Table 7.3,https://www.icmr.gov.in/icmrobject/uploads/Documents/1725536060_annual_report_2023.pdf,2026-08-31,0.0,66.67,"pct_mismatch(reported=0.0,computed=66.67),rc_panel_changed(baseline=2022,added=[],dropped=[RC18])"
Staphylococcus aureus,RC2,tigecycline,2024,0,0,,2024,Table 6.3,https://www.icmr.gov.in/icmrobject/uploads/Report/1763981012_icmramrsnannualreport2024.pdf,2026-08-31,,,"no_isolates_tested,pct_suppressed_in_source,rc_panel_changed(baseline=2022,added=[],dropped=[RC1 RC15 RC18])"
Staphylococcus aureus,RC2,vancomycin,2022,577,577,100.0,2022,Table 6.3,https://www.icmr.gov.in/icmrobject/custom_data/pdf/resource-guidelines/AMRSN_Annual_Report_2022.pdf,2026-08-31,100.0,100.0,
Staphylococcus aureus,RC2,vancomycin,2023,1691,1693,99.9,2023,Table 7.3,https://www.icmr.gov.in/icmrobject/uploads/Documents/1725536060_annual_report_2023.pdf,2026-08-31,99.9,99.88,"rc_panel_changed(baseline=2022,added=[],dropped=[RC18])"
Staphylococcus aureus,RC2,vancomycin,2024,2962,2962,100.0,2024,Table 6.3,https://www.icmr.gov.in/icmrobject/uploads/Report/1763981012_icmramrsnannualreport2024.pdf,2026-08-31,100.0,100.0,"rc_panel_changed(baseline=2022,added=[],dropped=[RC1 RC15 RC18])"
Staphylococcus aureus,RC3,cefoxitin,2022,165,282,58.5,2022,Table 6.3,https://www.icmr.gov.in/icmrobject/custom_data/pdf/resource-guidelines/AMRSN_Annual_Report_2022.pdf,2026-08-31,58.5,58.51,
Staphylococcus aureus,RC3,cefoxitin,2023,189,338,55.9,2023,Table 7.3,https://www.icmr.gov.in/icmrobject/uploads/Documents/1725536060_annual_report_2023.pdf,2026-08-31,55.9,55.92,"rc_panel_changed(baseline=2022,added=[],dropped=[RC18])"
Staphylococcus aureus,RC3,cefoxitin,2024,95,153,62.1,2024,Table 6.3,https://www.icmr.gov.in/icmrobject/uploads/Report/1763981012_icmramrsnannualreport2024.pdf,2026-08-31,62.1,62.09,"rc_panel_changed(baseline=2022,added=[],dropped=[RC1 RC15 RC18])"
Staphylococcus aureus,RC3,ciprofloxacin,2022,36,41,87.8,2022,Table 6.3,https://www.icmr.gov.in/icmrobject/custom_data/pdf/resource-guidelines/AMRSN_Annual_Report_2022.pdf,2026-08-31,87.8,87.8,
Staphylococcus aureus,RC3,ciprofloxacin,2023,308,338,91.1,2023,Table 7.3,https://www.icmr.gov.in/icmrobject/uploads/Documents/1725536060_annual_report_2023.pdf,2026-08-31,91.1,91.12,"rc_panel_changed(baseline=2022,added=[],dropped=[RC18])"
Staphylococcus aureus,RC3,ciprofloxacin,2024,152,153,99.3,2024,Table 6.3,https://www.icmr.gov.in/icmrobject/uploads/Report/1763981012_icmramrsnannualreport2024.pdf,2026-08-31,99.3,99.35,"rc_panel_changed(baseline=2022,added=[],dropped=[RC1 RC15 RC18])"
Staphylococcus aureus,RC3,clindamycin,2022,115,170,67.6,2022,Table 6.3,https://www.icmr.gov.in/icmrobject/custom_data/pdf/resource-guidelines/AMRSN_Annual_Report_2022.pdf,2026-08-31,67.6,67.65,
Staphylococcus aureus,RC3,clindamycin,2023,199,338,58.9,2023,Table 7.3,https://www.icmr.gov.in/icmrobject/uploads/Documents/1725536060_annual_report_2023.pdf,2026-08-31,58.9,58.88,"rc_panel_changed(baseline=2022,added=[],dropped=[RC18])"
Staphylococcus aureus,RC3,clindamycin,2024,103,144,71.5,2024,Table 6.3,https://www.icmr.gov.in/icmrobject/uploads/Report/1763981012_icmramrsnannualreport2024.pdf,2026-08-31,71.5,71.53,"rc_panel_changed(baseline=2022,added=[],dropped=[RC1 RC15 RC18])"
Staphylococcus aureus,RC3,cotrimoxazole,2022,235,248,94.8,2022,Table 6.3,https://www.icmr.gov.in/icmrobject/custom_data/pdf/resource-guidelines/AMRSN_Annual_Report_2022.pdf,2026-08-31,94.8,94.76,
Staphylococcus aureus,RC3,cotrimoxazole,2023,320,338,94.7,2023,Table 7.3,https://www.icmr.gov.in/icmrobject/uploads/Documents/1725536060_annual_report_2023.pdf,2026-08-31,94.7,94.67,"rc_panel_changed(baseline=2022,added=[],dropped=[RC18])"
Staphylococcus aureus,RC3,cotrimoxazole,2024,149,153,97.4,2024,Table 6.3,https://www.icmr.gov.in/icmrobject/uploads/Report/1763981012_icmramrsnannualreport2024.pdf,2026-08-31,97.4,97.39,"rc_panel_changed(baseline=2022,added=[],dropped=[RC1 RC15 RC18])"
Staphylococcus aureus,RC3,erythromycin,2022,118,250,47.2,2022,Table 6.3,https://www.icmr.gov.in/icmrobject/custom_data/pdf/resource-guidelines/AMRSN_Annual_Report_2022.pdf,2026-08-31,47.2,47.2,
Staphylococcus aureus,RC3,erythromycin,2023,161,338,47.6,2023,Table 7.3,https://www.icmr.gov.in/icmrobject/uploads/Documents/1725536060_annual_report_2023.pdf,2026-08-31,47.6,47.63,"rc_panel_changed(baseline=2022,added=[],dropped=[RC18])"
Staphylococcus aureus,RC3,erythromycin,2024,72,154,46.8,2024,Table 6.3,https://www.icmr.gov.in/icmrobject/uploads/Report/1763981012_icmramrsnannualreport2024.pdf,2026-08-31,46.8,46.75,"rc_panel_changed(baseline=2022,added=[],dropped=[RC1 RC15 RC18])"
Staphylococcus aureus,RC3,linezolid,2022,277,279,99.3,2022,Table 6.3,https://www.icmr.gov.in/icmrobject/custom_data/pdf/resource-guidelines/AMRSN_Annual_Report_2022.pdf,2026-08-31,99.3,99.28,
Staphylococcus aureus,RC3,linezolid,2023,334,338,98.8,2023,Table 7.3,https://www.icmr.gov.in/icmrobject/uploads/Documents/1725536060_annual_report_2023.pdf,2026-08-31,98.8,98.82,"rc_panel_changed(baseline=2022,added=[],dropped=[RC18])"
Staphylococcus aureus,RC3,linezolid,2024,131,153,85.6,2024,Table 6.3,https://www.icmr.gov.in/icmrobject/uploads/Report/1763981012_icmramrsnannualreport2024.pdf,2026-08-31,85.6,85.62,"rc_panel_changed(baseline=2022,added=[],dropped=[RC1 RC15 RC18])"
Staphylococcus aureus,RC3,oxacillin,2023,0,0,0.0,2023,Table 7.3,https://www.icmr.gov.in/icmrobject/uploads/Documents/1725536060_annual_report_2023.pdf,2026-08-31,0.0,,"no_isolates_tested,rc_panel_changed(baseline=2022,added=[],dropped=[RC18])"
Staphylococcus aureus,RC3,oxacillin,2024,0,0,,2024,Table 6.3,https://www.icmr.gov.in/icmrobject/uploads/Report/1763981012_icmramrsnannualreport2024.pdf,2026-08-31,,,"no_isolates_tested,pct_suppressed_in_source,rc_panel_changed(baseline=2022,added=[],dropped=[RC1 RC15 RC18])"
Staphylococcus aureus,RC3,teicoplanin,2023,1,1,0.0,2023,Table 7.3,https://www.icmr.gov.in/icmrobject/uploads/Documents/1725536060_annual_report_2023.pdf,2026-08-31,0.0,100.0,"pct_mismatch(reported=0.0,computed=100.0),rc_panel_changed(baseline=2022,added=[],dropped=[RC18])"
Staphylococcus aureus,RC3,teicoplanin,2024,0,0,,2024,Table 6.3,https://www.icmr.gov.in/icmrobject/uploads/Report/1763981012_icmramrsnannualreport2024.pdf,2026-08-31,,,"no_isolates_tested,pct_suppressed_in_source,rc_panel_changed(baseline=2022,added=[],dropped=[RC1 RC15 RC18])"
Staphylococcus aureus,RC3,tetracycline,2022,138,158,87.3,2022,Table 6.3,https://www.icmr.gov.in/icmrobject/custom_data/pdf/resource-guidelines/AMRSN_Annual_Report_2022.pdf,2026-08-31,87.3,87.34,
Staphylococcus aureus,RC3,tetracycline,2023,200,216,92.6,2023,Table 7.3,https://www.icmr.gov.in/icmrobject/uploads/Documents/1725536060_annual_report_2023.pdf,2026-08-31,92.6,92.59,"rc_panel_changed(baseline=2022,added=[],dropped=[RC18])"
Staphylococcus aureus,RC3,tetracycline,2024,138,142,97.2,2024,Table 6.3,https://www.icmr.gov.in/icmrobject/uploads/Report/1763981012_icmramrsnannualreport2024.pdf,2026-08-31,97.2,97.18,"rc_panel_changed(baseline=2022,added=[],dropped=[RC1 RC15 RC18])"
Staphylococcus aureus,RC3,tigecycline,2023,0,0,,2023,Table 7.3,https://www.icmr.gov.in/icmrobject/uploads/Documents/1725536060_annual_report_2023.pdf,2026-08-31,,,"no_isolates_tested,pct_suppressed_in_source,rc_panel_changed(baseline=2022,added=[],dropped=[RC18])"
Staphylococcus aureus,RC3,tigecycline,2024,0,0,,2024,Table 6.3,https://www.icmr.gov.in/icmrobject/uploads/Report/1763981012_icmramrsnannualreport2024.pdf,2026-08-31,,,"no_isolates_tested,pct_suppressed_in_source,rc_panel_changed(baseline=2022,added=[],dropped=[RC1 RC15 RC18])"
Staphylococcus aureus,RC3,vancomycin,2022,41,41,100.0,2022,Table 6.3,https://www.icmr.gov.in/icmrobject/custom_data/pdf/resource-guidelines/AMRSN_Annual_Report_2022.pdf,2026-08-31,100.0,100.0,
Staphylococcus aureus,RC3,vancomycin,2023,338,338,100.0,2023,Table 7.3,https://www.icmr.gov.in/icmrobject/uploads/Documents/1725536060_annual_report_2023.pdf,2026-08-31,100.0,100.0,"rc_panel_changed(baseline=2022,added=[],dropped=[RC18])"
Staphylococcus aureus,RC3,vancomycin,2024,153,153,100.0,2024,Table 6.3,https://www.icmr.gov.in/icmrobject/uploads/Report/1763981012_icmramrsnannualreport2024.pdf,2026-08-31,100.0,100.0,"rc_panel_changed(baseline=2022,added=[],dropped=[RC1 RC15 RC18])"
Staphylococcus aureus,RC4,cefoxitin,2022,1421,1866,76.2,2022,Table 6.3,https://www.icmr.gov.in/icmrobject/custom_data/pdf/resource-guidelines/AMRSN_Annual_Report_2022.pdf,2026-08-31,76.2,76.15,
Staphylococcus aureus,RC4,cefoxitin,2023,1531,2098,73.0,2023,Table 7.3,https://www.icmr.gov.in/icmrobject/uploads/Documents/1725536060_annual_report_2023.pdf,2026-08-31,73.0,72.97,"rc_panel_changed(baseline=2022,added=[],dropped=[RC18])"
Staphylococcus aureus,RC4,cefoxitin,2024,44,46,95.7,2024,Table 6.3,https://www.icmr.gov.in/icmrobject/uploads/Report/1763981012_icmramrsnannualreport2024.pdf,2026-08-31,95.7,95.65,"rc_panel_changed(baseline=2022,added=[],dropped=[RC1 RC15 RC18])"
Staphylococcus aureus,RC4,ciprofloxacin,2022,574,1900,30.2,2022,Table 6.3,https://www.icmr.gov.in/icmrobject/custom_data/pdf/resource-guidelines/AMRSN_Annual_Report_2022.pdf,2026-08-31,30.2,30.21,
Staphylococcus aureus,RC4,ciprofloxacin,2023,809,2099,38.5,2023,Table 7.3,https://www.icmr.gov.in/icmrobject/uploads/Documents/1725536060_annual_report_2023.pdf,2026-08-31,38.5,38.54,"rc_panel_changed(baseline=2022,added=[],dropped=[RC18])"
Staphylococcus aureus,RC4,ciprofloxacin,2024,40,46,87.0,2024,Table 6.3,https://www.icmr.gov.in/icmrobject/uploads/Report/1763981012_icmramrsnannualreport2024.pdf,2026-08-31,87.0,86.96,"rc_panel_changed(baseline=2022,added=[],dropped=[RC1 RC15 RC18])"
Staphylococcus aureus,RC4,clindamycin,2022,1663,1960,84.8,2022,Table 6.3,https://www.icmr.gov.in/icmrobject/custom_data/pdf/resource-guidelines/AMRSN_Annual_Report_2022.pdf,2026-08-31,84.8,84.85,
Staphylococcus aureus,RC4,clindamycin,2023,1801,2099,85.8,2023,Table 7.3,https://www.icmr.gov.in/icmrobject/uploads/Documents/1725536060_annual_report_2023.pdf,2026-08-31,85.8,85.8,"rc_panel_changed(baseline=2022,added=[],dropped=[RC18])"
Staphylococcus aureus,RC4,clindamycin,2024,360,417,86.3,2024,Table 6.3,https://www.icmr.gov.in/icmrobject/uploads/Report/1763981012_icmramrsnannualreport2024.pdf,2026-08-31,86.3,86.33,"rc_panel_changed(baseline=2022,added=[],dropped=[RC1 RC15 RC18])"
Staphylococcus aureus,RC4,cotrimoxazole,2022,1302,1885,69.1,2022,Table 6.3,https://www.icmr.gov.in/icmrobject/custom_data/pdf/resource-guidelines/AMRSN_Annual_Report_2022.pdf,2026-08-31,69.1,69.07,
Staphylococcus aureus,RC4,cotrimoxazole,2023,1952,2099,93.0,2023,Table 7.3,https://www.icmr.gov.in/icmrobject/uploads/Documents/1725536060_annual_report_2023.pdf,2026-08-31,93.0,93.0,"rc_panel_changed(baseline=2022,added=[],dropped=[RC18])"
Staphylococcus aureus,RC4,cotrimoxazole,2024,45,46,97.8,2024,Table 6.3,https://www.icmr.gov.in/icmrobject/uploads/Report/1763981012_icmramrsnannualreport2024.pdf,2026-08-31,97.8,97.83,"rc_panel_changed(baseline=2022,added=[],dropped=[RC1 RC15 RC18])"
Staphylococcus aureus,RC4,erythromycin,2022,1113,1878,59.3,2022,Table 6.3,https://www.icmr.gov.in/icmrobject/custom_data/pdf/resource-guidelines/AMRSN_Annual_Report_2022.pdf,2026-08-31,59.3,59.27,
Staphylococcus aureus,RC4,erythromycin,2023,1201,2099,57.2,2023,Table 7.3,https://www.icmr.gov.in/icmrobject/uploads/Documents/1725536060_annual_report_2023.pdf,2026-08-31,57.2,57.22,"rc_panel_changed(baseline=2022,added=[],dropped=[RC18])"
Staphylococcus aureus,RC4,erythromycin,2024,275,503,54.7,2024,Table 6.3,https://www.icmr.gov.in/icmrobject/uploads/Report/1763981012_icmramrsnannualreport2024.pdf,2026-08-31,54.7,54.67,"rc_panel_changed(baseline=2022,added=[],dropped=[RC1 RC15 RC18])"
Staphylococcus aureus,RC4,linezolid,2022,1862,1867,99.7,2022,Table 6.3,https://www.icmr.gov.in/icmrobject/custom_data/pdf/resource-guidelines/AMRSN_Annual_Report_2022.pdf,2026-08-31,99.7,99.73,
Staphylococcus aureus,RC4,linezolid,2023,2099,2099,100.0,2023,Table 7.3,https://www.icmr.gov.in/icmrobject/uploads/Documents/1725536060_annual_report_2023.pdf,2026-08-31,100.0,100.0,"rc_panel_changed(baseline=2022,added=[],dropped=[RC18])"
Staphylococcus aureus,RC4,linezolid,2024,239,240,99.6,2024,Table 6.3,https://www.icmr.gov.in/icmrobject/uploads/Report/1763981012_icmramrsnannualreport2024.pdf,2026-08-31,99.6,99.58,"rc_panel_changed(baseline=2022,added=[],dropped=[RC1 RC15 RC18])"
Staphylococcus aureus,RC4,oxacillin,2022,1,4,,2022,Table 6.3,https://www.icmr.gov.in/icmrobject/custom_data/pdf/resource-guidelines/AMRSN_Annual_Report_2022.pdf,2026-08-31,,25.0,low_isolate_count_asterisk
Staphylococcus aureus,RC4,oxacillin,2023,62,371,16.7,2023,Table 7.3,https://www.icmr.gov.in/icmrobject/uploads/Documents/1725536060_annual_report_2023.pdf,2026-08-31,16.7,16.71,"rc_panel_changed(baseline=2022,added=[],dropped=[RC18])"
Staphylococcus aureus,RC4,oxacillin,2024,345,505,68.3,2024,Table 6.3,https://www.icmr.gov.in/icmrobject/uploads/Report/1763981012_icmramrsnannualreport2024.pdf,2026-08-31,68.3,68.32,"rc_panel_changed(baseline=2022,added=[],dropped=[RC1 RC15 RC18])"
Staphylococcus aureus,RC4,teicoplanin,2022,421,421,100.0,2022,Table 6.3,https://www.icmr.gov.in/icmrobject/custom_data/pdf/resource-guidelines/AMRSN_Annual_Report_2022.pdf,2026-08-31,100.0,100.0,
Staphylococcus aureus,RC4,teicoplanin,2023,720,720,100.0,2023,Table 7.3,https://www.icmr.gov.in/icmrobject/uploads/Documents/1725536060_annual_report_2023.pdf,2026-08-31,100.0,100.0,"rc_panel_changed(baseline=2022,added=[],dropped=[RC18])"
Staphylococcus aureus,RC4,teicoplanin,2024,6,6,,2024,Table 6.3,https://www.icmr.gov.in/icmrobject/uploads/Report/1763981012_icmramrsnannualreport2024.pdf,2026-08-31,,100.0,"pct_suppressed_in_source,rc_panel_changed(baseline=2022,added=[],dropped=[RC1 RC15 RC18])"
Staphylococcus aureus,RC4,tetracycline,2022,1714,1874,91.5,2022,Table 6.3,https://www.icmr.gov.in/icmrobject/custom_data/pdf/resource-guidelines/AMRSN_Annual_Report_2022.pdf,2026-08-31,91.5,91.46,
Staphylococcus aureus,RC4,tetracycline,2023,1962,2099,93.5,2023,Table 7.3,https://www.icmr.gov.in/icmrobject/uploads/Documents/1725536060_annual_report_2023.pdf,2026-08-31,93.5,93.47,"rc_panel_changed(baseline=2022,added=[],dropped=[RC18])"
Staphylococcus aureus,RC4,tetracycline,2024,44,46,95.7,2024,Table 6.3,https://www.icmr.gov.in/icmrobject/uploads/Report/1763981012_icmramrsnannualreport2024.pdf,2026-08-31,95.7,95.65,"rc_panel_changed(baseline=2022,added=[],dropped=[RC1 RC15 RC18])"
Staphylococcus aureus,RC4,tigecycline,2022,299,299,100.0,2022,Table 6.3,https://www.icmr.gov.in/icmrobject/custom_data/pdf/resource-guidelines/AMRSN_Annual_Report_2022.pdf,2026-08-31,100.0,100.0,
Staphylococcus aureus,RC4,tigecycline,2023,666,666,100.0,2023,Table 7.3,https://www.icmr.gov.in/icmrobject/uploads/Documents/1725536060_annual_report_2023.pdf,2026-08-31,100.0,100.0,"rc_panel_changed(baseline=2022,added=[],dropped=[RC18])"
Staphylococcus aureus,RC4,tigecycline,2024,2,2,,2024,Table 6.3,https://www.icmr.gov.in/icmrobject/uploads/Report/1763981012_icmramrsnannualreport2024.pdf,2026-08-31,,100.0,"pct_suppressed_in_source,rc_panel_changed(baseline=2022,added=[],dropped=[RC1 RC15 RC18])"
Staphylococcus aureus,RC4,vancomycin,2022,1862,1862,100.0,2022,Table 6.3,https://www.icmr.gov.in/icmrobject/custom_data/pdf/resource-guidelines/AMRSN_Annual_Report_2022.pdf,2026-08-31,100.0,100.0,
Staphylococcus aureus,RC4,vancomycin,2023,2099,2099,100.0,2023,Table 7.3,https://www.icmr.gov.in/icmrobject/uploads/Documents/1725536060_annual_report_2023.pdf,2026-08-31,100.0,100.0,"rc_panel_changed(baseline=2022,added=[],dropped=[RC18])"
Staphylococcus aureus,RC4,vancomycin,2024,46,46,100.0,2024,Table 6.3,https://www.icmr.gov.in/icmrobject/uploads/Report/1763981012_icmramrsnannualreport2024.pdf,2026-08-31,100.0,100.0,"rc_panel_changed(baseline=2022,added=[],dropped=[RC1 RC15 RC18])"
Staphylococcus aureus,RC5,cefoxitin,2022,161,246,65.4,2022,Table 6.3,https://www.icmr.gov.in/icmrobject/custom_data/pdf/resource-guidelines/AMRSN_Annual_Report_2022.pdf,2026-08-31,65.4,65.45,
Staphylococcus aureus,RC5,cefoxitin,2023,139,231,60.2,2023,Table 7.3,https://www.icmr.gov.in/icmrobject/uploads/Documents/1725536060_annual_report_2023.pdf,2026-08-31,60.2,60.17,"rc_panel_changed(baseline=2022,added=[],dropped=[RC18])"
Staphylococcus aureus,RC5,cefoxitin,2024,19,170,11.2,2024,Table 6.3,https://www.icmr.gov.in/icmrobject/uploads/Report/1763981012_icmramrsnannualreport2024.pdf,2026-08-31,11.2,11.18,"rc_panel_changed(baseline=2022,added=[],dropped=[RC1 RC15 RC18])"
Staphylococcus aureus,RC5,ciprofloxacin,2022,17,245,6.9,2022,Table 6.3,https://www.icmr.gov.in/icmrobject/custom_data/pdf/resource-guidelines/AMRSN_Annual_Report_2022.pdf,2026-08-31,6.9,6.94,
Staphylococcus aureus,RC5,ciprofloxacin,2023,39,236,16.5,2023,Table 7.3,https://www.icmr.gov.in/icmrobject/uploads/Documents/1725536060_annual_report_2023.pdf,2026-08-31,16.5,16.53,"rc_panel_changed(baseline=2022,added=[],dropped=[RC18])"
Staphylococcus aureus,RC5,ciprofloxacin,2024,5,170,2.9,2024,Table 6.3,https://www.icmr.gov.in/icmrobject/uploads/Report/1763981012_icmramrsnannualreport2024.pdf,2026-08-31,2.9,2.94,"rc_panel_changed(baseline=2022,added=[],dropped=[RC1 RC15 RC18])"
Staphylococcus aureus,RC5,clindamycin,2022,233,245,95.1,2022,Table 6.3,https://www.icmr.gov.in/icmrobject/custom_data/pdf/resource-guidelines/AMRSN_Annual_Report_2022.pdf,2026-08-31,95.1,95.1,
Staphylococcus aureus,RC5,clindamycin,2023,229,236,97.0,2023,Table 7.3,https://www.icmr.gov.in/icmrobject/uploads/Documents/1725536060_annual_report_2023.pdf,2026-08-31,97.0,97.03,"rc_panel_changed(baseline=2022,added=[],dropped=[RC18])"
Staphylococcus aureus,RC5,clindamycin,2024,155,170,91.2,2024,Table 6.3,https://www.icmr.gov.in/icmrobject/uploads/Report/1763981012_icmramrsnannualreport2024.pdf,2026-08-31,91.2,91.18,"rc_panel_changed(baseline=2022,added=[],dropped=[RC1 RC15 RC18])"
Staphylococcus aureus,RC5,cotrimoxazole,2022,170,251,67.7,2022,Table 6.3,https://www.icmr.gov.in/icmrobject/custom_data/pdf/resource-guidelines/AMRSN_Annual_Report_2022.pdf,2026-08-31,67.7,67.73,
Staphylococcus aureus,RC5,cotrimoxazole,2023,163,236,69.1,2023,Table 7.3,https://www.icmr.gov.in/icmrobject/uploads/Documents/1725536060_annual_report_2023.pdf,2026-08-31,69.1,69.07,"rc_panel_changed(baseline=2022,added=[],dropped=[RC18])"
Staphylococcus aureus,RC5,cotrimoxazole,2024,118,170,69.4,2024,Table 6.3,https://www.icmr.gov.in/icmrobject/uploads/Report/1763981012_icmramrsnannualreport2024.pdf,2026-08-31,69.4,69.41,"rc_panel_changed(baseline=2022,added=[],dropped=[RC1 RC15 RC18])"
Staphylococcus aureus,RC5,erythromycin,2022,97,255,38.0,2022,Table 6.3,https://www.icmr.gov.in/icmrobject/custom_data/pdf/resource-guidelines/AMRSN_Annual_Report_2022.pdf,2026-08-31,38.0,38.04,
Staphylococcus aureus,RC5,erythromycin,2023,61,235,26.0,2023,Table 7.3,https://www.icmr.gov.in/icmrobject/uploads/Documents/1725536060_annual_report_2023.pdf,2026-08-31,26.0,25.96,"rc_panel_changed(baseline=2022,added=[],dropped=[RC18])"
Staphylococcus aureus,RC5,erythromycin,2024,45,170,26.5,2024,Table 6.3,https://www.icmr.gov.in/icmrobject/uploads/Report/1763981012_icmramrsnannualreport2024.pdf,2026-08-31,26.5,26.47,"rc_panel_changed(baseline=2022,added=[],dropped=[RC1 RC15 RC18])"
Staphylococcus aureus,RC5,linezolid,2022,257,257,100.0,2022,Table 6.3,https://www.icmr.gov.in/icmrobject/custom_data/pdf/resource-guidelines/AMRSN_Annual_Report_2022.pdf,2026-08-31,100.0,100.0,
Staphylococcus aureus,RC5,linezolid,2023,236,236,100.0,2023,Table 7.3,https://www.icmr.gov.in/icmrobject/uploads/Documents/1725536060_annual_report_2023.pdf,2026-08-31,100.0,100.0,"rc_panel_changed(baseline=2022,added=[],dropped=[RC18])"
Staphylococcus aureus,RC5,linezolid,2024,168,170,98.8,2024,Table 6.3,https://www.icmr.gov.in/icmrobject/uploads/Report/1763981012_icmramrsnannualreport2024.pdf,2026-08-31,98.8,98.82,"rc_panel_changed(baseline=2022,added=[],dropped=[RC1 RC15 RC18])"
Staphylococcus aureus,RC5,oxacillin,2022,167,255,65.5,2022,Table 6.3,https://www.icmr.gov.in/icmrobject/custom_data/pdf/resource-guidelines/AMRSN_Annual_Report_2022.pdf,2026-08-31,65.5,65.49,
Staphylococcus aureus,RC5,oxacillin,2023,144,236,61.0,2023,Table 7.3,https://www.icmr.gov.in/icmrobject/uploads/Documents/1725536060_annual_report_2023.pdf,2026-08-31,61.0,61.02,"rc_panel_changed(baseline=2022,added=[],dropped=[RC18])"
Staphylococcus aureus,RC5,oxacillin,2024,20,167,12.0,2024,Table 6.3,https://www.icmr.gov.in/icmrobject/uploads/Report/1763981012_icmramrsnannualreport2024.pdf,2026-08-31,12.0,11.98,"rc_panel_changed(baseline=2022,added=[],dropped=[RC1 RC15 RC18])"
Staphylococcus aureus,RC5,teicoplanin,2022,139,139,100.0,2022,Table 6.3,https://www.icmr.gov.in/icmrobject/custom_data/pdf/resource-guidelines/AMRSN_Annual_Report_2022.pdf,2026-08-31,100.0,100.0,
Staphylococcus aureus,RC5,teicoplanin,2023,162,162,100.0,2023,Table 7.3,https://www.icmr.gov.in/icmrobject/uploads/Documents/1725536060_annual_report_2023.pdf,2026-08-31,100.0,100.0,"rc_panel_changed(baseline=2022,added=[],dropped=[RC18])"
Staphylococcus aureus,RC5,teicoplanin,2024,170,170,100.0,2024,Table 6.3,https://www.icmr.gov.in/icmrobject/uploads/Report/1763981012_icmramrsnannualreport2024.pdf,2026-08-31,100.0,100.0,"rc_panel_changed(baseline=2022,added=[],dropped=[RC1 RC15 RC18])"
Staphylococcus aureus,RC5,tetracycline,2022,202,244,82.8,2022,Table 6.3,https://www.icmr.gov.in/icmrobject/custom_data/pdf/resource-guidelines/AMRSN_Annual_Report_2022.pdf,2026-08-31,82.8,82.79,
Staphylococcus aureus,RC5,tetracycline,2023,195,226,86.3,2023,Table 7.3,https://www.icmr.gov.in/icmrobject/uploads/Documents/1725536060_annual_report_2023.pdf,2026-08-31,86.3,86.28,"rc_panel_changed(baseline=2022,added=[],dropped=[RC18])"
Staphylococcus aureus,RC5,tetracycline,2024,140,158,88.6,2024,Table 6.3,https://www.icmr.gov.in/icmrobject/uploads/Report/1763981012_icmramrsnannualreport2024.pdf,2026-08-31,88.6,88.61,"rc_panel_changed(baseline=2022,added=[],dropped=[RC1 RC15 RC18])"
Staphylococcus aureus,RC5,tigecycline,2022,17,17,,2022,Table 6.3,https://www.icmr.gov.in/icmrobject/custom_data/pdf/resource-guidelines/AMRSN_Annual_Report_2022.pdf,2026-08-31,,100.0,low_isolate_count_asterisk
Staphylococcus aureus,RC5,tigecycline,2023,14,14,,2023,Table 7.3,https://www.icmr.gov.in/icmrobject/uploads/Documents/1725536060_annual_report_2023.pdf,2026-08-31,,100.0,"pct_suppressed_in_source,rc_panel_changed(baseline=2022,added=[],dropped=[RC18])"
Staphylococcus aureus,RC5,tigecycline,2024,0,0,,2024,Table 6.3,https://www.icmr.gov.in/icmrobject/uploads/Report/1763981012_icmramrsnannualreport2024.pdf,2026-08-31,,,"no_isolates_tested,pct_suppressed_in_source,rc_panel_changed(baseline=2022,added=[],dropped=[RC1 RC15 RC18])"
Staphylococcus aureus,RC5,vancomycin,2022,156,156,100.0,2022,Table 6.3,https://www.icmr.gov.in/icmrobject/custom_data/pdf/resource-guidelines/AMRSN_Annual_Report_2022.pdf,2026-08-31,100.0,100.0,
Staphylococcus aureus,RC5,vancomycin,2023,236,236,100.0,2023,Table 7.3,https://www.icmr.gov.in/icmrobject/uploads/Documents/1725536060_annual_report_2023.pdf,2026-08-31,100.0,100.0,"rc_panel_changed(baseline=2022,added=[],dropped=[RC18])"
Staphylococcus aureus,RC5,vancomycin,2024,170,170,100.0,2024,Table 6.3,https://www.icmr.gov.in/icmrobject/uploads/Report/1763981012_icmramrsnannualreport2024.pdf,2026-08-31,100.0,100.0,"rc_panel_changed(baseline=2022,added=[],dropped=[RC1 RC15 RC18])"
Staphylococcus aureus,RC6,cefoxitin,2022,193,400,48.3,2022,Table 6.3,https://www.icmr.gov.in/icmrobject/custom_data/pdf/resource-guidelines/AMRSN_Annual_Report_2022.pdf,2026-08-31,48.3,48.25,
Staphylococcus aureus,RC6,cefoxitin,2023,139,329,42.2,2023,Table 7.3,https://www.icmr.gov.in/icmrobject/uploads/Documents/1725536060_annual_report_2023.pdf,2026-08-31,42.2,42.25,"rc_panel_changed(baseline=2022,added=[],dropped=[RC18])"
Staphylococcus aureus,RC6,cefoxitin,2024,165,396,41.7,2024,Table 6.3,https://www.icmr.gov.in/icmrobject/uploads/Report/1763981012_icmramrsnannualreport2024.pdf,2026-08-31,41.7,41.67,"rc_panel_changed(baseline=2022,added=[],dropped=[RC1 RC15 RC18])"
Staphylococcus aureus,RC6,ciprofloxacin,2022,14,403,3.5,2022,Table 6.3,https://www.icmr.gov.in/icmrobject/custom_data/pdf/resource-guidelines/AMRSN_Annual_Report_2022.pdf,2026-08-31,3.5,3.47,
Staphylococcus aureus,RC6,ciprofloxacin,2023,13,338,3.8,2023,Table 7.3,https://www.icmr.gov.in/icmrobject/uploads/Documents/1725536060_annual_report_2023.pdf,2026-08-31,3.8,3.85,"rc_panel_changed(baseline=2022,added=[],dropped=[RC18])"
Staphylococcus aureus,RC6,ciprofloxacin,2024,15,399,3.8,2024,Table 6.3,https://www.icmr.gov.in/icmrobject/uploads/Report/1763981012_icmramrsnannualreport2024.pdf,2026-08-31,3.8,3.76,"rc_panel_changed(baseline=2022,added=[],dropped=[RC1 RC15 RC18])"
Staphylococcus aureus,RC6,clindamycin,2022,272,403,67.5,2022,Table 6.3,https://www.icmr.gov.in/icmrobject/custom_data/pdf/resource-guidelines/AMRSN_Annual_Report_2022.pdf,2026-08-31,67.5,67.49,
Staphylococcus aureus,RC6,clindamycin,2023,228,338,67.5,2023,Table 7.3,https://www.icmr.gov.in/icmrobject/uploads/Documents/1725536060_annual_report_2023.pdf,2026-08-31,67.5,67.46,"rc_panel_changed(baseline=2022,added=[],dropped=[RC18])"
Staphylococcus aureus,RC6,clindamycin,2024,256,397,64.5,2024,Table 6.3,https://www.icmr.gov.in/icmrobject/uploads/Report/1763981012_icmramrsnannualreport2024.pdf,2026-08-31,64.5,64.48,"rc_panel_changed(baseline=2022,added=[],dropped=[RC1 RC15 RC18])"
Staphylococcus aureus,RC6,cotrimoxazole,2022,194,403,48.1,2022,Table 6.3,https://www.icmr.gov.in/icmrobject/custom_data/pdf/resource-guidelines/AMRSN_Annual_Report_2022.pdf,2026-08-31,48.1,48.14,
Staphylococcus aureus,RC6,cotrimoxazole,2023,155,338,45.9,2023,Table 7.3,https://www.icmr.gov.in/icmrobject/uploads/Documents/1725536060_annual_report_2023.pdf,2026-08-31,45.9,45.86,"rc_panel_changed(baseline=2022,added=[],dropped=[RC18])"
Staphylococcus aureus,RC6,cotrimoxazole,2024,181,399,45.4,2024,Table 6.3,https://www.icmr.gov.in/icmrobject/uploads/Report/1763981012_icmramrsnannualreport2024.pdf,2026-08-31,45.4,45.36,"rc_panel_changed(baseline=2022,added=[],dropped=[RC1 RC15 RC18])"
Staphylococcus aureus,RC6,erythromycin,2022,118,400,29.5,2022,Table 6.3,https://www.icmr.gov.in/icmrobject/custom_data/pdf/resource-guidelines/AMRSN_Annual_Report_2022.pdf,2026-08-31,29.5,29.5,
Staphylococcus aureus,RC6,erythromycin,2023,102,338,30.2,2023,Table 7.3,https://www.icmr.gov.in/icmrobject/uploads/Documents/1725536060_annual_report_2023.pdf,2026-08-31,30.2,30.18,"rc_panel_changed(baseline=2022,added=[],dropped=[RC18])"
Staphylococcus aureus,RC6,erythromycin,2024,124,398,31.2,2024,Table 6.3,https://www.icmr.gov.in/icmrobject/uploads/Report/1763981012_icmramrsnannualreport2024.pdf,2026-08-31,31.2,31.16,"rc_panel_changed(baseline=2022,added=[],dropped=[RC1 RC15 RC18])"
Staphylococcus aureus,RC6,linezolid,2022,393,401,98.0,2022,Table 6.3,https://www.icmr.gov.in/icmrobject/custom_data/pdf/resource-guidelines/AMRSN_Annual_Report_2022.pdf,2026-08-31,98.0,98.0,
Staphylococcus aureus,RC6,linezolid,2023,336,338,99.4,2023,Table 7.3,https://www.icmr.gov.in/icmrobject/uploads/Documents/1725536060_annual_report_2023.pdf,2026-08-31,99.4,99.41,"rc_panel_changed(baseline=2022,added=[],dropped=[RC18])"
Staphylococcus aureus,RC6,linezolid,2024,388,401,96.8,2024,Table 6.3,https://www.icmr.gov.in/icmrobject/uploads/Report/1763981012_icmramrsnannualreport2024.pdf,2026-08-31,96.8,96.76,"rc_panel_changed(baseline=2022,added=[],dropped=[RC1 RC15 RC18])"
Staphylococcus aureus,RC6,oxacillin,2022,190,392,48.5,2022,Table 6.3,https://www.icmr.gov.in/icmrobject/custom_data/pdf/resource-guidelines/AMRSN_Annual_Report_2022.pdf,2026-08-31,48.5,48.47,
Staphylococcus aureus,RC6,oxacillin,2023,13,38,34.2,2023,Table 7.3,https://www.icmr.gov.in/icmrobject/uploads/Documents/1725536060_annual_report_2023.pdf,2026-08-31,34.2,34.21,"rc_panel_changed(baseline=2022,added=[],dropped=[RC18])"
Staphylococcus aureus,RC6,oxacillin,2024,15,28,,2024,Table 6.3,https://www.icmr.gov.in/icmrobject/uploads/Report/1763981012_icmramrsnannualreport2024.pdf,2026-08-31,,53.57,"pct_suppressed_in_source,rc_panel_changed(baseline=2022,added=[],dropped=[RC1 RC15 RC18])"
Staphylococcus aureus,RC6,teicoplanin,2022,403,403,100.0,2022,Table 6.3,https://www.icmr.gov.in/icmrobject/custom_data/pdf/resource-guidelines/AMRSN_Annual_Report_2022.pdf,2026-08-31,100.0,100.0,
Staphylococcus aureus,RC6,teicoplanin,2023,335,335,100.0,2023,Table 7.3,https://www.icmr.gov.in/icmrobject/uploads/Documents/1725536060_annual_report_2023.pdf,2026-08-31,100.0,100.0,"rc_panel_changed(baseline=2022,added=[],dropped=[RC18])"
Staphylococcus aureus,RC6,teicoplanin,2024,399,399,100.0,2024,Table 6.3,https://www.icmr.gov.in/icmrobject/uploads/Report/1763981012_icmramrsnannualreport2024.pdf,2026-08-31,100.0,100.0,"rc_panel_changed(baseline=2022,added=[],dropped=[RC1 RC15 RC18])"
Staphylococcus aureus,RC6,tetracycline,2022,319,371,86.0,2022,Table 6.3,https://www.icmr.gov.in/icmrobject/custom_data/pdf/resource-guidelines/AMRSN_Annual_Report_2022.pdf,2026-08-31,86.0,85.98,
Staphylococcus aureus,RC6,tetracycline,2023,272,320,85.0,2023,Table 7.3,https://www.icmr.gov.in/icmrobject/uploads/Documents/1725536060_annual_report_2023.pdf,2026-08-31,85.0,85.0,"rc_panel_changed(baseline=2022,added=[],dropped=[RC18])"
Staphylococcus aureus,RC6,tetracycline,2024,329,383,85.9,2024,Table 6.3,https://www.icmr.gov.in/icmrobject/uploads/Report/1763981012_icmramrsnannualreport2024.pdf,2026-08-31,85.9,85.9,"rc_panel_changed(baseline=2022,added=[],dropped=[RC1 RC15 RC18])"
Staphylococcus aureus,RC6,tigecycline,2022,356,356,100.0,2022,Table 6.3,https://www.icmr.gov.in/icmrobject/custom_data/pdf/resource-guidelines/AMRSN_Annual_Report_2022.pdf,2026-08-31,100.0,100.0,
Staphylococcus aureus,RC6,tigecycline,2023,16,18,,2023,Table 7.3,https://www.icmr.gov.in/icmrobject/uploads/Documents/1725536060_annual_report_2023.pdf,2026-08-31,,88.89,"pct_suppressed_in_source,rc_panel_changed(baseline=2022,added=[],dropped=[RC18])"
Staphylococcus aureus,RC6,tigecycline,2024,3,3,,2024,Table 6.3,https://www.icmr.gov.in/icmrobject/uploads/Report/1763981012_icmramrsnannualreport2024.pdf,2026-08-31,,100.0,"pct_suppressed_in_source,rc_panel_changed(baseline=2022,added=[],dropped=[RC1 RC15 RC18])"
Staphylococcus aureus,RC6,vancomycin,2022,402,402,100.0,2022,Table 6.3,https://www.icmr.gov.in/icmrobject/custom_data/pdf/resource-guidelines/AMRSN_Annual_Report_2022.pdf,2026-08-31,100.0,100.0,
Staphylococcus aureus,RC6,vancomycin,2023,338,338,100.0,2023,Table 7.3,https://www.icmr.gov.in/icmrobject/uploads/Documents/1725536060_annual_report_2023.pdf,2026-08-31,100.0,100.0,"rc_panel_changed(baseline=2022,added=[],dropped=[RC18])"
Staphylococcus aureus,RC6,vancomycin,2024,399,399,100.0,2024,Table 6.3,https://www.icmr.gov.in/icmrobject/uploads/Report/1763981012_icmramrsnannualreport2024.pdf,2026-08-31,100.0,100.0,"rc_panel_changed(baseline=2022,added=[],dropped=[RC1 RC15 RC18])"
Staphylococcus aureus,RC7,cefoxitin,2022,22,51,43.1,2022,Table 6.3,https://www.icmr.gov.in/icmrobject/custom_data/pdf/resource-guidelines/AMRSN_Annual_Report_2022.pdf,2026-08-31,43.1,43.14,
Staphylococcus aureus,RC7,cefoxitin,2023,27,38,71.1,2023,Table 7.3,https://www.icmr.gov.in/icmrobject/uploads/Documents/1725536060_annual_report_2023.pdf,2026-08-31,71.1,71.05,"rc_panel_changed(baseline=2022,added=[],dropped=[RC18])"
Staphylococcus aureus,RC7,cefoxitin,2024,44,52,84.6,2024,Table 6.3,https://www.icmr.gov.in/icmrobject/uploads/Report/1763981012_icmramrsnannualreport2024.pdf,2026-08-31,84.6,84.62,"rc_panel_changed(baseline=2022,added=[],dropped=[RC1 RC15 RC18])"
Staphylococcus aureus,RC7,ciprofloxacin,2022,13,115,11.3,2022,Table 6.3,https://www.icmr.gov.in/icmrobject/custom_data/pdf/resource-guidelines/AMRSN_Annual_Report_2022.pdf,2026-08-31,11.3,11.3,
Staphylococcus aureus,RC7,ciprofloxacin,2023,10,77,13.0,2023,Table 7.3,https://www.icmr.gov.in/icmrobject/uploads/Documents/1725536060_annual_report_2023.pdf,2026-08-31,13.0,12.99,"rc_panel_changed(baseline=2022,added=[],dropped=[RC18])"
Staphylococcus aureus,RC7,ciprofloxacin,2024,16,203,7.9,2024,Table 6.3,https://www.icmr.gov.in/icmrobject/uploads/Report/1763981012_icmramrsnannualreport2024.pdf,2026-08-31,7.9,7.88,"rc_panel_changed(baseline=2022,added=[],dropped=[RC1 RC15 RC18])"
Staphylococcus aureus,RC7,clindamycin,2022,105,132,79.5,2022,Table 6.3,https://www.icmr.gov.in/icmrobject/custom_data/pdf/resource-guidelines/AMRSN_Annual_Report_2022.pdf,2026-08-31,79.5,79.55,
Staphylococcus aureus,RC7,clindamycin,2023,61,73,83.6,2023,Table 7.3,https://www.icmr.gov.in/icmrobject/uploads/Documents/1725536060_annual_report_2023.pdf,2026-08-31,83.6,83.56,"rc_panel_changed(baseline=2022,added=[],dropped=[RC18])"
Staphylococcus aureus,RC7,clindamycin,2024,160,199,80.4,2024,Table 6.3,https://www.icmr.gov.in/icmrobject/uploads/Report/1763981012_icmramrsnannualreport2024.pdf,2026-08-31,80.4,80.4,"rc_panel_changed(baseline=2022,added=[],dropped=[RC1 RC15 RC18])"
Staphylococcus aureus,RC7,cotrimoxazole,2022,91,124,73.4,2022,Table 6.3,https://www.icmr.gov.in/icmrobject/custom_data/pdf/resource-guidelines/AMRSN_Annual_Report_2022.pdf,2026-08-31,73.4,73.39,
Staphylococcus aureus,RC7,cotrimoxazole,2023,46,77,59.7,2023,Table 7.3,https://www.icmr.gov.in/icmrobject/uploads/Documents/1725536060_annual_report_2023.pdf,2026-08-31,59.7,59.74,"rc_panel_changed(baseline=2022,added=[],dropped=[RC18])"
Staphylococcus aureus,RC7,cotrimoxazole,2024,116,202,57.4,2024,Table 6.3,https://www.icmr.gov.in/icmrobject/uploads/Report/1763981012_icmramrsnannualreport2024.pdf,2026-08-31,57.4,57.43,"rc_panel_changed(baseline=2022,added=[],dropped=[RC1 RC15 RC18])"
Staphylococcus aureus,RC7,erythromycin,2022,47,131,35.9,2022,Table 6.3,https://www.icmr.gov.in/icmrobject/custom_data/pdf/resource-guidelines/AMRSN_Annual_Report_2022.pdf,2026-08-31,35.9,35.88,
Staphylococcus aureus,RC7,erythromycin,2023,26,75,34.7,2023,Table 7.3,https://www.icmr.gov.in/icmrobject/uploads/Documents/1725536060_annual_report_2023.pdf,2026-08-31,34.7,34.67,"rc_panel_changed(baseline=2022,added=[],dropped=[RC18])"
Staphylococcus aureus,RC7,erythromycin,2024,54,199,27.1,2024,Table 6.3,https://www.icmr.gov.in/icmrobject/uploads/Report/1763981012_icmramrsnannualreport2024.pdf,2026-08-31,27.1,27.14,"rc_panel_changed(baseline=2022,added=[],dropped=[RC1 RC15 RC18])"
Staphylococcus aureus,RC7,linezolid,2022,132,134,98.5,2022,Table 6.3,https://www.icmr.gov.in/icmrobject/custom_data/pdf/resource-guidelines/AMRSN_Annual_Report_2022.pdf,2026-08-31,98.5,98.51,
Staphylococcus aureus,RC7,linezolid,2023,77,77,100.0,2023,Table 7.3,https://www.icmr.gov.in/icmrobject/uploads/Documents/1725536060_annual_report_2023.pdf,2026-08-31,100.0,100.0,"rc_panel_changed(baseline=2022,added=[],dropped=[RC18])"
Staphylococcus aureus,RC7,linezolid,2024,200,203,98.5,2024,Table 6.3,https://www.icmr.gov.in/icmrobject/uploads/Report/1763981012_icmramrsnannualreport2024.pdf,2026-08-31,98.5,98.52,"rc_panel_changed(baseline=2022,added=[],dropped=[RC1 RC15 RC18])"
Staphylococcus aureus,RC7,oxacillin,2022,33,102,32.4,2022,Table 6.3,https://www.icmr.gov.in/icmrobject/custom_data/pdf/resource-guidelines/AMRSN_Annual_Report_2022.pdf,2026-08-31,32.4,32.35,
Staphylococcus aureus,RC7,oxacillin,2023,27,61,44.3,2023,Table 7.3,https://www.icmr.gov.in/icmrobject/uploads/Documents/1725536060_annual_report_2023.pdf,2026-08-31,44.3,44.26,"rc_panel_changed(baseline=2022,added=[],dropped=[RC18])"
Staphylococcus aureus,RC7,oxacillin,2024,78,185,42.2,2024,Table 6.3,https://www.icmr.gov.in/icmrobject/uploads/Report/1763981012_icmramrsnannualreport2024.pdf,2026-08-31,42.2,42.16,"rc_panel_changed(baseline=2022,added=[],dropped=[RC1 RC15 RC18])"
Staphylococcus aureus,RC7,teicoplanin,2022,116,118,98.3,2022,Table 6.3,https://www.icmr.gov.in/icmrobject/custom_data/pdf/resource-guidelines/AMRSN_Annual_Report_2022.pdf,2026-08-31,98.3,98.31,
Staphylococcus aureus,RC7,teicoplanin,2023,65,65,100.0,2023,Table 7.3,https://www.icmr.gov.in/icmrobject/uploads/Documents/1725536060_annual_report_2023.pdf,2026-08-31,100.0,100.0,"rc_panel_changed(baseline=2022,added=[],dropped=[RC18])"
Staphylococcus aureus,RC7,teicoplanin,2024,174,174,100.0,2024,Table 6.3,https://www.icmr.gov.in/icmrobject/uploads/Report/1763981012_icmramrsnannualreport2024.pdf,2026-08-31,100.0,100.0,"rc_panel_changed(baseline=2022,added=[],dropped=[RC1 RC15 RC18])"
Staphylococcus aureus,RC7,tetracycline,2022,103,117,88.0,2022,Table 6.3,https://www.icmr.gov.in/icmrobject/custom_data/pdf/resource-guidelines/AMRSN_Annual_Report_2022.pdf,2026-08-31,88.0,88.03,
Staphylococcus aureus,RC7,tetracycline,2023,61,73,83.6,2023,Table 7.3,https://www.icmr.gov.in/icmrobject/uploads/Documents/1725536060_annual_report_2023.pdf,2026-08-31,83.6,83.56,"rc_panel_changed(baseline=2022,added=[],dropped=[RC18])"
Staphylococcus aureus,RC7,tetracycline,2024,165,195,84.6,2024,Table 6.3,https://www.icmr.gov.in/icmrobject/uploads/Report/1763981012_icmramrsnannualreport2024.pdf,2026-08-31,84.6,84.62,"rc_panel_changed(baseline=2022,added=[],dropped=[RC1 RC15 RC18])"
Staphylococcus aureus,RC7,tigecycline,2022,101,101,100.0,2022,Table 6.3,https://www.icmr.gov.in/icmrobject/custom_data/pdf/resource-guidelines/AMRSN_Annual_Report_2022.pdf,2026-08-31,100.0,100.0,
Staphylococcus aureus,RC7,tigecycline,2023,58,58,100.0,2023,Table 7.3,https://www.icmr.gov.in/icmrobject/uploads/Documents/1725536060_annual_report_2023.pdf,2026-08-31,100.0,100.0,"rc_panel_changed(baseline=2022,added=[],dropped=[RC18])"
Staphylococcus aureus,RC7,tigecycline,2024,182,182,100.0,2024,Table 6.3,https://www.icmr.gov.in/icmrobject/uploads/Report/1763981012_icmramrsnannualreport2024.pdf,2026-08-31,100.0,100.0,"rc_panel_changed(baseline=2022,added=[],dropped=[RC1 RC15 RC18])"
Staphylococcus aureus,RC7,vancomycin,2022,121,121,100.0,2022,Table 6.3,https://www.icmr.gov.in/icmrobject/custom_data/pdf/resource-guidelines/AMRSN_Annual_Report_2022.pdf,2026-08-31,100.0,100.0,
Staphylococcus aureus,RC7,vancomycin,2023,77,77,100.0,2023,Table 7.3,https://www.icmr.gov.in/icmrobject/uploads/Documents/1725536060_annual_report_2023.pdf,2026-08-31,100.0,100.0,"rc_panel_changed(baseline=2022,added=[],dropped=[RC18])"
Staphylococcus aureus,RC7,vancomycin,2024,202,202,100.0,2024,Table 6.3,https://www.icmr.gov.in/icmrobject/uploads/Report/1763981012_icmramrsnannualreport2024.pdf,2026-08-31,100.0,100.0,"rc_panel_changed(baseline=2022,added=[],dropped=[RC1 RC15 RC18])"
Staphylococcus aureus,RC8,cefoxitin,2022,172,238,72.3,2022,Table 6.3,https://www.icmr.gov.in/icmrobject/custom_data/pdf/resource-guidelines/AMRSN_Annual_Report_2022.pdf,2026-08-31,72.3,72.27,
Staphylococcus aureus,RC8,cefoxitin,2023,170,257,66.1,2023,Table 7.3,https://www.icmr.gov.in/icmrobject/uploads/Documents/1725536060_annual_report_2023.pdf,2026-08-31,66.1,66.15,"rc_panel_changed(baseline=2022,added=[],dropped=[RC18])"
Staphylococcus aureus,RC8,cefoxitin,2024,202,312,64.7,2024,Table 6.3,https://www.icmr.gov.in/icmrobject/uploads/Report/1763981012_icmramrsnannualreport2024.pdf,2026-08-31,64.7,64.74,"rc_panel_changed(baseline=2022,added=[],dropped=[RC1 RC15 RC18])"
Staphylococcus aureus,RC8,ciprofloxacin,2022,45,238,18.9,2022,Table 6.3,https://www.icmr.gov.in/icmrobject/custom_data/pdf/resource-guidelines/AMRSN_Annual_Report_2022.pdf,2026-08-31,18.9,18.91,
Staphylococcus aureus,RC8,ciprofloxacin,2023,50,260,19.2,2023,Table 7.3,https://www.icmr.gov.in/icmrobject/uploads/Documents/1725536060_annual_report_2023.pdf,2026-08-31,19.2,19.23,"rc_panel_changed(baseline=2022,added=[],dropped=[RC18])"
Staphylococcus aureus,RC8,ciprofloxacin,2024,67,316,21.2,2024,Table 6.3,https://www.icmr.gov.in/icmrobject/uploads/Report/1763981012_icmramrsnannualreport2024.pdf,2026-08-31,21.2,21.2,"rc_panel_changed(baseline=2022,added=[],dropped=[RC1 RC15 RC18])"
Staphylococcus aureus,RC8,clindamycin,2022,231,237,97.5,2022,Table 6.3,https://www.icmr.gov.in/icmrobject/custom_data/pdf/resource-guidelines/AMRSN_Annual_Report_2022.pdf,2026-08-31,97.5,97.47,
Staphylococcus aureus,RC8,clindamycin,2023,254,260,97.7,2023,Table 7.3,https://www.icmr.gov.in/icmrobject/uploads/Documents/1725536060_annual_report_2023.pdf,2026-08-31,97.7,97.69,"rc_panel_changed(baseline=2022,added=[],dropped=[RC18])"
Staphylococcus aureus,RC8,clindamycin,2024,308,316,97.5,2024,Table 6.3,https://www.icmr.gov.in/icmrobject/uploads/Report/1763981012_icmramrsnannualreport2024.pdf,2026-08-31,97.5,97.47,"rc_panel_changed(baseline=2022,added=[],dropped=[RC1 RC15 RC18])"
Staphylococcus aureus,RC8,cotrimoxazole,2022,81,145,55.9,2022,Table 6.3,https://www.icmr.gov.in/icmrobject/custom_data/pdf/resource-guidelines/AMRSN_Annual_Report_2022.pdf,2026-08-31,55.9,55.86,
Staphylococcus aureus,RC8,cotrimoxazole,2023,199,260,76.5,2023,Table 7.3,https://www.icmr.gov.in/icmrobject/uploads/Documents/1725536060_annual_report_2023.pdf,2026-08-31,76.5,76.54,"rc_panel_changed(baseline=2022,added=[],dropped=[RC18])"
Staphylococcus aureus,RC8,cotrimoxazole,2024,237,316,75.0,2024,Table 6.3,https://www.icmr.gov.in/icmrobject/uploads/Report/1763981012_icmramrsnannualreport2024.pdf,2026-08-31,75.0,75.0,"rc_panel_changed(baseline=2022,added=[],dropped=[RC1 RC15 RC18])"
Staphylococcus aureus,RC8,erythromycin,2022,88,238,37.0,2022,Table 6.3,https://www.icmr.gov.in/icmrobject/custom_data/pdf/resource-guidelines/AMRSN_Annual_Report_2022.pdf,2026-08-31,37.0,36.97,
Staphylococcus aureus,RC8,erythromycin,2023,94,257,36.6,2023,Table 7.3,https://www.icmr.gov.in/icmrobject/uploads/Documents/1725536060_annual_report_2023.pdf,2026-08-31,36.6,36.58,"rc_panel_changed(baseline=2022,added=[],dropped=[RC18])"
Staphylococcus aureus,RC8,erythromycin,2024,120,309,38.8,2024,Table 6.3,https://www.icmr.gov.in/icmrobject/uploads/Report/1763981012_icmramrsnannualreport2024.pdf,2026-08-31,38.8,38.83,"rc_panel_changed(baseline=2022,added=[],dropped=[RC1 RC15 RC18])"
Staphylococcus aureus,RC8,linezolid,2022,238,238,100.0,2022,Table 6.3,https://www.icmr.gov.in/icmrobject/custom_data/pdf/resource-guidelines/AMRSN_Annual_Report_2022.pdf,2026-08-31,100.0,100.0,
Staphylococcus aureus,RC8,linezolid,2023,259,260,99.6,2023,Table 7.3,https://www.icmr.gov.in/icmrobject/uploads/Documents/1725536060_annual_report_2023.pdf,2026-08-31,99.6,99.62,"rc_panel_changed(baseline=2022,added=[],dropped=[RC18])"
Staphylococcus aureus,RC8,linezolid,2024,316,316,100.0,2024,Table 6.3,https://www.icmr.gov.in/icmrobject/uploads/Report/1763981012_icmramrsnannualreport2024.pdf,2026-08-31,100.0,100.0,"rc_panel_changed(baseline=2022,added=[],dropped=[RC1 RC15 RC18])"
Staphylococcus aureus,RC8,oxacillin,2022,174,237,73.4,2022,Table 6.3,https://www.icmr.gov.in/icmrobject/custom_data/pdf/resource-guidelines/AMRSN_Annual_Report_2022.pdf,2026-08-31,73.4,73.42,
Staphylococcus aureus,RC8,oxacillin,2023,170,260,65.4,2023,Table 7.3,https://www.icmr.gov.in/icmrobject/uploads/Documents/1725536060_annual_report_2023.pdf,2026-08-31,65.4,65.38,"rc_panel_changed(baseline=2022,added=[],dropped=[RC18])"
Staphylococcus aureus,RC8,oxacillin,2024,209,316,66.1,2024,Table 6.3,https://www.icmr.gov.in/icmrobject/uploads/Report/1763981012_icmramrsnannualreport2024.pdf,2026-08-31,66.1,66.14,"rc_panel_changed(baseline=2022,added=[],dropped=[RC1 RC15 RC18])"
Staphylococcus aureus,RC8,teicoplanin,2022,237,237,100.0,2022,Table 6.3,https://www.icmr.gov.in/icmrobject/custom_data/pdf/resource-guidelines/AMRSN_Annual_Report_2022.pdf,2026-08-31,100.0,100.0,
Staphylococcus aureus,RC8,teicoplanin,2023,260,260,100.0,2023,Table 7.3,https://www.icmr.gov.in/icmrobject/uploads/Documents/1725536060_annual_report_2023.pdf,2026-08-31,100.0,100.0,"rc_panel_changed(baseline=2022,added=[],dropped=[RC18])"
Staphylococcus aureus,RC8,teicoplanin,2024,316,316,100.0,2024,Table 6.3,https://www.icmr.gov.in/icmrobject/uploads/Report/1763981012_icmramrsnannualreport2024.pdf,2026-08-31,100.0,100.0,"rc_panel_changed(baseline=2022,added=[],dropped=[RC1 RC15 RC18])"
Staphylococcus aureus,RC8,tetracycline,2022,218,231,94.4,2022,Table 6.3,https://www.icmr.gov.in/icmrobject/custom_data/pdf/resource-guidelines/AMRSN_Annual_Report_2022.pdf,2026-08-31,94.4,94.37,
Staphylococcus aureus,RC8,tetracycline,2023,251,260,96.5,2023,Table 7.3,https://www.icmr.gov.in/icmrobject/uploads/Documents/1725536060_annual_report_2023.pdf,2026-08-31,96.5,96.54,"rc_panel_changed(baseline=2022,added=[],dropped=[RC18])"
Staphylococcus aureus,RC8,tetracycline,2024,289,316,91.5,2024,Table 6.3,https://www.icmr.gov.in/icmrobject/uploads/Report/1763981012_icmramrsnannualreport2024.pdf,2026-08-31,91.5,91.46,"rc_panel_changed(baseline=2022,added=[],dropped=[RC1 RC15 RC18])"
Staphylococcus aureus,RC8,tigecycline,2022,238,238,100.0,2022,Table 6.3,https://www.icmr.gov.in/icmrobject/custom_data/pdf/resource-guidelines/AMRSN_Annual_Report_2022.pdf,2026-08-31,100.0,100.0,
Staphylococcus aureus,RC8,tigecycline,2023,260,260,100.0,2023,Table 7.3,https://www.icmr.gov.in/icmrobject/uploads/Documents/1725536060_annual_report_2023.pdf,2026-08-31,100.0,100.0,"rc_panel_changed(baseline=2022,added=[],dropped=[RC18])"
Staphylococcus aureus,RC8,tigecycline,2024,316,316,100.0,2024,Table 6.3,https://www.icmr.gov.in/icmrobject/uploads/Report/1763981012_icmramrsnannualreport2024.pdf,2026-08-31,100.0,100.0,"rc_panel_changed(baseline=2022,added=[],dropped=[RC1 RC15 RC18])"
Staphylococcus aureus,RC8,vancomycin,2022,238,238,100.0,2022,Table 6.3,https://www.icmr.gov.in/icmrobject/custom_data/pdf/resource-guidelines/AMRSN_Annual_Report_2022.pdf,2026-08-31,100.0,100.0,
Staphylococcus aureus,RC8,vancomycin,2023,260,260,100.0,2023,Table 7.3,https://www.icmr.gov.in/icmrobject/uploads/Documents/1725536060_annual_report_2023.pdf,2026-08-31,100.0,100.0,"rc_panel_changed(baseline=2022,added=[],dropped=[RC18])"
Staphylococcus aureus,RC8,vancomycin,2024,316,316,100.0,2024,Table 6.3,https://www.icmr.gov.in/icmrobject/uploads/Report/1763981012_icmramrsnannualreport2024.pdf,2026-08-31,100.0,100.0,"rc_panel_changed(baseline=2022,added=[],dropped=[RC1 RC15 RC18])"
Staphylococcus aureus,RC9,cefoxitin,2022,178,337,52.8,2022,Table 6.3,https://www.icmr.gov.in/icmrobject/custom_data/pdf/resource-guidelines/AMRSN_Annual_Report_2022.pdf,2026-08-31,52.8,52.82,
Staphylococcus aureus,RC9,cefoxitin,2023,149,309,48.2,2023,Table 7.3,https://www.icmr.gov.in/icmrobject/uploads/Documents/1725536060_annual_report_2023.pdf,2026-08-31,48.2,48.22,"rc_panel_changed(baseline=2022,added=[],dropped=[RC18])"
Staphylococcus aureus,RC9,cefoxitin,2024,173,337,51.3,2024,Table 6.3,https://www.icmr.gov.in/icmrobject/uploads/Report/1763981012_icmramrsnannualreport2024.pdf,2026-08-31,51.3,51.34,"rc_panel_changed(baseline=2022,added=[],dropped=[RC1 RC15 RC18])"
Staphylococcus aureus,RC9,ciprofloxacin,2022,135,337,40.1,2022,Table 6.3,https://www.icmr.gov.in/icmrobject/custom_data/pdf/resource-guidelines/AMRSN_Annual_Report_2022.pdf,2026-08-31,40.1,40.06,
Staphylococcus aureus,RC9,ciprofloxacin,2023,46,309,14.9,2023,Table 7.3,https://www.icmr.gov.in/icmrobject/uploads/Documents/1725536060_annual_report_2023.pdf,2026-08-31,14.9,14.89,"rc_panel_changed(baseline=2022,added=[],dropped=[RC18])"
Staphylococcus aureus,RC9,ciprofloxacin,2024,47,337,13.9,2024,Table 6.3,https://www.icmr.gov.in/icmrobject/uploads/Report/1763981012_icmramrsnannualreport2024.pdf,2026-08-31,13.9,13.95,"rc_panel_changed(baseline=2022,added=[],dropped=[RC1 RC15 RC18])"
Staphylococcus aureus,RC9,clindamycin,2022,283,336,84.2,2022,Table 6.3,https://www.icmr.gov.in/icmrobject/custom_data/pdf/resource-guidelines/AMRSN_Annual_Report_2022.pdf,2026-08-31,84.2,84.23,
Staphylococcus aureus,RC9,clindamycin,2023,244,291,83.8,2023,Table 7.3,https://www.icmr.gov.in/icmrobject/uploads/Documents/1725536060_annual_report_2023.pdf,2026-08-31,83.8,83.85,"rc_panel_changed(baseline=2022,added=[],dropped=[RC18])"
Staphylococcus aureus,RC9,clindamycin,2024,284,324,87.7,2024,Table 6.3,https://www.icmr.gov.in/icmrobject/uploads/Report/1763981012_icmramrsnannualreport2024.pdf,2026-08-31,87.7,87.65,"rc_panel_changed(baseline=2022,added=[],dropped=[RC1 RC15 RC18])"
Staphylococcus aureus,RC9,cotrimoxazole,2022,277,337,82.2,2022,Table 6.3,https://www.icmr.gov.in/icmrobject/custom_data/pdf/resource-guidelines/AMRSN_Annual_Report_2022.pdf,2026-08-31,82.2,82.2,
Staphylococcus aureus,RC9,cotrimoxazole,2023,270,309,87.4,2023,Table 7.3,https://www.icmr.gov.in/icmrobject/uploads/Documents/1725536060_annual_report_2023.pdf,2026-08-31,87.4,87.38,"rc_panel_changed(baseline=2022,added=[],dropped=[RC18])"
Staphylococcus aureus,RC9,cotrimoxazole,2024,311,337,92.3,2024,Table 6.3,https://www.icmr.gov.in/icmrobject/uploads/Report/1763981012_icmramrsnannualreport2024.pdf,2026-08-31,92.3,92.28,"rc_panel_changed(baseline=2022,added=[],dropped=[RC1 RC15 RC18])"
Staphylococcus aureus,RC9,erythromycin,2022,101,337,30.0,2022,Table 6.3,https://www.icmr.gov.in/icmrobject/custom_data/pdf/resource-guidelines/AMRSN_Annual_Report_2022.pdf,2026-08-31,30.0,29.97,
Staphylococcus aureus,RC9,erythromycin,2023,87,290,30.0,2023,Table 7.3,https://www.icmr.gov.in/icmrobject/uploads/Documents/1725536060_annual_report_2023.pdf,2026-08-31,30.0,30.0,"rc_panel_changed(baseline=2022,added=[],dropped=[RC18])"
Staphylococcus aureus,RC9,erythromycin,2024,109,329,33.1,2024,Table 6.3,https://www.icmr.gov.in/icmrobject/uploads/Report/1763981012_icmramrsnannualreport2024.pdf,2026-08-31,33.1,33.13,"rc_panel_changed(baseline=2022,added=[],dropped=[RC1 RC15 RC18])"
Staphylococcus aureus,RC9,linezolid,2022,335,337,99.4,2022,Table 6.3,https://www.icmr.gov.in/icmrobject/custom_data/pdf/resource-guidelines/AMRSN_Annual_Report_2022.pdf,2026-08-31,99.4,99.41,
Staphylococcus aureus,RC9,linezolid,2023,307,309,99.4,2023,Table 7.3,https://www.icmr.gov.in/icmrobject/uploads/Documents/1725536060_annual_report_2023.pdf,2026-08-31,99.4,99.35,"rc_panel_changed(baseline=2022,added=[],dropped=[RC18])"
Staphylococcus aureus,RC9,linezolid,2024,307,337,91.1,2024,Table 6.3,https://www.icmr.gov.in/icmrobject/uploads/Report/1763981012_icmramrsnannualreport2024.pdf,2026-08-31,91.1,91.1,"rc_panel_changed(baseline=2022,added=[],dropped=[RC1 RC15 RC18])"
Staphylococcus aureus,RC9,oxacillin,2023,0,0,0.0,2023,Table 7.3,https://www.icmr.gov.in/icmrobject/uploads/Documents/1725536060_annual_report_2023.pdf,2026-08-31,0.0,,"no_isolates_tested,rc_panel_changed(baseline=2022,added=[],dropped=[RC18])"
Staphylococcus aureus,RC9,oxacillin,2024,0,0,,2024,Table 6.3,https://www.icmr.gov.in/icmrobject/uploads/Report/1763981012_icmramrsnannualreport2024.pdf,2026-08-31,,,"no_isolates_tested,pct_suppressed_in_source,rc_panel_changed(baseline=2022,added=[],dropped=[RC1 RC15 RC18])"
Staphylococcus aureus,RC9,teicoplanin,2023,0,0,0.0,2023,Table 7.3,https://www.icmr.gov.in/icmrobject/uploads/Documents/1725536060_annual_report_2023.pdf,2026-08-31,0.0,,"no_isolates_tested,rc_panel_changed(baseline=2022,added=[],dropped=[RC18])"
Staphylococcus aureus,RC9,teicoplanin,2024,0,0,,2024,Table 6.3,https://www.icmr.gov.in/icmrobject/uploads/Report/1763981012_icmramrsnannualreport2024.pdf,2026-08-31,,,"no_isolates_tested,pct_suppressed_in_source,rc_panel_changed(baseline=2022,added=[],dropped=[RC1 RC15 RC18])"
Staphylococcus aureus,RC9,tetracycline,2022,295,336,87.8,2022,Table 6.3,https://www.icmr.gov.in/icmrobject/custom_data/pdf/resource-guidelines/AMRSN_Annual_Report_2022.pdf,2026-08-31,87.8,87.8,
Staphylococcus aureus,RC9,tetracycline,2023,276,309,89.3,2023,Table 7.3,https://www.icmr.gov.in/icmrobject/uploads/Documents/1725536060_annual_report_2023.pdf,2026-08-31,89.3,89.32,"rc_panel_changed(baseline=2022,added=[],dropped=[RC18])"
Staphylococcus aureus,RC9,tetracycline,2024,317,334,94.9,2024,Table 6.3,https://www.icmr.gov.in/icmrobject/uploads/Report/1763981012_icmramrsnannualreport2024.pdf,2026-08-31,94.9,94.91,"rc_panel_changed(baseline=2022,added=[],dropped=[RC1 RC15 RC18])"
Staphylococcus aureus,RC9,tigecycline,2023,0,0,0.0,2023,Table 7.3,https://www.icmr.gov.in/icmrobject/uploads/Documents/1725536060_annual_report_2023.pdf,2026-08-31,0.0,,"no_isolates_tested,rc_panel_changed(baseline=2022,added=[],dropped=[RC18])"
Staphylococcus aureus,RC9,tigecycline,2024,2,2,,2024,Table 6.3,https://www.icmr.gov.in/icmrobject/uploads/Report/1763981012_icmramrsnannualreport2024.pdf,2026-08-31,,100.0,"pct_suppressed_in_source,rc_panel_changed(baseline=2022,added=[],dropped=[RC1 RC15 RC18])"
Staphylococcus aureus,RC9,vancomycin,2023,309,309,100.0,2023,Table 7.3,https://www.icmr.gov.in/icmrobject/uploads/Documents/1725536060_annual_report_2023.pdf,2026-08-31,100.0,100.0,"rc_panel_changed(baseline=2022,added=[],dropped=[RC18])"
Staphylococcus aureus,RC9,vancomycin,2024,337,337,100.0,2024,Table 6.3,https://www.icmr.gov.in/icmrobject/uploads/Report/1763981012_icmramrsnannualreport2024.pdf,2026-08-31,100.0,100.0,"rc_panel_changed(baseline=2022,added=[],dropped=[RC1 RC15 RC18])"
Staphylococcus aureus,RC10,cefoxitin,2022,153,259,59.1,2022,Table 6.3,https://www.icmr.gov.in/icmrobject/custom_data/pdf/resource-guidelines/AMRSN_Annual_Report_2022.pdf,2026-08-31,59.1,59.07,
Staphylococcus aureus,RC10,cefoxitin,2023,275,408,67.4,2023,Table 7.3,https://www.icmr.gov.in/icmrobject/uploads/Documents/1725536060_annual_report_2023.pdf,2026-08-31,67.4,67.4,"rc_panel_changed(baseline=2022,added=[],dropped=[RC18])"
Staphylococcus aureus,RC10,cefoxitin,2024,392,639,61.3,2024,Table 6.3,https://www.icmr.gov.in/icmrobject/uploads/Report/1763981012_icmramrsnannualreport2024.pdf,2026-08-31,61.3,61.35,"rc_panel_changed(baseline=2022,added=[],dropped=[RC1 RC15 RC18])"
Staphylococcus aureus,RC10,ciprofloxacin,2022,48,258,18.6,2022,Table 6.3,https://www.icmr.gov.in/icmrobject/custom_data/pdf/resource-guidelines/AMRSN_Annual_Report_2022.pdf,2026-08-31,18.6,18.6,
Staphylococcus aureus,RC10,ciprofloxacin,2023,66,408,16.2,2023,Table 7.3,https://www.icmr.gov.in/icmrobject/uploads/Documents/1725536060_annual_report_2023.pdf,2026-08-31,16.2,16.18,"rc_panel_changed(baseline=2022,added=[],dropped=[RC18])"
Staphylococcus aureus,RC10,ciprofloxacin,2024,118,648,18.2,2024,Table 6.3,https://www.icmr.gov.in/icmrobject/uploads/Report/1763981012_icmramrsnannualreport2024.pdf,2026-08-31,18.2,18.21,"rc_panel_changed(baseline=2022,added=[],dropped=[RC1 RC15 RC18])"
Staphylococcus aureus,RC10,clindamycin,2022,193,260,74.2,2022,Table 6.3,https://www.icmr.gov.in/icmrobject/custom_data/pdf/resource-guidelines/AMRSN_Annual_Report_2022.pdf,2026-08-31,74.2,74.23,
Staphylococcus aureus,RC10,clindamycin,2023,310,408,76.0,2023,Table 7.3,https://www.icmr.gov.in/icmrobject/uploads/Documents/1725536060_annual_report_2023.pdf,2026-08-31,76.0,75.98,"rc_panel_changed(baseline=2022,added=[],dropped=[RC18])"
Staphylococcus aureus,RC10,clindamycin,2024,508,648,78.4,2024,Table 6.3,https://www.icmr.gov.in/icmrobject/uploads/Report/1763981012_icmramrsnannualreport2024.pdf,2026-08-31,78.4,78.4,"rc_panel_changed(baseline=2022,added=[],dropped=[RC1 RC15 RC18])"
Staphylococcus aureus,RC10,cotrimoxazole,2022,208,253,82.2,2022,Table 6.3,https://www.icmr.gov.in/icmrobject/custom_data/pdf/resource-guidelines/AMRSN_Annual_Report_2022.pdf,2026-08-31,82.2,82.21,
Staphylococcus aureus,RC10,cotrimoxazole,2023,362,408,88.7,2023,Table 7.3,https://www.icmr.gov.in/icmrobject/uploads/Documents/1725536060_annual_report_2023.pdf,2026-08-31,88.7,88.73,"rc_panel_changed(baseline=2022,added=[],dropped=[RC18])"
Staphylococcus aureus,RC10,cotrimoxazole,2024,549,648,84.7,2024,Table 6.3,https://www.icmr.gov.in/icmrobject/uploads/Report/1763981012_icmramrsnannualreport2024.pdf,2026-08-31,84.7,84.72,"rc_panel_changed(baseline=2022,added=[],dropped=[RC1 RC15 RC18])"
Staphylococcus aureus,RC10,erythromycin,2022,95,249,38.2,2022,Table 6.3,https://www.icmr.gov.in/icmrobject/custom_data/pdf/resource-guidelines/AMRSN_Annual_Report_2022.pdf,2026-08-31,38.2,38.15,
Staphylococcus aureus,RC10,erythromycin,2023,164,408,40.2,2023,Table 7.3,https://www.icmr.gov.in/icmrobject/uploads/Documents/1725536060_annual_report_2023.pdf,2026-08-31,40.2,40.2,"rc_panel_changed(baseline=2022,added=[],dropped=[RC18])"
Staphylococcus aureus,RC10,erythromycin,2024,259,648,40.0,2024,Table 6.3,https://www.icmr.gov.in/icmrobject/uploads/Report/1763981012_icmramrsnannualreport2024.pdf,2026-08-31,40.0,39.97,"rc_panel_changed(baseline=2022,added=[],dropped=[RC1 RC15 RC18])"
Staphylococcus aureus,RC10,linezolid,2022,250,250,100.0,2022,Table 6.3,https://www.icmr.gov.in/icmrobject/custom_data/pdf/resource-guidelines/AMRSN_Annual_Report_2022.pdf,2026-08-31,100.0,100.0,
Staphylococcus aureus,RC10,linezolid,2023,408,408,100.0,2023,Table 7.3,https://www.icmr.gov.in/icmrobject/uploads/Documents/1725536060_annual_report_2023.pdf,2026-08-31,100.0,100.0,"rc_panel_changed(baseline=2022,added=[],dropped=[RC18])"
Staphylococcus aureus,RC10,linezolid,2024,648,648,100.0,2024,Table 6.3,https://www.icmr.gov.in/icmrobject/uploads/Report/1763981012_icmramrsnannualreport2024.pdf,2026-08-31,100.0,100.0,"rc_panel_changed(baseline=2022,added=[],dropped=[RC1 RC15 RC18])"
Staphylococcus aureus,RC10,oxacillin,2023,0,0,0.0,2023,Table 7.3,https://www.icmr.gov.in/icmrobject/uploads/Documents/1725536060_annual_report_2023.pdf,2026-08-31,0.0,,"no_isolates_tested,rc_panel_changed(baseline=2022,added=[],dropped=[RC18])"
Staphylococcus aureus,RC10,oxacillin,2024,38,212,17.9,2024,Table 6.3,https://www.icmr.gov.in/icmrobject/uploads/Report/1763981012_icmramrsnannualreport2024.pdf,2026-08-31,17.9,17.92,"rc_panel_changed(baseline=2022,added=[],dropped=[RC1 RC15 RC18])"
Staphylococcus aureus,RC10,teicoplanin,2022,258,258,100.0,2022,Table 6.3,https://www.icmr.gov.in/icmrobject/custom_data/pdf/resource-guidelines/AMRSN_Annual_Report_2022.pdf,2026-08-31,100.0,100.0,
Staphylococcus aureus,RC10,teicoplanin,2023,408,408,100.0,2023,Table 7.3,https://www.icmr.gov.in/icmrobject/uploads/Documents/1725536060_annual_report_2023.pdf,2026-08-31,100.0,100.0,"rc_panel_changed(baseline=2022,added=[],dropped=[RC18])"
Staphylococcus aureus,RC10,teicoplanin,2024,623,623,100.0,2024,Table 6.3,https://www.icmr.gov.in/icmrobject/uploads/Report/1763981012_icmramrsnannualreport2024.pdf,2026-08-31,100.0,100.0,"rc_panel_changed(baseline=2022,added=[],dropped=[RC1 RC15 RC18])"
Staphylococcus aureus,RC10,tetracycline,2023,0,0,0.0,2023,Table 7.3,https://www.icmr.gov.in/icmrobject/uploads/Documents/1725536060_annual_report_2023.pdf,2026-08-31,0.0,,"no_isolates_tested,rc_panel_changed(baseline=2022,added=[],dropped=[RC18])"
Staphylococcus aureus,RC10,tetracycline,2024,0,0,,2024,Table 6.3,https://www.icmr.gov.in/icmrobject/uploads/Report/1763981012_icmramrsnannualreport2024.pdf,2026-08-31,,,"no_isolates_tested,pct_suppressed_in_source,rc_panel_changed(baseline=2022,added=[],dropped=[RC1 RC15 RC18])"
Staphylococcus aureus,RC10,tigecycline,2023,0,0,0.0,2023,Table 7.3,https://www.icmr.gov.in/icmrobject/uploads/Documents/1725536060_annual_report_2023.pdf,2026-08-31,0.0,,"no_isolates_tested,rc_panel_changed(baseline=2022,added=[],dropped=[RC18])"
Staphylococcus aureus,RC10,tigecycline,2024,0,0,,2024,Table 6.3,https://www.icmr.gov.in/icmrobject/uploads/Report/1763981012_icmramrsnannualreport2024.pdf,2026-08-31,,,"no_isolates_tested,pct_suppressed_in_source,rc_panel_changed(baseline=2022,added=[],dropped=[RC1 RC15 RC18])"
Staphylococcus aureus,RC10,vancomycin,2022,258,258,100.0,2022,Table 6.3,https://www.icmr.gov.in/icmrobject/custom_data/pdf/resource-guidelines/AMRSN_Annual_Report_2022.pdf,2026-08-31,100.0,100.0,
Staphylococcus aureus,RC10,vancomycin,2023,408,408,100.0,2023,Table 7.3,https://www.icmr.gov.in/icmrobject/uploads/Documents/1725536060_annual_report_2023.pdf,2026-08-31,100.0,100.0,"rc_panel_changed(baseline=2022,added=[],dropped=[RC18])"
Staphylococcus aureus,RC10,vancomycin,2024,648,648,100.0,2024,Table 6.3,https://www.icmr.gov.in/icmrobject/uploads/Report/1763981012_icmramrsnannualreport2024.pdf,2026-08-31,100.0,100.0,"rc_panel_changed(baseline=2022,added=[],dropped=[RC1 RC15 RC18])"
Staphylococcus aureus,RC11,cefoxitin,2022,14,33,42.4,2022,Table 6.3,https://www.icmr.gov.in/icmrobject/custom_data/pdf/resource-guidelines/AMRSN_Annual_Report_2022.pdf,2026-08-31,42.4,42.42,
Staphylococcus aureus,RC11,cefoxitin,2023,63,231,27.3,2023,Table 7.3,https://www.icmr.gov.in/icmrobject/uploads/Documents/1725536060_annual_report_2023.pdf,2026-08-31,27.3,27.27,"rc_panel_changed(baseline=2022,added=[],dropped=[RC18])"
Staphylococcus aureus,RC11,cefoxitin,2024,65,175,37.1,2024,Table 6.3,https://www.icmr.gov.in/icmrobject/uploads/Report/1763981012_icmramrsnannualreport2024.pdf,2026-08-31,37.1,37.14,"rc_panel_changed(baseline=2022,added=[],dropped=[RC1 RC15 RC18])"
Staphylococcus aureus,RC11,ciprofloxacin,2022,12,246,4.9,2022,Table 6.3,https://www.icmr.gov.in/icmrobject/custom_data/pdf/resource-guidelines/AMRSN_Annual_Report_2022.pdf,2026-08-31,4.9,4.88,
Staphylococcus aureus,RC11,ciprofloxacin,2023,15,232,6.5,2023,Table 7.3,https://www.icmr.gov.in/icmrobject/uploads/Documents/1725536060_annual_report_2023.pdf,2026-08-31,6.5,6.47,"rc_panel_changed(baseline=2022,added=[],dropped=[RC18])"
Staphylococcus aureus,RC11,ciprofloxacin,2024,14,177,7.9,2024,Table 6.3,https://www.icmr.gov.in/icmrobject/uploads/Report/1763981012_icmramrsnannualreport2024.pdf,2026-08-31,7.9,7.91,"rc_panel_changed(baseline=2022,added=[],dropped=[RC1 RC15 RC18])"
Staphylococcus aureus,RC11,clindamycin,2022,201,241,83.4,2022,Table 6.3,https://www.icmr.gov.in/icmrobject/custom_data/pdf/resource-guidelines/AMRSN_Annual_Report_2022.pdf,2026-08-31,83.4,83.4,
Staphylococcus aureus,RC11,clindamycin,2023,180,232,77.6,2023,Table 7.3,https://www.icmr.gov.in/icmrobject/uploads/Documents/1725536060_annual_report_2023.pdf,2026-08-31,77.6,77.59,"rc_panel_changed(baseline=2022,added=[],dropped=[RC18])"
Staphylococcus aureus,RC11,clindamycin,2024,160,177,90.4,2024,Table 6.3,https://www.icmr.gov.in/icmrobject/uploads/Report/1763981012_icmramrsnannualreport2024.pdf,2026-08-31,90.4,90.4,"rc_panel_changed(baseline=2022,added=[],dropped=[RC1 RC15 RC18])"
Staphylococcus aureus,RC11,cotrimoxazole,2022,131,227,57.7,2022,Table 6.3,https://www.icmr.gov.in/icmrobject/custom_data/pdf/resource-guidelines/AMRSN_Annual_Report_2022.pdf,2026-08-31,57.7,57.71,
Staphylococcus aureus,RC11,cotrimoxazole,2023,126,232,54.3,2023,Table 7.3,https://www.icmr.gov.in/icmrobject/uploads/Documents/1725536060_annual_report_2023.pdf,2026-08-31,54.3,54.31,"rc_panel_changed(baseline=2022,added=[],dropped=[RC18])"
Staphylococcus aureus,RC11,cotrimoxazole,2024,105,177,59.3,2024,Table 6.3,https://www.icmr.gov.in/icmrobject/uploads/Report/1763981012_icmramrsnannualreport2024.pdf,2026-08-31,59.3,59.32,"rc_panel_changed(baseline=2022,added=[],dropped=[RC1 RC15 RC18])"
Staphylococcus aureus,RC11,erythromycin,2022,69,222,31.1,2022,Table 6.3,https://www.icmr.gov.in/icmrobject/custom_data/pdf/resource-guidelines/AMRSN_Annual_Report_2022.pdf,2026-08-31,31.1,31.08,
Staphylococcus aureus,RC11,erythromycin,2023,73,232,31.5,2023,Table 7.3,https://www.icmr.gov.in/icmrobject/uploads/Documents/1725536060_annual_report_2023.pdf,2026-08-31,31.5,31.47,"rc_panel_changed(baseline=2022,added=[],dropped=[RC18])"
Staphylococcus aureus,RC11,erythromycin,2024,71,175,40.6,2024,Table 6.3,https://www.icmr.gov.in/icmrobject/uploads/Report/1763981012_icmramrsnannualreport2024.pdf,2026-08-31,40.6,40.57,"rc_panel_changed(baseline=2022,added=[],dropped=[RC1 RC15 RC18])"
Staphylococcus aureus,RC11,linezolid,2022,225,238,94.5,2022,Table 6.3,https://www.icmr.gov.in/icmrobject/custom_data/pdf/resource-guidelines/AMRSN_Annual_Report_2022.pdf,2026-08-31,94.5,94.54,
Staphylococcus aureus,RC11,linezolid,2023,232,232,100.0,2023,Table 7.3,https://www.icmr.gov.in/icmrobject/uploads/Documents/1725536060_annual_report_2023.pdf,2026-08-31,100.0,100.0,"rc_panel_changed(baseline=2022,added=[],dropped=[RC18])"
Staphylococcus aureus,RC11,linezolid,2024,177,177,100.0,2024,Table 6.3,https://www.icmr.gov.in/icmrobject/uploads/Report/1763981012_icmramrsnannualreport2024.pdf,2026-08-31,100.0,100.0,"rc_panel_changed(baseline=2022,added=[],dropped=[RC1 RC15 RC18])"
Staphylococcus aureus,RC11,oxacillin,2022,80,203,39.4,2022,Table 6.3,https://www.icmr.gov.in/icmrobject/custom_data/pdf/resource-guidelines/AMRSN_Annual_Report_2022.pdf,2026-08-31,39.4,39.41,
Staphylococcus aureus,RC11,oxacillin,2023,68,230,29.6,2023,Table 7.3,https://www.icmr.gov.in/icmrobject/uploads/Documents/1725536060_annual_report_2023.pdf,2026-08-31,29.6,29.57,"rc_panel_changed(baseline=2022,added=[],dropped=[RC18])"
Staphylococcus aureus,RC11,oxacillin,2024,66,175,37.7,2024,Table 6.3,https://www.icmr.gov.in/icmrobject/uploads/Report/1763981012_icmramrsnannualreport2024.pdf,2026-08-31,37.7,37.71,"rc_panel_changed(baseline=2022,added=[],dropped=[RC1 RC15 RC18])"
Staphylococcus aureus,RC11,teicoplanin,2022,211,211,100.0,2022,Table 6.3,https://www.icmr.gov.in/icmrobject/custom_data/pdf/resource-guidelines/AMRSN_Annual_Report_2022.pdf,2026-08-31,100.0,100.0,
Staphylococcus aureus,RC11,teicoplanin,2023,231,231,100.0,2023,Table 7.3,https://www.icmr.gov.in/icmrobject/uploads/Documents/1725536060_annual_report_2023.pdf,2026-08-31,100.0,100.0,"rc_panel_changed(baseline=2022,added=[],dropped=[RC18])"
Staphylococcus aureus,RC11,teicoplanin,2024,177,177,100.0,2024,Table 6.3,https://www.icmr.gov.in/icmrobject/uploads/Report/1763981012_icmramrsnannualreport2024.pdf,2026-08-31,100.0,100.0,"rc_panel_changed(baseline=2022,added=[],dropped=[RC1 RC15 RC18])"
Staphylococcus aureus,RC11,tetracycline,2022,210,244,86.1,2022,Table 6.3,https://www.icmr.gov.in/icmrobject/custom_data/pdf/resource-guidelines/AMRSN_Annual_Report_2022.pdf,2026-08-31,86.1,86.07,
Staphylococcus aureus,RC11,tetracycline,2023,183,232,78.9,2023,Table 7.3,https://www.icmr.gov.in/icmrobject/uploads/Documents/1725536060_annual_report_2023.pdf,2026-08-31,78.9,78.88,"rc_panel_changed(baseline=2022,added=[],dropped=[RC18])"
Staphylococcus aureus,RC11,tetracycline,2024,159,177,89.8,2024,Table 6.3,https://www.icmr.gov.in/icmrobject/uploads/Report/1763981012_icmramrsnannualreport2024.pdf,2026-08-31,89.8,89.83,"rc_panel_changed(baseline=2022,added=[],dropped=[RC1 RC15 RC18])"
Staphylococcus aureus,RC11,tigecycline,2022,200,200,100.0,2022,Table 6.3,https://www.icmr.gov.in/icmrobject/custom_data/pdf/resource-guidelines/AMRSN_Annual_Report_2022.pdf,2026-08-31,100.0,100.0,
Staphylococcus aureus,RC11,tigecycline,2023,46,46,100.0,2023,Table 7.3,https://www.icmr.gov.in/icmrobject/uploads/Documents/1725536060_annual_report_2023.pdf,2026-08-31,100.0,100.0,"rc_panel_changed(baseline=2022,added=[],dropped=[RC18])"
Staphylococcus aureus,RC11,tigecycline,2024,0,0,,2024,Table 6.3,https://www.icmr.gov.in/icmrobject/uploads/Report/1763981012_icmramrsnannualreport2024.pdf,2026-08-31,,,"no_isolates_tested,pct_suppressed_in_source,rc_panel_changed(baseline=2022,added=[],dropped=[RC1 RC15 RC18])"
Staphylococcus aureus,RC11,vancomycin,2022,212,212,100.0,2022,Table 6.3,https://www.icmr.gov.in/icmrobject/custom_data/pdf/resource-guidelines/AMRSN_Annual_Report_2022.pdf,2026-08-31,100.0,100.0,
Staphylococcus aureus,RC11,vancomycin,2023,232,232,100.0,2023,Table 7.3,https://www.icmr.gov.in/icmrobject/uploads/Documents/1725536060_annual_report_2023.pdf,2026-08-31,100.0,100.0,"rc_panel_changed(baseline=2022,added=[],dropped=[RC18])"
Staphylococcus aureus,RC11,vancomycin,2024,177,177,100.0,2024,Table 6.3,https://www.icmr.gov.in/icmrobject/uploads/Report/1763981012_icmramrsnannualreport2024.pdf,2026-08-31,100.0,100.0,"rc_panel_changed(baseline=2022,added=[],dropped=[RC1 RC15 RC18])"
Staphylococcus aureus,RC12,cefoxitin,2022,116,192,60.4,2022,Table 6.3,https://www.icmr.gov.in/icmrobject/custom_data/pdf/resource-guidelines/AMRSN_Annual_Report_2022.pdf,2026-08-31,60.4,60.42,
Staphylococcus aureus,RC12,cefoxitin,2023,91,187,48.7,2023,Table 7.3,https://www.icmr.gov.in/icmrobject/uploads/Documents/1725536060_annual_report_2023.pdf,2026-08-31,48.7,48.66,"rc_panel_changed(baseline=2022,added=[],dropped=[RC18])"
Staphylococcus aureus,RC12,cefoxitin,2024,40,86,46.5,2024,Table 6.3,https://www.icmr.gov.in/icmrobject/uploads/Report/1763981012_icmramrsnannualreport2024.pdf,2026-08-31,46.5,46.51,"rc_panel_changed(baseline=2022,added=[],dropped=[RC1 RC15 RC18])"
Staphylococcus aureus,RC12,ciprofloxacin,2022,8,228,3.5,2022,Table 6.3,https://www.icmr.gov.in/icmrobject/custom_data/pdf/resource-guidelines/AMRSN_Annual_Report_2022.pdf,2026-08-31,3.5,3.51,
Staphylococcus aureus,RC12,ciprofloxacin,2023,4,191,2.1,2023,Table 7.3,https://www.icmr.gov.in/icmrobject/uploads/Documents/1725536060_annual_report_2023.pdf,2026-08-31,2.1,2.09,"rc_panel_changed(baseline=2022,added=[],dropped=[RC18])"
Staphylococcus aureus,RC12,ciprofloxacin,2024,6,86,7.0,2024,Table 6.3,https://www.icmr.gov.in/icmrobject/uploads/Report/1763981012_icmramrsnannualreport2024.pdf,2026-08-31,7.0,6.98,"rc_panel_changed(baseline=2022,added=[],dropped=[RC1 RC15 RC18])"
Staphylococcus aureus,RC12,clindamycin,2022,155,226,68.6,2022,Table 6.3,https://www.icmr.gov.in/icmrobject/custom_data/pdf/resource-guidelines/AMRSN_Annual_Report_2022.pdf,2026-08-31,68.6,68.58,
Staphylococcus aureus,RC12,clindamycin,2023,153,191,80.1,2023,Table 7.3,https://www.icmr.gov.in/icmrobject/uploads/Documents/1725536060_annual_report_2023.pdf,2026-08-31,80.1,80.1,"rc_panel_changed(baseline=2022,added=[],dropped=[RC18])"
Staphylococcus aureus,RC12,clindamycin,2024,73,85,85.9,2024,Table 6.3,https://www.icmr.gov.in/icmrobject/uploads/Report/1763981012_icmramrsnannualreport2024.pdf,2026-08-31,85.9,85.88,"rc_panel_changed(baseline=2022,added=[],dropped=[RC1 RC15 RC18])"
Staphylococcus aureus,RC12,cotrimoxazole,2022,79,225,35.1,2022,Table 6.3,https://www.icmr.gov.in/icmrobject/custom_data/pdf/resource-guidelines/AMRSN_Annual_Report_2022.pdf,2026-08-31,35.1,35.11,
Staphylococcus aureus,RC12,cotrimoxazole,2023,92,191,48.2,2023,Table 7.3,https://www.icmr.gov.in/icmrobject/uploads/Documents/1725536060_annual_report_2023.pdf,2026-08-31,48.2,48.17,"rc_panel_changed(baseline=2022,added=[],dropped=[RC18])"
Staphylococcus aureus,RC12,cotrimoxazole,2024,34,86,39.5,2024,Table 6.3,https://www.icmr.gov.in/icmrobject/uploads/Report/1763981012_icmramrsnannualreport2024.pdf,2026-08-31,39.5,39.53,"rc_panel_changed(baseline=2022,added=[],dropped=[RC1 RC15 RC18])"
Staphylococcus aureus,RC12,erythromycin,2022,76,227,33.5,2022,Table 6.3,https://www.icmr.gov.in/icmrobject/custom_data/pdf/resource-guidelines/AMRSN_Annual_Report_2022.pdf,2026-08-31,33.5,33.48,
Staphylococcus aureus,RC12,erythromycin,2023,72,191,37.7,2023,Table 7.3,https://www.icmr.gov.in/icmrobject/uploads/Documents/1725536060_annual_report_2023.pdf,2026-08-31,37.7,37.7,"rc_panel_changed(baseline=2022,added=[],dropped=[RC18])"
Staphylococcus aureus,RC12,erythromycin,2024,45,83,54.2,2024,Table 6.3,https://www.icmr.gov.in/icmrobject/uploads/Report/1763981012_icmramrsnannualreport2024.pdf,2026-08-31,54.2,54.22,"rc_panel_changed(baseline=2022,added=[],dropped=[RC1 RC15 RC18])"
Staphylococcus aureus,RC12,linezolid,2022,149,230,64.8,2022,Table 6.3,https://www.icmr.gov.in/icmrobject/custom_data/pdf/resource-guidelines/AMRSN_Annual_Report_2022.pdf,2026-08-31,64.8,64.78,
Staphylococcus aureus,RC12,linezolid,2023,173,191,90.6,2023,Table 7.3,https://www.icmr.gov.in/icmrobject/uploads/Documents/1725536060_annual_report_2023.pdf,2026-08-31,90.6,90.58,"rc_panel_changed(baseline=2022,added=[],dropped=[RC18])"
Staphylococcus aureus,RC12,linezolid,2024,78,88,88.6,2024,Table 6.3,https://www.icmr.gov.in/icmrobject/uploads/Report/1763981012_icmramrsnannualreport2024.pdf,2026-08-31,88.6,88.64,"rc_panel_changed(baseline=2022,added=[],dropped=[RC1 RC15 RC18])"
Staphylococcus aureus,RC12,oxacillin,2022,77,216,35.6,2022,Table 6.3,https://www.icmr.gov.in/icmrobject/custom_data/pdf/resource-guidelines/AMRSN_Annual_Report_2022.pdf,2026-08-31,35.6,35.65,
Staphylococcus aureus,RC12,oxacillin,2023,87,183,47.5,2023,Table 7.3,https://www.icmr.gov.in/icmrobject/uploads/Documents/1725536060_annual_report_2023.pdf,2026-08-31,47.5,47.54,"rc_panel_changed(baseline=2022,added=[],dropped=[RC18])"
Staphylococcus aureus,RC12,oxacillin,2024,37,80,46.3,2024,Table 6.3,https://www.icmr.gov.in/icmrobject/uploads/Report/1763981012_icmramrsnannualreport2024.pdf,2026-08-31,46.3,46.25,"rc_panel_changed(baseline=2022,added=[],dropped=[RC1 RC15 RC18])"
Staphylococcus aureus,RC12,teicoplanin,2022,210,210,100.0,2022,Table 6.3,https://www.icmr.gov.in/icmrobject/custom_data/pdf/resource-guidelines/AMRSN_Annual_Report_2022.pdf,2026-08-31,100.0,100.0,
Staphylococcus aureus,RC12,teicoplanin,2023,190,190,100.0,2023,Table 7.3,https://www.icmr.gov.in/icmrobject/uploads/Documents/1725536060_annual_report_2023.pdf,2026-08-31,100.0,100.0,"rc_panel_changed(baseline=2022,added=[],dropped=[RC18])"
Staphylococcus aureus,RC12,teicoplanin,2024,84,84,100.0,2024,Table 6.3,https://www.icmr.gov.in/icmrobject/uploads/Report/1763981012_icmramrsnannualreport2024.pdf,2026-08-31,100.0,100.0,"rc_panel_changed(baseline=2022,added=[],dropped=[RC1 RC15 RC18])"
Staphylococcus aureus,RC12,tetracycline,2022,179,211,84.8,2022,Table 6.3,https://www.icmr.gov.in/icmrobject/custom_data/pdf/resource-guidelines/AMRSN_Annual_Report_2022.pdf,2026-08-31,84.8,84.83,
Staphylococcus aureus,RC12,tetracycline,2023,166,190,87.4,2023,Table 7.3,https://www.icmr.gov.in/icmrobject/uploads/Documents/1725536060_annual_report_2023.pdf,2026-08-31,87.4,87.37,"rc_panel_changed(baseline=2022,added=[],dropped=[RC18])"
Staphylococcus aureus,RC12,tetracycline,2024,81,86,94.2,2024,Table 6.3,https://www.icmr.gov.in/icmrobject/uploads/Report/1763981012_icmramrsnannualreport2024.pdf,2026-08-31,94.2,94.19,"rc_panel_changed(baseline=2022,added=[],dropped=[RC1 RC15 RC18])"
Staphylococcus aureus,RC12,tigecycline,2022,210,210,100.0,2022,Table 6.3,https://www.icmr.gov.in/icmrobject/custom_data/pdf/resource-guidelines/AMRSN_Annual_Report_2022.pdf,2026-08-31,100.0,100.0,
Staphylococcus aureus,RC12,tigecycline,2023,189,189,100.0,2023,Table 7.3,https://www.icmr.gov.in/icmrobject/uploads/Documents/1725536060_annual_report_2023.pdf,2026-08-31,100.0,100.0,"rc_panel_changed(baseline=2022,added=[],dropped=[RC18])"
Staphylococcus aureus,RC12,tigecycline,2024,84,84,100.0,2024,Table 6.3,https://www.icmr.gov.in/icmrobject/uploads/Report/1763981012_icmramrsnannualreport2024.pdf,2026-08-31,100.0,100.0,"rc_panel_changed(baseline=2022,added=[],dropped=[RC1 RC15 RC18])"
Staphylococcus aureus,RC12,vancomycin,2022,217,217,100.0,2022,Table 6.3,https://www.icmr.gov.in/icmrobject/custom_data/pdf/resource-guidelines/AMRSN_Annual_Report_2022.pdf,2026-08-31,100.0,100.0,
Staphylococcus aureus,RC12,vancomycin,2023,191,191,100.0,2023,Table 7.3,https://www.icmr.gov.in/icmrobject/uploads/Documents/1725536060_annual_report_2023.pdf,2026-08-31,100.0,100.0,"rc_panel_changed(baseline=2022,added=[],dropped=[RC18])"
Staphylococcus aureus,RC12,vancomycin,2024,86,86,100.0,2024,Table 6.3,https://www.icmr.gov.in/icmrobject/uploads/Report/1763981012_icmramrsnannualreport2024.pdf,2026-08-31,100.0,100.0,"rc_panel_changed(baseline=2022,added=[],dropped=[RC1 RC15 RC18])"
Staphylococcus aureus,RC13,cefoxitin,2022,218,506,43.1,2022,Table 6.3,https://www.icmr.gov.in/icmrobject/custom_data/pdf/resource-guidelines/AMRSN_Annual_Report_2022.pdf,2026-08-31,43.1,43.08,
Staphylococcus aureus,RC13,cefoxitin,2023,38,74,51.4,2023,Table 7.3,https://www.icmr.gov.in/icmrobject/uploads/Documents/1725536060_annual_report_2023.pdf,2026-08-31,51.4,51.35,"rc_panel_changed(baseline=2022,added=[],dropped=[RC18])"
Staphylococcus aureus,RC13,cefoxitin,2024,0,3,,2024,Table 6.3,https://www.icmr.gov.in/icmrobject/uploads/Report/1763981012_icmramrsnannualreport2024.pdf,2026-08-31,,0.0,"pct_suppressed_in_source,rc_panel_changed(baseline=2022,added=[],dropped=[RC1 RC15 RC18])"
Staphylococcus aureus,RC13,ciprofloxacin,2022,81,506,16.0,2022,Table 6.3,https://www.icmr.gov.in/icmrobject/custom_data/pdf/resource-guidelines/AMRSN_Annual_Report_2022.pdf,2026-08-31,16.0,16.01,
Staphylococcus aureus,RC13,ciprofloxacin,2023,10,76,13.2,2023,Table 7.3,https://www.icmr.gov.in/icmrobject/uploads/Documents/1725536060_annual_report_2023.pdf,2026-08-31,13.2,13.16,"rc_panel_changed(baseline=2022,added=[],dropped=[RC18])"
Staphylococcus aureus,RC13,ciprofloxacin,2024,1,3,,2024,Table 6.3,https://www.icmr.gov.in/icmrobject/uploads/Report/1763981012_icmramrsnannualreport2024.pdf,2026-08-31,,33.33,"pct_suppressed_in_source,rc_panel_changed(baseline=2022,added=[],dropped=[RC1 RC15 RC18])"
Staphylococcus aureus,RC13,clindamycin,2022,263,533,49.3,2022,Table 6.3,https://www.icmr.gov.in/icmrobject/custom_data/pdf/resource-guidelines/AMRSN_Annual_Report_2022.pdf,2026-08-31,49.3,49.34,
Staphylococcus aureus,RC13,clindamycin,2023,41,76,53.9,2023,Table 7.3,https://www.icmr.gov.in/icmrobject/uploads/Documents/1725536060_annual_report_2023.pdf,2026-08-31,53.9,53.95,"rc_panel_changed(baseline=2022,added=[],dropped=[RC18])"
Staphylococcus aureus,RC13,clindamycin,2024,1,3,,2024,Table 6.3,https://www.icmr.gov.in/icmrobject/uploads/Report/1763981012_icmramrsnannualreport2024.pdf,2026-08-31,,33.33,"pct_suppressed_in_source,rc_panel_changed(baseline=2022,added=[],dropped=[RC1 RC15 RC18])"
Staphylococcus aureus,RC13,cotrimoxazole,2022,420,539,77.9,2022,Table 6.3,https://www.icmr.gov.in/icmrobject/custom_data/pdf/resource-guidelines/AMRSN_Annual_Report_2022.pdf,2026-08-31,77.9,77.92,
Staphylococcus aureus,RC13,cotrimoxazole,2023,63,76,82.9,2023,Table 7.3,https://www.icmr.gov.in/icmrobject/uploads/Documents/1725536060_annual_report_2023.pdf,2026-08-31,82.9,82.89,"rc_panel_changed(baseline=2022,added=[],dropped=[RC18])"
Staphylococcus aureus,RC13,cotrimoxazole,2024,2,3,,2024,Table 6.3,https://www.icmr.gov.in/icmrobject/uploads/Report/1763981012_icmramrsnannualreport2024.pdf,2026-08-31,,66.67,"pct_suppressed_in_source,rc_panel_changed(baseline=2022,added=[],dropped=[RC1 RC15 RC18])"
Staphylococcus aureus,RC13,erythromycin,2022,83,536,15.5,2022,Table 6.3,https://www.icmr.gov.in/icmrobject/custom_data/pdf/resource-guidelines/AMRSN_Annual_Report_2022.pdf,2026-08-31,15.5,15.49,
Staphylococcus aureus,RC13,erythromycin,2023,13,75,17.3,2023,Table 7.3,https://www.icmr.gov.in/icmrobject/uploads/Documents/1725536060_annual_report_2023.pdf,2026-08-31,17.3,17.33,"rc_panel_changed(baseline=2022,added=[],dropped=[RC18])"
Staphylococcus aureus,RC13,erythromycin,2024,1,3,,2024,Table 6.3,https://www.icmr.gov.in/icmrobject/uploads/Report/1763981012_icmramrsnannualreport2024.pdf,2026-08-31,,33.33,"pct_suppressed_in_source,rc_panel_changed(baseline=2022,added=[],dropped=[RC1 RC15 RC18])"
Staphylococcus aureus,RC13,linezolid,2022,535,540,99.1,2022,Table 6.3,https://www.icmr.gov.in/icmrobject/custom_data/pdf/resource-guidelines/AMRSN_Annual_Report_2022.pdf,2026-08-31,99.1,99.07,
Staphylococcus aureus,RC13,linezolid,2023,76,76,100.0,2023,Table 7.3,https://www.icmr.gov.in/icmrobject/uploads/Documents/1725536060_annual_report_2023.pdf,2026-08-31,100.0,100.0,"rc_panel_changed(baseline=2022,added=[],dropped=[RC18])"
Staphylococcus aureus,RC13,linezolid,2024,2,3,,2024,Table 6.3,https://www.icmr.gov.in/icmrobject/uploads/Report/1763981012_icmramrsnannualreport2024.pdf,2026-08-31,,66.67,"pct_suppressed_in_source,rc_panel_changed(baseline=2022,added=[],dropped=[RC1 RC15 RC18])"
Staphylococcus aureus,RC13,oxacillin,2022,4,27,,2022,Table 6.3,https://www.icmr.gov.in/icmrobject/custom_data/pdf/resource-guidelines/AMRSN_Annual_Report_2022.pdf,2026-08-31,,14.81,low_isolate_count_asterisk
Staphylococcus aureus,RC13,oxacillin,2023,7,20,,2023,Table 7.3,https://www.icmr.gov.in/icmrobject/uploads/Documents/1725536060_annual_report_2023.pdf,2026-08-31,,35.0,"pct_suppressed_in_source,rc_panel_changed(baseline=2022,added=[],dropped=[RC18])"
Staphylococcus aureus,RC13,oxacillin,2024,0,0,,2024,Table 6.3,https://www.icmr.gov.in/icmrobject/uploads/Report/1763981012_icmramrsnannualreport2024.pdf,2026-08-31,,,"no_isolates_tested,pct_suppressed_in_source,rc_panel_changed(baseline=2022,added=[],dropped=[RC1 RC15 RC18])"
Staphylococcus aureus,RC13,teicoplanin,2022,41,44,93.2,2022,Table 6.3,https://www.icmr.gov.in/icmrobject/custom_data/pdf/resource-guidelines/AMRSN_Annual_Report_2022.pdf,2026-08-31,93.2,93.18,
Staphylococcus aureus,RC13,teicoplanin,2023,21,21,,2023,Table 7.3,https://www.icmr.gov.in/icmrobject/uploads/Documents/1725536060_annual_report_2023.pdf,2026-08-31,,100.0,"pct_suppressed_in_source,rc_panel_changed(baseline=2022,added=[],dropped=[RC18])"
Staphylococcus aureus,RC13,teicoplanin,2024,0,0,,2024,Table 6.3,https://www.icmr.gov.in/icmrobject/uploads/Report/1763981012_icmramrsnannualreport2024.pdf,2026-08-31,,,"no_isolates_tested,pct_suppressed_in_source,rc_panel_changed(baseline=2022,added=[],dropped=[RC1 RC15 RC18])"
Staphylococcus aureus,RC13,tetracycline,2022,382,466,82.0,2022,Table 6.3,https://www.icmr.gov.in/icmrobject/custom_data/pdf/resource-guidelines/AMRSN_Annual_Report_2022.pdf,2026-08-31,82.0,81.97,
Staphylococcus aureus,RC13,tetracycline,2023,39,49,79.6,2023,Table 7.3,https://www.icmr.gov.in/icmrobject/uploads/Documents/1725536060_annual_report_2023.pdf,2026-08-31,79.6,79.59,"rc_panel_changed(baseline=2022,added=[],dropped=[RC18])"
Staphylococcus aureus,RC13,tetracycline,2024,1,3,,2024,Table 6.3,https://www.icmr.gov.in/icmrobject/uploads/Report/1763981012_icmramrsnannualreport2024.pdf,2026-08-31,,33.33,"pct_suppressed_in_source,rc_panel_changed(baseline=2022,added=[],dropped=[RC1 RC15 RC18])"
Staphylococcus aureus,RC13,tigecycline,2022,22,22,,2022,Table 6.3,https://www.icmr.gov.in/icmrobject/custom_data/pdf/resource-guidelines/AMRSN_Annual_Report_2022.pdf,2026-08-31,,100.0,low_isolate_count_asterisk
Staphylococcus aureus,RC13,tigecycline,2023,18,18,,2023,Table 7.3,https://www.icmr.gov.in/icmrobject/uploads/Documents/1725536060_annual_report_2023.pdf,2026-08-31,,100.0,"pct_suppressed_in_source,rc_panel_changed(baseline=2022,added=[],dropped=[RC18])"
Staphylococcus aureus,RC13,tigecycline,2024,1,2,,2024,Table 6.3,https://www.icmr.gov.in/icmrobject/uploads/Report/1763981012_icmramrsnannualreport2024.pdf,2026-08-31,,50.0,"pct_suppressed_in_source,rc_panel_changed(baseline=2022,added=[],dropped=[RC1 RC15 RC18])"
Staphylococcus aureus,RC13,vancomycin,2022,196,196,100.0,2022,Table 6.3,https://www.icmr.gov.in/icmrobject/custom_data/pdf/resource-guidelines/AMRSN_Annual_Report_2022.pdf,2026-08-31,100.0,100.0,
Staphylococcus aureus,RC13,vancomycin,2023,76,76,100.0,2023,Table 7.3,https://www.icmr.gov.in/icmrobject/uploads/Documents/1725536060_annual_report_2023.pdf,2026-08-31,100.0,100.0,"rc_panel_changed(baseline=2022,added=[],dropped=[RC18])"
Staphylococcus aureus,RC13,vancomycin,2024,3,3,,2024,Table 6.3,https://www.icmr.gov.in/icmrobject/uploads/Report/1763981012_icmramrsnannualreport2024.pdf,2026-08-31,,100.0,"pct_suppressed_in_source,rc_panel_changed(baseline=2022,added=[],dropped=[RC1 RC15 RC18])"
Staphylococcus aureus,RC14,cefoxitin,2022,418,668,62.6,2022,Table 6.3,https://www.icmr.gov.in/icmrobject/custom_data/pdf/resource-guidelines/AMRSN_Annual_Report_2022.pdf,2026-08-31,62.6,62.57,
Staphylococcus aureus,RC14,cefoxitin,2023,436,699,62.4,2023,Table 7.3,https://www.icmr.gov.in/icmrobject/uploads/Documents/1725536060_annual_report_2023.pdf,2026-08-31,62.4,62.37,"rc_panel_changed(baseline=2022,added=[],dropped=[RC18])"
Staphylococcus aureus,RC14,cefoxitin,2024,429,795,54.0,2024,Table 6.3,https://www.icmr.gov.in/icmrobject/uploads/Report/1763981012_icmramrsnannualreport2024.pdf,2026-08-31,54.0,53.96,"rc_panel_changed(baseline=2022,added=[],dropped=[RC1 RC15 RC18])"
Staphylococcus aureus,RC14,ciprofloxacin,2022,150,669,22.4,2022,Table 6.3,https://www.icmr.gov.in/icmrobject/custom_data/pdf/resource-guidelines/AMRSN_Annual_Report_2022.pdf,2026-08-31,22.4,22.42,
Staphylococcus aureus,RC14,ciprofloxacin,2023,161,700,23.0,2023,Table 7.3,https://www.icmr.gov.in/icmrobject/uploads/Documents/1725536060_annual_report_2023.pdf,2026-08-31,23.0,23.0,"rc_panel_changed(baseline=2022,added=[],dropped=[RC18])"
Staphylococcus aureus,RC14,ciprofloxacin,2024,174,796,21.9,2024,Table 6.3,https://www.icmr.gov.in/icmrobject/uploads/Report/1763981012_icmramrsnannualreport2024.pdf,2026-08-31,21.9,21.86,"rc_panel_changed(baseline=2022,added=[],dropped=[RC1 RC15 RC18])"
Staphylococcus aureus,RC14,clindamycin,2022,655,669,97.9,2022,Table 6.3,https://www.icmr.gov.in/icmrobject/custom_data/pdf/resource-guidelines/AMRSN_Annual_Report_2022.pdf,2026-08-31,97.9,97.91,
Staphylococcus aureus,RC14,clindamycin,2023,683,700,97.6,2023,Table 7.3,https://www.icmr.gov.in/icmrobject/uploads/Documents/1725536060_annual_report_2023.pdf,2026-08-31,97.6,97.57,"rc_panel_changed(baseline=2022,added=[],dropped=[RC18])"
Staphylococcus aureus,RC14,clindamycin,2024,767,796,96.4,2024,Table 6.3,https://www.icmr.gov.in/icmrobject/uploads/Report/1763981012_icmramrsnannualreport2024.pdf,2026-08-31,96.4,96.36,"rc_panel_changed(baseline=2022,added=[],dropped=[RC1 RC15 RC18])"
Staphylococcus aureus,RC14,cotrimoxazole,2022,589,669,88.0,2022,Table 6.3,https://www.icmr.gov.in/icmrobject/custom_data/pdf/resource-guidelines/AMRSN_Annual_Report_2022.pdf,2026-08-31,88.0,88.04,
Staphylococcus aureus,RC14,cotrimoxazole,2023,600,700,85.7,2023,Table 7.3,https://www.icmr.gov.in/icmrobject/uploads/Documents/1725536060_annual_report_2023.pdf,2026-08-31,85.7,85.71,"rc_panel_changed(baseline=2022,added=[],dropped=[RC18])"
Staphylococcus aureus,RC14,cotrimoxazole,2024,665,796,83.5,2024,Table 6.3,https://www.icmr.gov.in/icmrobject/uploads/Report/1763981012_icmramrsnannualreport2024.pdf,2026-08-31,83.5,83.54,"rc_panel_changed(baseline=2022,added=[],dropped=[RC1 RC15 RC18])"
Staphylococcus aureus,RC14,erythromycin,2022,303,669,45.3,2022,Table 6.3,https://www.icmr.gov.in/icmrobject/custom_data/pdf/resource-guidelines/AMRSN_Annual_Report_2022.pdf,2026-08-31,45.3,45.29,
Staphylococcus aureus,RC14,erythromycin,2023,304,700,43.4,2023,Table 7.3,https://www.icmr.gov.in/icmrobject/uploads/Documents/1725536060_annual_report_2023.pdf,2026-08-31,43.4,43.43,"rc_panel_changed(baseline=2022,added=[],dropped=[RC18])"
Staphylococcus aureus,RC14,erythromycin,2024,309,796,38.8,2024,Table 6.3,https://www.icmr.gov.in/icmrobject/uploads/Report/1763981012_icmramrsnannualreport2024.pdf,2026-08-31,38.8,38.82,"rc_panel_changed(baseline=2022,added=[],dropped=[RC1 RC15 RC18])"
Staphylococcus aureus,RC14,linezolid,2022,667,667,100.0,2022,Table 6.3,https://www.icmr.gov.in/icmrobject/custom_data/pdf/resource-guidelines/AMRSN_Annual_Report_2022.pdf,2026-08-31,100.0,100.0,
Staphylococcus aureus,RC14,linezolid,2023,700,700,100.0,2023,Table 7.3,https://www.icmr.gov.in/icmrobject/uploads/Documents/1725536060_annual_report_2023.pdf,2026-08-31,100.0,100.0,"rc_panel_changed(baseline=2022,added=[],dropped=[RC18])"
Staphylococcus aureus,RC14,linezolid,2024,796,796,100.0,2024,Table 6.3,https://www.icmr.gov.in/icmrobject/uploads/Report/1763981012_icmramrsnannualreport2024.pdf,2026-08-31,100.0,100.0,"rc_panel_changed(baseline=2022,added=[],dropped=[RC1 RC15 RC18])"
Staphylococcus aureus,RC14,oxacillin,2022,420,668,62.9,2022,Table 6.3,https://www.icmr.gov.in/icmrobject/custom_data/pdf/resource-guidelines/AMRSN_Annual_Report_2022.pdf,2026-08-31,62.9,62.87,
Staphylococcus aureus,RC14,oxacillin,2023,437,700,62.4,2023,Table 7.3,https://www.icmr.gov.in/icmrobject/uploads/Documents/1725536060_annual_report_2023.pdf,2026-08-31,62.4,62.43,"rc_panel_changed(baseline=2022,added=[],dropped=[RC18])"
Staphylococcus aureus,RC14,oxacillin,2024,442,796,55.5,2024,Table 6.3,https://www.icmr.gov.in/icmrobject/uploads/Report/1763981012_icmramrsnannualreport2024.pdf,2026-08-31,55.5,55.53,"rc_panel_changed(baseline=2022,added=[],dropped=[RC1 RC15 RC18])"
Staphylococcus aureus,RC14,teicoplanin,2022,668,668,100.0,2022,Table 6.3,https://www.icmr.gov.in/icmrobject/custom_data/pdf/resource-guidelines/AMRSN_Annual_Report_2022.pdf,2026-08-31,100.0,100.0,
Staphylococcus aureus,RC14,teicoplanin,2023,700,700,100.0,2023,Table 7.3,https://www.icmr.gov.in/icmrobject/uploads/Documents/1725536060_annual_report_2023.pdf,2026-08-31,100.0,100.0,"rc_panel_changed(baseline=2022,added=[],dropped=[RC18])"
Staphylococcus aureus,RC14,teicoplanin,2024,796,796,100.0,2024,Table 6.3,https://www.icmr.gov.in/icmrobject/uploads/Report/1763981012_icmramrsnannualreport2024.pdf,2026-08-31,100.0,100.0,"rc_panel_changed(baseline=2022,added=[],dropped=[RC1 RC15 RC18])"
Staphylococcus aureus,RC14,tetracycline,2022,655,669,97.9,2022,Table 6.3,https://www.icmr.gov.in/icmrobject/custom_data/pdf/resource-guidelines/AMRSN_Annual_Report_2022.pdf,2026-08-31,97.9,97.91,
Staphylococcus aureus,RC14,tetracycline,2023,697,700,99.6,2023,Table 7.3,https://www.icmr.gov.in/icmrobject/uploads/Documents/1725536060_annual_report_2023.pdf,2026-08-31,99.6,99.57,"rc_panel_changed(baseline=2022,added=[],dropped=[RC18])"
Staphylococcus aureus,RC14,tetracycline,2024,796,796,100.0,2024,Table 6.3,https://www.icmr.gov.in/icmrobject/uploads/Report/1763981012_icmramrsnannualreport2024.pdf,2026-08-31,100.0,100.0,"rc_panel_changed(baseline=2022,added=[],dropped=[RC1 RC15 RC18])"
Staphylococcus aureus,RC14,tigecycline,2022,668,668,100.0,2022,Table 6.3,https://www.icmr.gov.in/icmrobject/custom_data/pdf/resource-guidelines/AMRSN_Annual_Report_2022.pdf,2026-08-31,100.0,100.0,
Staphylococcus aureus,RC14,tigecycline,2023,700,700,100.0,2023,Table 7.3,https://www.icmr.gov.in/icmrobject/uploads/Documents/1725536060_annual_report_2023.pdf,2026-08-31,100.0,100.0,"rc_panel_changed(baseline=2022,added=[],dropped=[RC18])"
Staphylococcus aureus,RC14,tigecycline,2024,796,796,100.0,2024,Table 6.3,https://www.icmr.gov.in/icmrobject/uploads/Report/1763981012_icmramrsnannualreport2024.pdf,2026-08-31,100.0,100.0,"rc_panel_changed(baseline=2022,added=[],dropped=[RC1 RC15 RC18])"
Staphylococcus aureus,RC14,vancomycin,2022,667,667,100.0,2022,Table 6.3,https://www.icmr.gov.in/icmrobject/custom_data/pdf/resource-guidelines/AMRSN_Annual_Report_2022.pdf,2026-08-31,100.0,100.0,
Staphylococcus aureus,RC14,vancomycin,2023,700,700,100.0,2023,Table 7.3,https://www.icmr.gov.in/icmrobject/uploads/Documents/1725536060_annual_report_2023.pdf,2026-08-31,100.0,100.0,"rc_panel_changed(baseline=2022,added=[],dropped=[RC18])"
Staphylococcus aureus,RC14,vancomycin,2024,796,796,100.0,2024,Table 6.3,https://www.icmr.gov.in/icmrobject/uploads/Report/1763981012_icmramrsnannualreport2024.pdf,2026-08-31,100.0,100.0,"rc_panel_changed(baseline=2022,added=[],dropped=[RC1 RC15 RC18])"
Staphylococcus aureus,RC15,cefoxitin,2022,456,888,51.4,2022,Table 6.3,https://www.icmr.gov.in/icmrobject/custom_data/pdf/resource-guidelines/AMRSN_Annual_Report_2022.pdf,2026-08-31,51.4,51.35,
Staphylococcus aureus,RC15,cefoxitin,2023,110,251,43.8,2023,Table 7.3,https://www.icmr.gov.in/icmrobject/uploads/Documents/1725536060_annual_report_2023.pdf,2026-08-31,43.8,43.82,"rc_panel_changed(baseline=2022,added=[],dropped=[RC18])"
Staphylococcus aureus,RC15,ciprofloxacin,2022,70,884,7.9,2022,Table 6.3,https://www.icmr.gov.in/icmrobject/custom_data/pdf/resource-guidelines/AMRSN_Annual_Report_2022.pdf,2026-08-31,7.9,7.92,
Staphylococcus aureus,RC15,ciprofloxacin,2023,24,251,9.6,2023,Table 7.3,https://www.icmr.gov.in/icmrobject/uploads/Documents/1725536060_annual_report_2023.pdf,2026-08-31,9.6,9.56,"rc_panel_changed(baseline=2022,added=[],dropped=[RC18])"
Staphylococcus aureus,RC15,clindamycin,2022,552,889,62.1,2022,Table 6.3,https://www.icmr.gov.in/icmrobject/custom_data/pdf/resource-guidelines/AMRSN_Annual_Report_2022.pdf,2026-08-31,62.1,62.09,
Staphylococcus aureus,RC15,clindamycin,2023,151,250,60.4,2023,Table 7.3,https://www.icmr.gov.in/icmrobject/uploads/Documents/1725536060_annual_report_2023.pdf,2026-08-31,60.4,60.4,"rc_panel_changed(baseline=2022,added=[],dropped=[RC18])"
Staphylococcus aureus,RC15,cotrimoxazole,2022,777,888,87.5,2022,Table 6.3,https://www.icmr.gov.in/icmrobject/custom_data/pdf/resource-guidelines/AMRSN_Annual_Report_2022.pdf,2026-08-31,87.5,87.5,
Staphylococcus aureus,RC15,cotrimoxazole,2023,239,251,95.2,2023,Table 7.3,https://www.icmr.gov.in/icmrobject/uploads/Documents/1725536060_annual_report_2023.pdf,2026-08-31,95.2,95.22,"rc_panel_changed(baseline=2022,added=[],dropped=[RC18])"
Staphylococcus aureus,RC15,erythromycin,2022,279,889,31.4,2022,Table 6.3,https://www.icmr.gov.in/icmrobject/custom_data/pdf/resource-guidelines/AMRSN_Annual_Report_2022.pdf,2026-08-31,31.4,31.38,
Staphylococcus aureus,RC15,erythromycin,2023,84,251,33.5,2023,Table 7.3,https://www.icmr.gov.in/icmrobject/uploads/Documents/1725536060_annual_report_2023.pdf,2026-08-31,33.5,33.47,"rc_panel_changed(baseline=2022,added=[],dropped=[RC18])"
Staphylococcus aureus,RC15,linezolid,2022,866,866,100.0,2022,Table 6.3,https://www.icmr.gov.in/icmrobject/custom_data/pdf/resource-guidelines/AMRSN_Annual_Report_2022.pdf,2026-08-31,100.0,100.0,
Staphylococcus aureus,RC15,linezolid,2023,251,251,100.0,2023,Table 7.3,https://www.icmr.gov.in/icmrobject/uploads/Documents/1725536060_annual_report_2023.pdf,2026-08-31,100.0,100.0,"rc_panel_changed(baseline=2022,added=[],dropped=[RC18])"
Staphylococcus aureus,RC15,oxacillin,2023,0,0,0.0,2023,Table 7.3,https://www.icmr.gov.in/icmrobject/uploads/Documents/1725536060_annual_report_2023.pdf,2026-08-31,0.0,,"no_isolates_tested,rc_panel_changed(baseline=2022,added=[],dropped=[RC18])"
Staphylococcus aureus,RC15,teicoplanin,2023,0,0,0.0,2023,Table 7.3,https://www.icmr.gov.in/icmrobject/uploads/Documents/1725536060_annual_report_2023.pdf,2026-08-31,0.0,,"no_isolates_tested,rc_panel_changed(baseline=2022,added=[],dropped=[RC18])"
Staphylococcus aureus,RC15,tetracycline,2022,681,835,81.6,2022,Table 6.3,https://www.icmr.gov.in/icmrobject/custom_data/pdf/resource-guidelines/AMRSN_Annual_Report_2022.pdf,2026-08-31,81.6,81.56,
Staphylococcus aureus,RC15,tetracycline,2023,224,251,89.2,2023,Table 7.3,https://www.icmr.gov.in/icmrobject/uploads/Documents/1725536060_annual_report_2023.pdf,2026-08-31,89.2,89.24,"rc_panel_changed(baseline=2022,added=[],dropped=[RC18])"
Staphylococcus aureus,RC15,tigecycline,2023,0,0,0.0,2023,Table 7.3,https://www.icmr.gov.in/icmrobject/uploads/Documents/1725536060_annual_report_2023.pdf,2026-08-31,0.0,,"no_isolates_tested,rc_panel_changed(baseline=2022,added=[],dropped=[RC18])"
Staphylococcus aureus,RC15,vancomycin,2022,861,861,100.0,2022,Table 6.3,https://www.icmr.gov.in/icmrobject/custom_data/pdf/resource-guidelines/AMRSN_Annual_Report_2022.pdf,2026-08-31,100.0,100.0,
Staphylococcus aureus,RC15,vancomycin,2023,251,251,100.0,2023,Table 7.3,https://www.icmr.gov.in/icmrobject/uploads/Documents/1725536060_annual_report_2023.pdf,2026-08-31,100.0,100.0,"rc_panel_changed(baseline=2022,added=[],dropped=[RC18])"
Staphylococcus aureus,RC16,cefoxitin,2022,128,383,33.4,2022,Table 6.3,https://www.icmr.gov.in/icmrobject/custom_data/pdf/resource-guidelines/AMRSN_Annual_Report_2022.pdf,2026-08-31,33.4,33.42,
Staphylococcus aureus,RC16,cefoxitin,2023,143,565,25.3,2023,Table 7.3,https://www.icmr.gov.in/icmrobject/uploads/Documents/1725536060_annual_report_2023.pdf,2026-08-31,25.3,25.31,"rc_panel_changed(baseline=2022,added=[],dropped=[RC18])"
Staphylococcus aureus,RC16,cefoxitin,2024,139,538,25.8,2024,Table 6.3,https://www.icmr.gov.in/icmrobject/uploads/Report/1763981012_icmramrsnannualreport2024.pdf,2026-08-31,25.8,25.84,"rc_panel_changed(baseline=2022,added=[],dropped=[RC1 RC15 RC18])"
Staphylococcus aureus,RC16,ciprofloxacin,2022,86,387,22.2,2022,Table 6.3,https://www.icmr.gov.in/icmrobject/custom_data/pdf/resource-guidelines/AMRSN_Annual_Report_2022.pdf,2026-08-31,22.2,22.22,
Staphylococcus aureus,RC16,ciprofloxacin,2023,112,565,19.8,2023,Table 7.3,https://www.icmr.gov.in/icmrobject/uploads/Documents/1725536060_annual_report_2023.pdf,2026-08-31,19.8,19.82,"rc_panel_changed(baseline=2022,added=[],dropped=[RC18])"
Staphylococcus aureus,RC16,ciprofloxacin,2024,160,538,29.7,2024,Table 6.3,https://www.icmr.gov.in/icmrobject/uploads/Report/1763981012_icmramrsnannualreport2024.pdf,2026-08-31,29.7,29.74,"rc_panel_changed(baseline=2022,added=[],dropped=[RC1 RC15 RC18])"
Staphylococcus aureus,RC16,clindamycin,2022,263,386,68.1,2022,Table 6.3,https://www.icmr.gov.in/icmrobject/custom_data/pdf/resource-guidelines/AMRSN_Annual_Report_2022.pdf,2026-08-31,68.1,68.13,
Staphylococcus aureus,RC16,clindamycin,2023,349,565,61.8,2023,Table 7.3,https://www.icmr.gov.in/icmrobject/uploads/Documents/1725536060_annual_report_2023.pdf,2026-08-31,61.8,61.77,"rc_panel_changed(baseline=2022,added=[],dropped=[RC18])"
Staphylococcus aureus,RC16,clindamycin,2024,319,538,59.3,2024,Table 6.3,https://www.icmr.gov.in/icmrobject/uploads/Report/1763981012_icmramrsnannualreport2024.pdf,2026-08-31,59.3,59.29,"rc_panel_changed(baseline=2022,added=[],dropped=[RC1 RC15 RC18])"
Staphylococcus aureus,RC16,cotrimoxazole,2022,220,387,56.8,2022,Table 6.3,https://www.icmr.gov.in/icmrobject/custom_data/pdf/resource-guidelines/AMRSN_Annual_Report_2022.pdf,2026-08-31,56.8,56.85,
Staphylococcus aureus,RC16,cotrimoxazole,2023,398,565,70.4,2023,Table 7.3,https://www.icmr.gov.in/icmrobject/uploads/Documents/1725536060_annual_report_2023.pdf,2026-08-31,70.4,70.44,"rc_panel_changed(baseline=2022,added=[],dropped=[RC18])"
Staphylococcus aureus,RC16,cotrimoxazole,2024,445,538,82.7,2024,Table 6.3,https://www.icmr.gov.in/icmrobject/uploads/Report/1763981012_icmramrsnannualreport2024.pdf,2026-08-31,82.7,82.71,"rc_panel_changed(baseline=2022,added=[],dropped=[RC1 RC15 RC18])"
Staphylococcus aureus,RC16,erythromycin,2022,65,386,16.8,2022,Table 6.3,https://www.icmr.gov.in/icmrobject/custom_data/pdf/resource-guidelines/AMRSN_Annual_Report_2022.pdf,2026-08-31,16.8,16.84,
Staphylococcus aureus,RC16,erythromycin,2023,66,565,11.7,2023,Table 7.3,https://www.icmr.gov.in/icmrobject/uploads/Documents/1725536060_annual_report_2023.pdf,2026-08-31,11.7,11.68,"rc_panel_changed(baseline=2022,added=[],dropped=[RC18])"
Staphylococcus aureus,RC16,erythromycin,2024,101,538,18.8,2024,Table 6.3,https://www.icmr.gov.in/icmrobject/uploads/Report/1763981012_icmramrsnannualreport2024.pdf,2026-08-31,18.8,18.77,"rc_panel_changed(baseline=2022,added=[],dropped=[RC1 RC15 RC18])"
Staphylococcus aureus,RC16,linezolid,2022,386,387,99.7,2022,Table 6.3,https://www.icmr.gov.in/icmrobject/custom_data/pdf/resource-guidelines/AMRSN_Annual_Report_2022.pdf,2026-08-31,99.7,99.74,
Staphylococcus aureus,RC16,linezolid,2023,545,565,96.5,2023,Table 7.3,https://www.icmr.gov.in/icmrobject/uploads/Documents/1725536060_annual_report_2023.pdf,2026-08-31,96.5,96.46,"rc_panel_changed(baseline=2022,added=[],dropped=[RC18])"
Staphylococcus aureus,RC16,linezolid,2024,439,538,81.6,2024,Table 6.3,https://www.icmr.gov.in/icmrobject/uploads/Report/1763981012_icmramrsnannualreport2024.pdf,2026-08-31,81.6,81.6,"rc_panel_changed(baseline=2022,added=[],dropped=[RC1 RC15 RC18])"
Staphylococcus aureus,RC16,oxacillin,2022,2,4,,2022,Table 6.3,https://www.icmr.gov.in/icmrobject/custom_data/pdf/resource-guidelines/AMRSN_Annual_Report_2022.pdf,2026-08-31,,50.0,low_isolate_count_asterisk
Staphylococcus aureus,RC16,oxacillin,2023,0,0,0.0,2023,Table 7.3,https://www.icmr.gov.in/icmrobject/uploads/Documents/1725536060_annual_report_2023.pdf,2026-08-31,0.0,,"no_isolates_tested,rc_panel_changed(baseline=2022,added=[],dropped=[RC18])"
Staphylococcus aureus,RC16,oxacillin,2024,0,0,,2024,Table 6.3,https://www.icmr.gov.in/icmrobject/uploads/Report/1763981012_icmramrsnannualreport2024.pdf,2026-08-31,,,"no_isolates_tested,pct_suppressed_in_source,rc_panel_changed(baseline=2022,added=[],dropped=[RC1 RC15 RC18])"
Staphylococcus aureus,RC16,teicoplanin,2022,4,4,,2022,Table 6.3,https://www.icmr.gov.in/icmrobject/custom_data/pdf/resource-guidelines/AMRSN_Annual_Report_2022.pdf,2026-08-31,,100.0,low_isolate_count_asterisk
Staphylococcus aureus,RC16,teicoplanin,2023,0,0,0.0,2023,Table 7.3,https://www.icmr.gov.in/icmrobject/uploads/Documents/1725536060_annual_report_2023.pdf,2026-08-31,0.0,,"no_isolates_tested,rc_panel_changed(baseline=2022,added=[],dropped=[RC18])"
Staphylococcus aureus,RC16,teicoplanin,2024,0,0,,2024,Table 6.3,https://www.icmr.gov.in/icmrobject/uploads/Report/1763981012_icmramrsnannualreport2024.pdf,2026-08-31,,,"no_isolates_tested,pct_suppressed_in_source,rc_panel_changed(baseline=2022,added=[],dropped=[RC1 RC15 RC18])"
Staphylococcus aureus,RC16,tetracycline,2022,275,385,71.4,2022,Table 6.3,https://www.icmr.gov.in/icmrobject/custom_data/pdf/resource-guidelines/AMRSN_Annual_Report_2022.pdf,2026-08-31,71.4,71.43,
Staphylococcus aureus,RC16,tetracycline,2023,439,565,77.7,2023,Table 7.3,https://www.icmr.gov.in/icmrobject/uploads/Documents/1725536060_annual_report_2023.pdf,2026-08-31,77.7,77.7,"rc_panel_changed(baseline=2022,added=[],dropped=[RC18])"
Staphylococcus aureus,RC16,tetracycline,2024,460,529,87.0,2024,Table 6.3,https://www.icmr.gov.in/icmrobject/uploads/Report/1763981012_icmramrsnannualreport2024.pdf,2026-08-31,87.0,86.96,"rc_panel_changed(baseline=2022,added=[],dropped=[RC1 RC15 RC18])"
Staphylococcus aureus,RC16,tigecycline,2022,4,4,,2022,Table 6.3,https://www.icmr.gov.in/icmrobject/custom_data/pdf/resource-guidelines/AMRSN_Annual_Report_2022.pdf,2026-08-31,,100.0,low_isolate_count_asterisk
Staphylococcus aureus,RC16,tigecycline,2023,203,203,100.0,2023,Table 7.3,https://www.icmr.gov.in/icmrobject/uploads/Documents/1725536060_annual_report_2023.pdf,2026-08-31,100.0,100.0,"rc_panel_changed(baseline=2022,added=[],dropped=[RC18])"
Staphylococcus aureus,RC16,tigecycline,2024,534,534,100.0,2024,Table 6.3,https://www.icmr.gov.in/icmrobject/uploads/Report/1763981012_icmramrsnannualreport2024.pdf,2026-08-31,100.0,100.0,"rc_panel_changed(baseline=2022,added=[],dropped=[RC1 RC15 RC18])"
Staphylococcus aureus,RC16,vancomycin,2022,387,387,100.0,2022,Table 6.3,https://www.icmr.gov.in/icmrobject/custom_data/pdf/resource-guidelines/AMRSN_Annual_Report_2022.pdf,2026-08-31,100.0,100.0,
Staphylococcus aureus,RC16,vancomycin,2023,565,565,100.0,2023,Table 7.3,https://www.icmr.gov.in/icmrobject/uploads/Documents/1725536060_annual_report_2023.pdf,2026-08-31,100.0,100.0,"rc_panel_changed(baseline=2022,added=[],dropped=[RC18])"
Staphylococcus aureus,RC16,vancomycin,2024,538,538,100.0,2024,Table 6.3,https://www.icmr.gov.in/icmrobject/uploads/Report/1763981012_icmramrsnannualreport2024.pdf,2026-08-31,100.0,100.0,"rc_panel_changed(baseline=2022,added=[],dropped=[RC1 RC15 RC18])"
Staphylococcus aureus,RC17,cefoxitin,2022,100,215,46.5,2022,Table 6.3,https://www.icmr.gov.in/icmrobject/custom_data/pdf/resource-guidelines/AMRSN_Annual_Report_2022.pdf,2026-08-31,46.5,46.51,
Staphylococcus aureus,RC17,cefoxitin,2023,60,106,56.6,2023,Table 7.3,https://www.icmr.gov.in/icmrobject/uploads/Documents/1725536060_annual_report_2023.pdf,2026-08-31,56.6,56.6,"rc_panel_changed(baseline=2022,added=[],dropped=[RC18])"
Staphylococcus aureus,RC17,cefoxitin,2024,124,157,79.0,2024,Table 6.3,https://www.icmr.gov.in/icmrobject/uploads/Report/1763981012_icmramrsnannualreport2024.pdf,2026-08-31,79.0,78.98,"rc_panel_changed(baseline=2022,added=[],dropped=[RC1 RC15 RC18])"
Staphylococcus aureus,RC17,ciprofloxacin,2022,36,224,16.1,2022,Table 6.3,https://www.icmr.gov.in/icmrobject/custom_data/pdf/resource-guidelines/AMRSN_Annual_Report_2022.pdf,2026-08-31,16.1,16.07,
Staphylococcus aureus,RC17,ciprofloxacin,2023,64,108,59.3,2023,Table 7.3,https://www.icmr.gov.in/icmrobject/uploads/Documents/1725536060_annual_report_2023.pdf,2026-08-31,59.3,59.26,"rc_panel_changed(baseline=2022,added=[],dropped=[RC18])"
Staphylococcus aureus,RC17,ciprofloxacin,2024,63,293,21.5,2024,Table 6.3,https://www.icmr.gov.in/icmrobject/uploads/Report/1763981012_icmramrsnannualreport2024.pdf,2026-08-31,21.5,21.5,"rc_panel_changed(baseline=2022,added=[],dropped=[RC1 RC15 RC18])"
Staphylococcus aureus,RC17,clindamycin,2022,171,225,76.0,2022,Table 6.3,https://www.icmr.gov.in/icmrobject/custom_data/pdf/resource-guidelines/AMRSN_Annual_Report_2022.pdf,2026-08-31,76.0,76.0,
Staphylococcus aureus,RC17,clindamycin,2023,70,108,64.8,2023,Table 7.3,https://www.icmr.gov.in/icmrobject/uploads/Documents/1725536060_annual_report_2023.pdf,2026-08-31,64.8,64.81,"rc_panel_changed(baseline=2022,added=[],dropped=[RC18])"
Staphylococcus aureus,RC17,clindamycin,2024,178,288,61.8,2024,Table 6.3,https://www.icmr.gov.in/icmrobject/uploads/Report/1763981012_icmramrsnannualreport2024.pdf,2026-08-31,61.8,61.81,"rc_panel_changed(baseline=2022,added=[],dropped=[RC1 RC15 RC18])"
Staphylococcus aureus,RC17,cotrimoxazole,2022,145,224,64.7,2022,Table 6.3,https://www.icmr.gov.in/icmrobject/custom_data/pdf/resource-guidelines/AMRSN_Annual_Report_2022.pdf,2026-08-31,64.7,64.73,
Staphylococcus aureus,RC17,cotrimoxazole,2023,64,108,59.3,2023,Table 7.3,https://www.icmr.gov.in/icmrobject/uploads/Documents/1725536060_annual_report_2023.pdf,2026-08-31,59.3,59.26,"rc_panel_changed(baseline=2022,added=[],dropped=[RC18])"
Staphylococcus aureus,RC17,cotrimoxazole,2024,267,293,91.1,2024,Table 6.3,https://www.icmr.gov.in/icmrobject/uploads/Report/1763981012_icmramrsnannualreport2024.pdf,2026-08-31,91.1,91.13,"rc_panel_changed(baseline=2022,added=[],dropped=[RC1 RC15 RC18])"
Staphylococcus aureus,RC17,erythromycin,2022,130,223,58.3,2022,Table 6.3,https://www.icmr.gov.in/icmrobject/custom_data/pdf/resource-guidelines/AMRSN_Annual_Report_2022.pdf,2026-08-31,58.3,58.3,
Staphylococcus aureus,RC17,erythromycin,2023,71,108,65.7,2023,Table 7.3,https://www.icmr.gov.in/icmrobject/uploads/Documents/1725536060_annual_report_2023.pdf,2026-08-31,65.7,65.74,"rc_panel_changed(baseline=2022,added=[],dropped=[RC18])"
Staphylococcus aureus,RC17,erythromycin,2024,130,293,44.4,2024,Table 6.3,https://www.icmr.gov.in/icmrobject/uploads/Report/1763981012_icmramrsnannualreport2024.pdf,2026-08-31,44.4,44.37,"rc_panel_changed(baseline=2022,added=[],dropped=[RC1 RC15 RC18])"
Staphylococcus aureus,RC17,linezolid,2022,222,223,99.6,2022,Table 6.3,https://www.icmr.gov.in/icmrobject/custom_data/pdf/resource-guidelines/AMRSN_Annual_Report_2022.pdf,2026-08-31,99.6,99.55,
Staphylococcus aureus,RC17,linezolid,2023,108,108,100.0,2023,Table 7.3,https://www.icmr.gov.in/icmrobject/uploads/Documents/1725536060_annual_report_2023.pdf,2026-08-31,100.0,100.0,"rc_panel_changed(baseline=2022,added=[],dropped=[RC18])"
Staphylococcus aureus,RC17,linezolid,2024,293,293,100.0,2024,Table 6.3,https://www.icmr.gov.in/icmrobject/uploads/Report/1763981012_icmramrsnannualreport2024.pdf,2026-08-31,100.0,100.0,"rc_panel_changed(baseline=2022,added=[],dropped=[RC1 RC15 RC18])"
Staphylococcus aureus,RC17,oxacillin,2022,112,223,50.2,2022,Table 6.3,https://www.icmr.gov.in/icmrobject/custom_data/pdf/resource-guidelines/AMRSN_Annual_Report_2022.pdf,2026-08-31,50.2,50.22,
Staphylococcus aureus,RC17,oxacillin,2023,62,106,58.5,2023,Table 7.3,https://www.icmr.gov.in/icmrobject/uploads/Documents/1725536060_annual_report_2023.pdf,2026-08-31,58.5,58.49,"rc_panel_changed(baseline=2022,added=[],dropped=[RC18])"
Staphylococcus aureus,RC17,oxacillin,2024,195,231,84.4,2024,Table 6.3,https://www.icmr.gov.in/icmrobject/uploads/Report/1763981012_icmramrsnannualreport2024.pdf,2026-08-31,84.4,84.42,"rc_panel_changed(baseline=2022,added=[],dropped=[RC1 RC15 RC18])"
Staphylococcus aureus,RC17,teicoplanin,2022,222,223,99.6,2022,Table 6.3,https://www.icmr.gov.in/icmrobject/custom_data/pdf/resource-guidelines/AMRSN_Annual_Report_2022.pdf,2026-08-31,99.6,99.55,
Staphylococcus aureus,RC17,teicoplanin,2023,108,108,100.0,2023,Table 7.3,https://www.icmr.gov.in/icmrobject/uploads/Documents/1725536060_annual_report_2023.pdf,2026-08-31,100.0,100.0,"rc_panel_changed(baseline=2022,added=[],dropped=[RC18])"
Staphylococcus aureus,RC17,teicoplanin,2024,291,291,100.0,2024,Table 6.3,https://www.icmr.gov.in/icmrobject/uploads/Report/1763981012_icmramrsnannualreport2024.pdf,2026-08-31,100.0,100.0,"rc_panel_changed(baseline=2022,added=[],dropped=[RC1 RC15 RC18])"
Staphylococcus aureus,RC17,tetracycline,2022,197,224,87.9,2022,Table 6.3,https://www.icmr.gov.in/icmrobject/custom_data/pdf/resource-guidelines/AMRSN_Annual_Report_2022.pdf,2026-08-31,87.9,87.95,
Staphylococcus aureus,RC17,tetracycline,2023,83,108,76.9,2023,Table 7.3,https://www.icmr.gov.in/icmrobject/uploads/Documents/1725536060_annual_report_2023.pdf,2026-08-31,76.9,76.85,"rc_panel_changed(baseline=2022,added=[],dropped=[RC18])"
Staphylococcus aureus,RC17,tetracycline,2024,288,293,98.3,2024,Table 6.3,https://www.icmr.gov.in/icmrobject/uploads/Report/1763981012_icmramrsnannualreport2024.pdf,2026-08-31,98.3,98.29,"rc_panel_changed(baseline=2022,added=[],dropped=[RC1 RC15 RC18])"
Staphylococcus aureus,RC17,tigecycline,2022,221,221,100.0,2022,Table 6.3,https://www.icmr.gov.in/icmrobject/custom_data/pdf/resource-guidelines/AMRSN_Annual_Report_2022.pdf,2026-08-31,100.0,100.0,
Staphylococcus aureus,RC17,tigecycline,2023,108,108,100.0,2023,Table 7.3,https://www.icmr.gov.in/icmrobject/uploads/Documents/1725536060_annual_report_2023.pdf,2026-08-31,100.0,100.0,"rc_panel_changed(baseline=2022,added=[],dropped=[RC18])"
Staphylococcus aureus,RC17,tigecycline,2024,290,290,100.0,2024,Table 6.3,https://www.icmr.gov.in/icmrobject/uploads/Report/1763981012_icmramrsnannualreport2024.pdf,2026-08-31,100.0,100.0,"rc_panel_changed(baseline=2022,added=[],dropped=[RC1 RC15 RC18])"
Staphylococcus aureus,RC17,vancomycin,2022,222,222,100.0,2022,Table 6.3,https://www.icmr.gov.in/icmrobject/custom_data/pdf/resource-guidelines/AMRSN_Annual_Report_2022.pdf,2026-08-31,100.0,100.0,
Staphylococcus aureus,RC17,vancomycin,2023,108,108,100.0,2023,Table 7.3,https://www.icmr.gov.in/icmrobject/uploads/Documents/1725536060_annual_report_2023.pdf,2026-08-31,100.0,100.0,"rc_panel_changed(baseline=2022,added=[],dropped=[RC18])"
Staphylococcus aureus,RC17,vancomycin,2024,293,293,100.0,2024,Table 6.3,https://www.icmr.gov.in/icmrobject/uploads/Report/1763981012_icmramrsnannualreport2024.pdf,2026-08-31,100.0,100.0,"rc_panel_changed(baseline=2022,added=[],dropped=[RC1 RC15 RC18])"
Staphylococcus aureus,RC18,cefoxitin,2022,35,256,13.7,2022,Table 6.3,https://www.icmr.gov.in/icmrobject/custom_data/pdf/resource-guidelines/AMRSN_Annual_Report_2022.pdf,2026-08-31,13.7,13.67,
Staphylococcus aureus,RC18,ciprofloxacin,2022,99,256,38.7,2022,Table 6.3,https://www.icmr.gov.in/icmrobject/custom_data/pdf/resource-guidelines/AMRSN_Annual_Report_2022.pdf,2026-08-31,38.7,38.67,
Staphylococcus aureus,RC18,clindamycin,2022,194,256,75.8,2022,Table 6.3,https://www.icmr.gov.in/icmrobject/custom_data/pdf/resource-guidelines/AMRSN_Annual_Report_2022.pdf,2026-08-31,75.8,75.78,
Staphylococcus aureus,RC18,cotrimoxazole,2022,235,256,91.8,2022,Table 6.3,https://www.icmr.gov.in/icmrobject/custom_data/pdf/resource-guidelines/AMRSN_Annual_Report_2022.pdf,2026-08-31,91.8,91.8,
Staphylococcus aureus,RC18,erythromycin,2022,106,256,41.4,2022,Table 6.3,https://www.icmr.gov.in/icmrobject/custom_data/pdf/resource-guidelines/AMRSN_Annual_Report_2022.pdf,2026-08-31,41.4,41.41,
Staphylococcus aureus,RC18,linezolid,2022,255,256,99.6,2022,Table 6.3,https://www.icmr.gov.in/icmrobject/custom_data/pdf/resource-guidelines/AMRSN_Annual_Report_2022.pdf,2026-08-31,99.6,99.61,
Staphylococcus aureus,RC18,tetracycline,2022,222,256,86.7,2022,Table 6.3,https://www.icmr.gov.in/icmrobject/custom_data/pdf/resource-guidelines/AMRSN_Annual_Report_2022.pdf,2026-08-31,86.7,86.72,
Staphylococcus aureus,RC18,vancomycin,2022,103,103,100.0,2022,Table 6.3,https://www.icmr.gov.in/icmrobject/custom_data/pdf/resource-guidelines/AMRSN_Annual_Report_2022.pdf,2026-08-31,100.0,100.0,
Staphylococcus aureus,RC19,cefoxitin,2022,155,417,37.2,2022,Table 6.3,https://www.icmr.gov.in/icmrobject/custom_data/pdf/resource-guidelines/AMRSN_Annual_Report_2022.pdf,2026-08-31,37.2,37.17,
Staphylococcus aureus,RC19,cefoxitin,2023,118,276,42.8,2023,Table 7.3,https://www.icmr.gov.in/icmrobject/uploads/Documents/1725536060_annual_report_2023.pdf,2026-08-31,42.8,42.75,"rc_panel_changed(baseline=2022,added=[],dropped=[RC18])"
Staphylococcus aureus,RC19,cefoxitin,2024,69,163,42.3,2024,Table 6.3,https://www.icmr.gov.in/icmrobject/uploads/Report/1763981012_icmramrsnannualreport2024.pdf,2026-08-31,42.3,42.33,"rc_panel_changed(baseline=2022,added=[],dropped=[RC1 RC15 RC18])"
Staphylococcus aureus,RC19,ciprofloxacin,2022,100,416,24.0,2022,Table 6.3,https://www.icmr.gov.in/icmrobject/custom_data/pdf/resource-guidelines/AMRSN_Annual_Report_2022.pdf,2026-08-31,24.0,24.04,
Staphylococcus aureus,RC19,ciprofloxacin,2023,30,276,10.9,2023,Table 7.3,https://www.icmr.gov.in/icmrobject/uploads/Documents/1725536060_annual_report_2023.pdf,2026-08-31,10.9,10.87,"rc_panel_changed(baseline=2022,added=[],dropped=[RC18])"
Staphylococcus aureus,RC19,ciprofloxacin,2024,25,163,15.3,2024,Table 6.3,https://www.icmr.gov.in/icmrobject/uploads/Report/1763981012_icmramrsnannualreport2024.pdf,2026-08-31,15.3,15.34,"rc_panel_changed(baseline=2022,added=[],dropped=[RC1 RC15 RC18])"
Staphylococcus aureus,RC19,clindamycin,2022,213,416,51.2,2022,Table 6.3,https://www.icmr.gov.in/icmrobject/custom_data/pdf/resource-guidelines/AMRSN_Annual_Report_2022.pdf,2026-08-31,51.2,51.2,
Staphylococcus aureus,RC19,clindamycin,2023,143,276,51.8,2023,Table 7.3,https://www.icmr.gov.in/icmrobject/uploads/Documents/1725536060_annual_report_2023.pdf,2026-08-31,51.8,51.81,"rc_panel_changed(baseline=2022,added=[],dropped=[RC18])"
Staphylococcus aureus,RC19,clindamycin,2024,63,163,38.7,2024,Table 6.3,https://www.icmr.gov.in/icmrobject/uploads/Report/1763981012_icmramrsnannualreport2024.pdf,2026-08-31,38.7,38.65,"rc_panel_changed(baseline=2022,added=[],dropped=[RC1 RC15 RC18])"
Staphylococcus aureus,RC19,cotrimoxazole,2022,365,416,87.7,2022,Table 6.3,https://www.icmr.gov.in/icmrobject/custom_data/pdf/resource-guidelines/AMRSN_Annual_Report_2022.pdf,2026-08-31,87.7,87.74,
Staphylococcus aureus,RC19,cotrimoxazole,2023,181,276,65.6,2023,Table 7.3,https://www.icmr.gov.in/icmrobject/uploads/Documents/1725536060_annual_report_2023.pdf,2026-08-31,65.6,65.58,"rc_panel_changed(baseline=2022,added=[],dropped=[RC18])"
Staphylococcus aureus,RC19,cotrimoxazole,2024,87,163,53.4,2024,Table 6.3,https://www.icmr.gov.in/icmrobject/uploads/Report/1763981012_icmramrsnannualreport2024.pdf,2026-08-31,53.4,53.37,"rc_panel_changed(baseline=2022,added=[],dropped=[RC1 RC15 RC18])"
Staphylococcus aureus,RC19,erythromycin,2022,96,416,23.1,2022,Table 6.3,https://www.icmr.gov.in/icmrobject/custom_data/pdf/resource-guidelines/AMRSN_Annual_Report_2022.pdf,2026-08-31,23.1,23.08,
Staphylococcus aureus,RC19,erythromycin,2023,79,276,28.6,2023,Table 7.3,https://www.icmr.gov.in/icmrobject/uploads/Documents/1725536060_annual_report_2023.pdf,2026-08-31,28.6,28.62,"rc_panel_changed(baseline=2022,added=[],dropped=[RC18])"
Staphylococcus aureus,RC19,erythromycin,2024,44,163,27.0,2024,Table 6.3,https://www.icmr.gov.in/icmrobject/uploads/Report/1763981012_icmramrsnannualreport2024.pdf,2026-08-31,27.0,26.99,"rc_panel_changed(baseline=2022,added=[],dropped=[RC1 RC15 RC18])"
Staphylococcus aureus,RC19,linezolid,2022,416,416,100.0,2022,Table 6.3,https://www.icmr.gov.in/icmrobject/custom_data/pdf/resource-guidelines/AMRSN_Annual_Report_2022.pdf,2026-08-31,100.0,100.0,
Staphylococcus aureus,RC19,linezolid,2023,275,276,99.6,2023,Table 7.3,https://www.icmr.gov.in/icmrobject/uploads/Documents/1725536060_annual_report_2023.pdf,2026-08-31,99.6,99.64,"rc_panel_changed(baseline=2022,added=[],dropped=[RC18])"
Staphylococcus aureus,RC19,linezolid,2024,161,163,98.8,2024,Table 6.3,https://www.icmr.gov.in/icmrobject/uploads/Report/1763981012_icmramrsnannualreport2024.pdf,2026-08-31,98.8,98.77,"rc_panel_changed(baseline=2022,added=[],dropped=[RC1 RC15 RC18])"
Staphylococcus aureus,RC19,oxacillin,2023,0,0,0.0,2023,Table 7.3,https://www.icmr.gov.in/icmrobject/uploads/Documents/1725536060_annual_report_2023.pdf,2026-08-31,0.0,,"no_isolates_tested,rc_panel_changed(baseline=2022,added=[],dropped=[RC18])"
Staphylococcus aureus,RC19,oxacillin,2024,0,0,,2024,Table 6.3,https://www.icmr.gov.in/icmrobject/uploads/Report/1763981012_icmramrsnannualreport2024.pdf,2026-08-31,,,"no_isolates_tested,pct_suppressed_in_source,rc_panel_changed(baseline=2022,added=[],dropped=[RC1 RC15 RC18])"
Staphylococcus aureus,RC19,teicoplanin,2023,0,0,0.0,2023,Table 7.3,https://www.icmr.gov.in/icmrobject/uploads/Documents/1725536060_annual_report_2023.pdf,2026-08-31,0.0,,"no_isolates_tested,rc_panel_changed(baseline=2022,added=[],dropped=[RC18])"
Staphylococcus aureus,RC19,teicoplanin,2024,0,0,,2024,Table 6.3,https://www.icmr.gov.in/icmrobject/uploads/Report/1763981012_icmramrsnannualreport2024.pdf,2026-08-31,,,"no_isolates_tested,pct_suppressed_in_source,rc_panel_changed(baseline=2022,added=[],dropped=[RC1 RC15 RC18])"
Staphylococcus aureus,RC19,tetracycline,2022,279,415,67.2,2022,Table 6.3,https://www.icmr.gov.in/icmrobject/custom_data/pdf/resource-guidelines/AMRSN_Annual_Report_2022.pdf,2026-08-31,67.2,67.23,
Staphylococcus aureus,RC19,tetracycline,2023,66,276,23.9,2023,Table 7.3,https://www.icmr.gov.in/icmrobject/uploads/Documents/1725536060_annual_report_2023.pdf,2026-08-31,23.9,23.91,"rc_panel_changed(baseline=2022,added=[],dropped=[RC18])"
Staphylococcus aureus,RC19,tetracycline,2024,17,163,10.4,2024,Table 6.3,https://www.icmr.gov.in/icmrobject/uploads/Report/1763981012_icmramrsnannualreport2024.pdf,2026-08-31,10.4,10.43,"rc_panel_changed(baseline=2022,added=[],dropped=[RC1 RC15 RC18])"
Staphylococcus aureus,RC19,tigecycline,2022,1,1,,2022,Table 6.3,https://www.icmr.gov.in/icmrobject/custom_data/pdf/resource-guidelines/AMRSN_Annual_Report_2022.pdf,2026-08-31,,100.0,low_isolate_count_asterisk
Staphylococcus aureus,RC19,tigecycline,2023,0,2,0.0,2023,Table 7.3,https://www.icmr.gov.in/icmrobject/uploads/Documents/1725536060_annual_report_2023.pdf,2026-08-31,0.0,0.0,"rc_panel_changed(baseline=2022,added=[],dropped=[RC18])"
Staphylococcus aureus,RC19,tigecycline,2024,45,45,100.0,2024,Table 6.3,https://www.icmr.gov.in/icmrobject/uploads/Report/1763981012_icmramrsnannualreport2024.pdf,2026-08-31,100.0,100.0,"rc_panel_changed(baseline=2022,added=[],dropped=[RC1 RC15 RC18])"
Staphylococcus aureus,RC19,vancomycin,2022,413,413,100.0,2022,Table 6.3,https://www.icmr.gov.in/icmrobject/custom_data/pdf/resource-guidelines/AMRSN_Annual_Report_2022.pdf,2026-08-31,100.0,100.0,
Staphylococcus aureus,RC19,vancomycin,2023,276,276,100.0,2023,Table 7.3,https://www.icmr.gov.in/icmrobject/uploads/Documents/1725536060_annual_report_2023.pdf,2026-08-31,100.0,100.0,"rc_panel_changed(baseline=2022,added=[],dropped=[RC18])"
Staphylococcus aureus,RC19,vancomycin,2024,163,163,100.0,2024,Table 6.3,https://www.icmr.gov.in/icmrobject/uploads/Report/1763981012_icmramrsnannualreport2024.pdf,2026-08-31,100.0,100.0,"rc_panel_changed(baseline=2022,added=[],dropped=[RC1 RC15 RC18])"
Staphylococcus aureus,RC20,cefoxitin,2022,38,258,14.7,2022,Table 6.3,https://www.icmr.gov.in/icmrobject/custom_data/pdf/resource-guidelines/AMRSN_Annual_Report_2022.pdf,2026-08-31,14.7,14.73,
Staphylococcus aureus,RC20,cefoxitin,2023,6,21,,2023,Table 7.3,https://www.icmr.gov.in/icmrobject/uploads/Documents/1725536060_annual_report_2023.pdf,2026-08-31,,28.57,"pct_suppressed_in_source,rc_panel_changed(baseline=2022,added=[],dropped=[RC18])"
Staphylococcus aureus,RC20,cefoxitin,2024,75,338,22.2,2024,Table 6.3,https://www.icmr.gov.in/icmrobject/uploads/Report/1763981012_icmramrsnannualreport2024.pdf,2026-08-31,22.2,22.19,"rc_panel_changed(baseline=2022,added=[],dropped=[RC1 RC15 RC18])"
Staphylococcus aureus,RC20,ciprofloxacin,2022,47,260,18.1,2022,Table 6.3,https://www.icmr.gov.in/icmrobject/custom_data/pdf/resource-guidelines/AMRSN_Annual_Report_2022.pdf,2026-08-31,18.1,18.08,
Staphylococcus aureus,RC20,ciprofloxacin,2023,3,60,5.0,2023,Table 7.3,https://www.icmr.gov.in/icmrobject/uploads/Documents/1725536060_annual_report_2023.pdf,2026-08-31,5.0,5.0,"rc_panel_changed(baseline=2022,added=[],dropped=[RC18])"
Staphylococcus aureus,RC20,ciprofloxacin,2024,46,338,13.6,2024,Table 6.3,https://www.icmr.gov.in/icmrobject/uploads/Report/1763981012_icmramrsnannualreport2024.pdf,2026-08-31,13.6,13.61,"rc_panel_changed(baseline=2022,added=[],dropped=[RC1 RC15 RC18])"
Staphylococcus aureus,RC20,clindamycin,2022,175,263,66.5,2022,Table 6.3,https://www.icmr.gov.in/icmrobject/custom_data/pdf/resource-guidelines/AMRSN_Annual_Report_2022.pdf,2026-08-31,66.5,66.54,
Staphylococcus aureus,RC20,clindamycin,2023,56,60,93.3,2023,Table 7.3,https://www.icmr.gov.in/icmrobject/uploads/Documents/1725536060_annual_report_2023.pdf,2026-08-31,93.3,93.33,"rc_panel_changed(baseline=2022,added=[],dropped=[RC18])"
Staphylococcus aureus,RC20,clindamycin,2024,297,338,87.9,2024,Table 6.3,https://www.icmr.gov.in/icmrobject/uploads/Report/1763981012_icmramrsnannualreport2024.pdf,2026-08-31,87.9,87.87,"rc_panel_changed(baseline=2022,added=[],dropped=[RC1 RC15 RC18])"
Staphylococcus aureus,RC20,cotrimoxazole,2022,168,262,64.1,2022,Table 6.3,https://www.icmr.gov.in/icmrobject/custom_data/pdf/resource-guidelines/AMRSN_Annual_Report_2022.pdf,2026-08-31,64.1,64.12,
Staphylococcus aureus,RC20,cotrimoxazole,2023,49,60,81.7,2023,Table 7.3,https://www.icmr.gov.in/icmrobject/uploads/Documents/1725536060_annual_report_2023.pdf,2026-08-31,81.7,81.67,"rc_panel_changed(baseline=2022,added=[],dropped=[RC18])"
Staphylococcus aureus,RC20,cotrimoxazole,2024,309,338,91.4,2024,Table 6.3,https://www.icmr.gov.in/icmrobject/uploads/Report/1763981012_icmramrsnannualreport2024.pdf,2026-08-31,91.4,91.42,"rc_panel_changed(baseline=2022,added=[],dropped=[RC1 RC15 RC18])"
Staphylococcus aureus,RC20,erythromycin,2022,79,262,30.2,2022,Table 6.3,https://www.icmr.gov.in/icmrobject/custom_data/pdf/resource-guidelines/AMRSN_Annual_Report_2022.pdf,2026-08-31,30.2,30.15,
Staphylococcus aureus,RC20,erythromycin,2023,19,60,31.7,2023,Table 7.3,https://www.icmr.gov.in/icmrobject/uploads/Documents/1725536060_annual_report_2023.pdf,2026-08-31,31.7,31.67,"rc_panel_changed(baseline=2022,added=[],dropped=[RC18])"
Staphylococcus aureus,RC20,erythromycin,2024,79,338,23.4,2024,Table 6.3,https://www.icmr.gov.in/icmrobject/uploads/Report/1763981012_icmramrsnannualreport2024.pdf,2026-08-31,23.4,23.37,"rc_panel_changed(baseline=2022,added=[],dropped=[RC1 RC15 RC18])"
Staphylococcus aureus,RC20,linezolid,2022,257,263,97.7,2022,Table 6.3,https://www.icmr.gov.in/icmrobject/custom_data/pdf/resource-guidelines/AMRSN_Annual_Report_2022.pdf,2026-08-31,97.7,97.72,
Staphylococcus aureus,RC20,linezolid,2023,60,60,100.0,2023,Table 7.3,https://www.icmr.gov.in/icmrobject/uploads/Documents/1725536060_annual_report_2023.pdf,2026-08-31,100.0,100.0,"rc_panel_changed(baseline=2022,added=[],dropped=[RC18])"
Staphylococcus aureus,RC20,linezolid,2024,322,338,95.3,2024,Table 6.3,https://www.icmr.gov.in/icmrobject/uploads/Report/1763981012_icmramrsnannualreport2024.pdf,2026-08-31,95.3,95.27,"rc_panel_changed(baseline=2022,added=[],dropped=[RC1 RC15 RC18])"
Staphylococcus aureus,RC20,oxacillin,2022,1,1,,2022,Table 6.3,https://www.icmr.gov.in/icmrobject/custom_data/pdf/resource-guidelines/AMRSN_Annual_Report_2022.pdf,2026-08-31,,100.0,low_isolate_count_asterisk
Staphylococcus aureus,RC20,oxacillin,2023,18,56,32.1,2023,Table 7.3,https://www.icmr.gov.in/icmrobject/uploads/Documents/1725536060_annual_report_2023.pdf,2026-08-31,32.1,32.14,"rc_panel_changed(baseline=2022,added=[],dropped=[RC18])"
Staphylococcus aureus,RC20,oxacillin,2024,3,8,,2024,Table 6.3,https://www.icmr.gov.in/icmrobject/uploads/Report/1763981012_icmramrsnannualreport2024.pdf,2026-08-31,,37.5,"pct_suppressed_in_source,rc_panel_changed(baseline=2022,added=[],dropped=[RC1 RC15 RC18])"
Staphylococcus aureus,RC20,teicoplanin,2022,18,18,,2022,Table 6.3,https://www.icmr.gov.in/icmrobject/custom_data/pdf/resource-guidelines/AMRSN_Annual_Report_2022.pdf,2026-08-31,,100.0,low_isolate_count_asterisk
Staphylococcus aureus,RC20,teicoplanin,2023,58,58,100.0,2023,Table 7.3,https://www.icmr.gov.in/icmrobject/uploads/Documents/1725536060_annual_report_2023.pdf,2026-08-31,100.0,100.0,"rc_panel_changed(baseline=2022,added=[],dropped=[RC18])"
Staphylococcus aureus,RC20,teicoplanin,2024,8,8,,2024,Table 6.3,https://www.icmr.gov.in/icmrobject/uploads/Report/1763981012_icmramrsnannualreport2024.pdf,2026-08-31,,100.0,"pct_suppressed_in_source,rc_panel_changed(baseline=2022,added=[],dropped=[RC1 RC15 RC18])"
Staphylococcus aureus,RC20,tetracycline,2022,223,252,88.5,2022,Table 6.3,https://www.icmr.gov.in/icmrobject/custom_data/pdf/resource-guidelines/AMRSN_Annual_Report_2022.pdf,2026-08-31,88.5,88.49,
Staphylococcus aureus,RC20,tetracycline,2023,59,60,98.3,2023,Table 7.3,https://www.icmr.gov.in/icmrobject/uploads/Documents/1725536060_annual_report_2023.pdf,2026-08-31,98.3,98.33,"rc_panel_changed(baseline=2022,added=[],dropped=[RC18])"
Staphylococcus aureus,RC20,tetracycline,2024,303,338,89.6,2024,Table 6.3,https://www.icmr.gov.in/icmrobject/uploads/Report/1763981012_icmramrsnannualreport2024.pdf,2026-08-31,89.6,89.64,"rc_panel_changed(baseline=2022,added=[],dropped=[RC1 RC15 RC18])"
Staphylococcus aureus,RC20,tigecycline,2023,47,47,100.0,2023,Table 7.3,https://www.icmr.gov.in/icmrobject/uploads/Documents/1725536060_annual_report_2023.pdf,2026-08-31,100.0,100.0,"rc_panel_changed(baseline=2022,added=[],dropped=[RC18])"
Staphylococcus aureus,RC20,tigecycline,2024,338,338,100.0,2024,Table 6.3,https://www.icmr.gov.in/icmrobject/uploads/Report/1763981012_icmramrsnannualreport2024.pdf,2026-08-31,100.0,100.0,"rc_panel_changed(baseline=2022,added=[],dropped=[RC1 RC15 RC18])"
Staphylococcus aureus,RC20,vancomycin,2022,18,18,,2022,Table 6.3,https://www.icmr.gov.in/icmrobject/custom_data/pdf/resource-guidelines/AMRSN_Annual_Report_2022.pdf,2026-08-31,,100.0,low_isolate_count_asterisk
Staphylococcus aureus,RC20,vancomycin,2023,60,60,100.0,2023,Table 7.3,https://www.icmr.gov.in/icmrobject/uploads/Documents/1725536060_annual_report_2023.pdf,2026-08-31,100.0,100.0,"rc_panel_changed(baseline=2022,added=[],dropped=[RC18])"
Staphylococcus aureus,RC20,vancomycin,2024,338,338,100.0,2024,Table 6.3,https://www.icmr.gov.in/icmrobject/uploads/Report/1763981012_icmramrsnannualreport2024.pdf,2026-08-31,100.0,100.0,"rc_panel_changed(baseline=2022,added=[],dropped=[RC1 RC15 RC18])"
Staphylococcus aureus,RC21,cefoxitin,2022,77,84,91.7,2022,Table 6.3,https://www.icmr.gov.in/icmrobject/custom_data/pdf/resource-guidelines/AMRSN_Annual_Report_2022.pdf,2026-08-31,91.7,91.67,
Staphylococcus aureus,RC21,cefoxitin,2023,8,21,,2023,Table 7.3,https://www.icmr.gov.in/icmrobject/uploads/Documents/1725536060_annual_report_2023.pdf,2026-08-31,,38.1,"pct_suppressed_in_source,rc_panel_changed(baseline=2022,added=[],dropped=[RC18])"
Staphylococcus aureus,RC21,cefoxitin,2024,43,117,36.8,2024,Table 6.3,https://www.icmr.gov.in/icmrobject/uploads/Report/1763981012_icmramrsnannualreport2024.pdf,2026-08-31,36.8,36.75,"rc_panel_changed(baseline=2022,added=[],dropped=[RC1 RC15 RC18])"
Staphylococcus aureus,RC21,ciprofloxacin,2022,10,84,11.9,2022,Table 6.3,https://www.icmr.gov.in/icmrobject/custom_data/pdf/resource-guidelines/AMRSN_Annual_Report_2022.pdf,2026-08-31,11.9,11.9,
Staphylococcus aureus,RC21,ciprofloxacin,2023,8,69,11.6,2023,Table 7.3,https://www.icmr.gov.in/icmrobject/uploads/Documents/1725536060_annual_report_2023.pdf,2026-08-31,11.6,11.59,"rc_panel_changed(baseline=2022,added=[],dropped=[RC18])"
Staphylococcus aureus,RC21,ciprofloxacin,2024,22,118,18.6,2024,Table 6.3,https://www.icmr.gov.in/icmrobject/uploads/Report/1763981012_icmramrsnannualreport2024.pdf,2026-08-31,18.6,18.64,"rc_panel_changed(baseline=2022,added=[],dropped=[RC1 RC15 RC18])"
Staphylococcus aureus,RC21,clindamycin,2022,32,84,38.1,2022,Table 6.3,https://www.icmr.gov.in/icmrobject/custom_data/pdf/resource-guidelines/AMRSN_Annual_Report_2022.pdf,2026-08-31,38.1,38.1,
Staphylococcus aureus,RC21,clindamycin,2023,53,69,76.8,2023,Table 7.3,https://www.icmr.gov.in/icmrobject/uploads/Documents/1725536060_annual_report_2023.pdf,2026-08-31,76.8,76.81,"rc_panel_changed(baseline=2022,added=[],dropped=[RC18])"
Staphylococcus aureus,RC21,clindamycin,2024,107,118,90.7,2024,Table 6.3,https://www.icmr.gov.in/icmrobject/uploads/Report/1763981012_icmramrsnannualreport2024.pdf,2026-08-31,90.7,90.68,"rc_panel_changed(baseline=2022,added=[],dropped=[RC1 RC15 RC18])"
Staphylococcus aureus,RC21,cotrimoxazole,2022,60,82,73.2,2022,Table 6.3,https://www.icmr.gov.in/icmrobject/custom_data/pdf/resource-guidelines/AMRSN_Annual_Report_2022.pdf,2026-08-31,73.2,73.17,
Staphylococcus aureus,RC21,cotrimoxazole,2023,49,69,71.0,2023,Table 7.3,https://www.icmr.gov.in/icmrobject/uploads/Documents/1725536060_annual_report_2023.pdf,2026-08-31,71.0,71.01,"rc_panel_changed(baseline=2022,added=[],dropped=[RC18])"
Staphylococcus aureus,RC21,cotrimoxazole,2024,97,118,82.2,2024,Table 6.3,https://www.icmr.gov.in/icmrobject/uploads/Report/1763981012_icmramrsnannualreport2024.pdf,2026-08-31,82.2,82.2,"rc_panel_changed(baseline=2022,added=[],dropped=[RC1 RC15 RC18])"
Staphylococcus aureus,RC21,erythromycin,2022,8,81,9.9,2022,Table 6.3,https://www.icmr.gov.in/icmrobject/custom_data/pdf/resource-guidelines/AMRSN_Annual_Report_2022.pdf,2026-08-31,9.9,9.88,
Staphylococcus aureus,RC21,erythromycin,2023,10,69,14.5,2023,Table 7.3,https://www.icmr.gov.in/icmrobject/uploads/Documents/1725536060_annual_report_2023.pdf,2026-08-31,14.5,14.49,"rc_panel_changed(baseline=2022,added=[],dropped=[RC18])"
Staphylococcus aureus,RC21,erythromycin,2024,26,118,22.0,2024,Table 6.3,https://www.icmr.gov.in/icmrobject/uploads/Report/1763981012_icmramrsnannualreport2024.pdf,2026-08-31,22.0,22.03,"rc_panel_changed(baseline=2022,added=[],dropped=[RC1 RC15 RC18])"
Staphylococcus aureus,RC21,linezolid,2022,82,84,97.6,2022,Table 6.3,https://www.icmr.gov.in/icmrobject/custom_data/pdf/resource-guidelines/AMRSN_Annual_Report_2022.pdf,2026-08-31,97.6,97.62,
Staphylococcus aureus,RC21,linezolid,2023,65,69,94.2,2023,Table 7.3,https://www.icmr.gov.in/icmrobject/uploads/Documents/1725536060_annual_report_2023.pdf,2026-08-31,94.2,94.2,"rc_panel_changed(baseline=2022,added=[],dropped=[RC18])"
Staphylococcus aureus,RC21,linezolid,2024,118,118,100.0,2024,Table 6.3,https://www.icmr.gov.in/icmrobject/uploads/Report/1763981012_icmramrsnannualreport2024.pdf,2026-08-31,100.0,100.0,"rc_panel_changed(baseline=2022,added=[],dropped=[RC1 RC15 RC18])"
Staphylococcus aureus,RC21,oxacillin,2022,28,63,44.4,2022,Table 6.3,https://www.icmr.gov.in/icmrobject/custom_data/pdf/resource-guidelines/AMRSN_Annual_Report_2022.pdf,2026-08-31,44.4,44.44,
Staphylococcus aureus,RC21,oxacillin,2023,40,67,59.7,2023,Table 7.3,https://www.icmr.gov.in/icmrobject/uploads/Documents/1725536060_annual_report_2023.pdf,2026-08-31,59.7,59.7,"rc_panel_changed(baseline=2022,added=[],dropped=[RC18])"
Staphylococcus aureus,RC21,oxacillin,2024,52,115,45.2,2024,Table 6.3,https://www.icmr.gov.in/icmrobject/uploads/Report/1763981012_icmramrsnannualreport2024.pdf,2026-08-31,45.2,45.22,"rc_panel_changed(baseline=2022,added=[],dropped=[RC1 RC15 RC18])"
Staphylococcus aureus,RC21,teicoplanin,2022,76,78,97.4,2022,Table 6.3,https://www.icmr.gov.in/icmrobject/custom_data/pdf/resource-guidelines/AMRSN_Annual_Report_2022.pdf,2026-08-31,97.4,97.44,
Staphylococcus aureus,RC21,teicoplanin,2023,67,67,100.0,2023,Table 7.3,https://www.icmr.gov.in/icmrobject/uploads/Documents/1725536060_annual_report_2023.pdf,2026-08-31,100.0,100.0,"rc_panel_changed(baseline=2022,added=[],dropped=[RC18])"
Staphylococcus aureus,RC21,teicoplanin,2024,118,118,100.0,2024,Table 6.3,https://www.icmr.gov.in/icmrobject/uploads/Report/1763981012_icmramrsnannualreport2024.pdf,2026-08-31,100.0,100.0,"rc_panel_changed(baseline=2022,added=[],dropped=[RC1 RC15 RC18])"
Staphylococcus aureus,RC21,tetracycline,2022,74,83,89.2,2022,Table 6.3,https://www.icmr.gov.in/icmrobject/custom_data/pdf/resource-guidelines/AMRSN_Annual_Report_2022.pdf,2026-08-31,89.2,89.16,
Staphylococcus aureus,RC21,tetracycline,2023,63,69,91.3,2023,Table 7.3,https://www.icmr.gov.in/icmrobject/uploads/Documents/1725536060_annual_report_2023.pdf,2026-08-31,91.3,91.3,"rc_panel_changed(baseline=2022,added=[],dropped=[RC18])"
Staphylococcus aureus,RC21,tetracycline,2024,103,118,87.3,2024,Table 6.3,https://www.icmr.gov.in/icmrobject/uploads/Report/1763981012_icmramrsnannualreport2024.pdf,2026-08-31,87.3,87.29,"rc_panel_changed(baseline=2022,added=[],dropped=[RC1 RC15 RC18])"
Staphylococcus aureus,RC21,tigecycline,2022,73,73,100.0,2022,Table 6.3,https://www.icmr.gov.in/icmrobject/custom_data/pdf/resource-guidelines/AMRSN_Annual_Report_2022.pdf,2026-08-31,100.0,100.0,
Staphylococcus aureus,RC21,tigecycline,2023,64,64,100.0,2023,Table 7.3,https://www.icmr.gov.in/icmrobject/uploads/Documents/1725536060_annual_report_2023.pdf,2026-08-31,100.0,100.0,"rc_panel_changed(baseline=2022,added=[],dropped=[RC18])"
Staphylococcus aureus,RC21,tigecycline,2024,118,118,100.0,2024,Table 6.3,https://www.icmr.gov.in/icmrobject/uploads/Report/1763981012_icmramrsnannualreport2024.pdf,2026-08-31,100.0,100.0,"rc_panel_changed(baseline=2022,added=[],dropped=[RC1 RC15 RC18])"
Staphylococcus aureus,RC21,vancomycin,2022,84,84,100.0,2022,Table 6.3,https://www.icmr.gov.in/icmrobject/custom_data/pdf/resource-guidelines/AMRSN_Annual_Report_2022.pdf,2026-08-31,100.0,100.0,
Staphylococcus aureus,RC21,vancomycin,2023,69,69,100.0,2023,Table 7.3,https://www.icmr.gov.in/icmrobject/uploads/Documents/1725536060_annual_report_2023.pdf,2026-08-31,100.0,100.0,"rc_panel_changed(baseline=2022,added=[],dropped=[RC18])"
Staphylococcus aureus,RC21,vancomycin,2024,118,118,100.0,2024,Table 6.3,https://www.icmr.gov.in/icmrobject/uploads/Report/1763981012_icmramrsnannualreport2024.pdf,2026-08-31,100.0,100.0,"rc_panel_changed(baseline=2022,added=[],dropped=[RC1 RC15 RC18])"
