organism,antibiotic,year,susceptible_n,tested_n,susceptible_pct,source_report_year,source_table,source_url,extracted_date,reported_pct,computed_pct,flags
Acinetobacter baumannii,amikacin,2017,638,3312,19.3,2022,Table 5.6,https://www.icmr.gov.in/icmrobject/custom_data/pdf/resource-guidelines/AMRSN_Annual_Report_2022.pdf,2026-08-26,19.3,19.26,
Acinetobacter baumannii,amikacin,2017,638,3312,19.3,2023,Table 4.3,https://www.icmr.gov.in/icmrobject/uploads/Documents/1725536060_annual_report_2023.pdf,2026-08-26,19.3,19.26,
Acinetobacter baumannii,amikacin,2017,638,3312,19.3,2024,Table 3.6,https://www.icmr.gov.in/icmrobject/uploads/Report/1763981012_icmramrsnannualreport2024.pdf,2026-08-26,19.3,19.26,
Acinetobacter baumannii,amikacin,2018,877,3795,23.1,2022,Table 5.6,https://www.icmr.gov.in/icmrobject/custom_data/pdf/resource-guidelines/AMRSN_Annual_Report_2022.pdf,2026-08-26,23.1,23.11,
Acinetobacter baumannii,amikacin,2018,877,3795,23.1,2023,Table 4.3,https://www.icmr.gov.in/icmrobject/uploads/Documents/1725536060_annual_report_2023.pdf,2026-08-26,23.1,23.11,
Acinetobacter baumannii,amikacin,2018,877,3795,23.1,2024,Table 3.6,https://www.icmr.gov.in/icmrobject/uploads/Report/1763981012_icmramrsnannualreport2024.pdf,2026-08-26,23.1,23.11,
Acinetobacter baumannii,amikacin,2019,1429,7016,20.4,2022,Table 5.6,https://www.icmr.gov.in/icmrobject/custom_data/pdf/resource-guidelines/AMRSN_Annual_Report_2022.pdf,2026-08-26,20.4,20.37,
Acinetobacter baumannii,amikacin,2019,1429,7016,20.4,2023,Table 4.3,https://www.icmr.gov.in/icmrobject/uploads/Documents/1725536060_annual_report_2023.pdf,2026-08-26,20.4,20.37,
Acinetobacter baumannii,amikacin,2019,1429,7016,20.4,2024,Table 3.6,https://www.icmr.gov.in/icmrobject/uploads/Report/1763981012_icmramrsnannualreport2024.pdf,2026-08-26,20.4,20.37,
Acinetobacter baumannii,amikacin,2020,1014,5863,17.3,2022,Table 5.6,https://www.icmr.gov.in/icmrobject/custom_data/pdf/resource-guidelines/AMRSN_Annual_Report_2022.pdf,2026-08-26,17.3,17.29,
Acinetobacter baumannii,amikacin,2020,1014,5863,17.3,2023,Table 4.3,https://www.icmr.gov.in/icmrobject/uploads/Documents/1725536060_annual_report_2023.pdf,2026-08-26,17.3,17.29,
Acinetobacter baumannii,amikacin,2020,1014,5863,17.3,2024,Table 3.6,https://www.icmr.gov.in/icmrobject/uploads/Report/1763981012_icmramrsnannualreport2024.pdf,2026-08-26,17.3,17.29,
Acinetobacter baumannii,amikacin,2021,1925,10734,17.9,2022,Table 5.6,https://www.icmr.gov.in/icmrobject/custom_data/pdf/resource-guidelines/AMRSN_Annual_Report_2022.pdf,2026-08-26,17.9,17.93,
Acinetobacter baumannii,amikacin,2021,1925,10734,17.9,2023,Table 4.3,https://www.icmr.gov.in/icmrobject/uploads/Documents/1725536060_annual_report_2023.pdf,2026-08-26,17.9,17.93,
Acinetobacter baumannii,amikacin,2021,1925,10734,17.9,2024,Table 3.6,https://www.icmr.gov.in/icmrobject/uploads/Report/1763981012_icmramrsnannualreport2024.pdf,2026-08-26,17.9,17.93,
Acinetobacter baumannii,amikacin,2022,2053,11892,17.2,2022,Table 5.6,https://www.icmr.gov.in/icmrobject/custom_data/pdf/resource-guidelines/AMRSN_Annual_Report_2022.pdf,2026-08-26,17.2,17.26,
Acinetobacter baumannii,amikacin,2022,2053,11892,17.2,2023,Table 4.3,https://www.icmr.gov.in/icmrobject/uploads/Documents/1725536060_annual_report_2023.pdf,2026-08-26,17.2,17.26,
Acinetobacter baumannii,amikacin,2022,2053,11892,17.2,2024,Table 3.6,https://www.icmr.gov.in/icmrobject/uploads/Report/1763981012_icmramrsnannualreport2024.pdf,2026-08-26,17.2,17.26,
Acinetobacter baumannii,amikacin,2023,1194,7260,16.4,2023,Table 4.3,https://www.icmr.gov.in/icmrobject/uploads/Documents/1725536060_annual_report_2023.pdf,2026-08-26,16.4,16.45,
Acinetobacter baumannii,amikacin,2023,1194,7260,16.4,2024,Table 3.6,https://www.icmr.gov.in/icmrobject/uploads/Report/1763981012_icmramrsnannualreport2024.pdf,2026-08-26,16.4,16.45,
Acinetobacter baumannii,amikacin,2024,1638,10351,15.8,2024,Table 3.6,https://www.icmr.gov.in/icmrobject/uploads/Report/1763981012_icmramrsnannualreport2024.pdf,2026-08-26,15.8,15.82,
Acinetobacter baumannii,cefepime,2017,368,3300,11.2,2022,Table 5.6,https://www.icmr.gov.in/icmrobject/custom_data/pdf/resource-guidelines/AMRSN_Annual_Report_2022.pdf,2026-08-26,11.2,11.15,
Acinetobacter baumannii,cefepime,2017,368,3300,11.2,2023,Table 4.3,https://www.icmr.gov.in/icmrobject/uploads/Documents/1725536060_annual_report_2023.pdf,2026-08-26,11.2,11.15,
Acinetobacter baumannii,cefepime,2017,368,3300,11.2,2024,Table 3.6,https://www.icmr.gov.in/icmrobject/uploads/Report/1763981012_icmramrsnannualreport2024.pdf,2026-08-26,11.2,11.15,
Acinetobacter baumannii,cefepime,2018,587,4457,13.2,2022,Table 5.6,https://www.icmr.gov.in/icmrobject/custom_data/pdf/resource-guidelines/AMRSN_Annual_Report_2022.pdf,2026-08-26,13.2,13.17,
Acinetobacter baumannii,cefepime,2018,587,4457,13.2,2023,Table 4.3,https://www.icmr.gov.in/icmrobject/uploads/Documents/1725536060_annual_report_2023.pdf,2026-08-26,13.2,13.17,
Acinetobacter baumannii,cefepime,2018,587,4457,13.2,2024,Table 3.6,https://www.icmr.gov.in/icmrobject/uploads/Report/1763981012_icmramrsnannualreport2024.pdf,2026-08-26,13.2,13.17,
Acinetobacter baumannii,cefepime,2019,1040,8271,12.6,2022,Table 5.6,https://www.icmr.gov.in/icmrobject/custom_data/pdf/resource-guidelines/AMRSN_Annual_Report_2022.pdf,2026-08-26,12.6,12.57,
Acinetobacter baumannii,cefepime,2019,1040,8271,12.6,2023,Table 4.3,https://www.icmr.gov.in/icmrobject/uploads/Documents/1725536060_annual_report_2023.pdf,2026-08-26,12.6,12.57,
Acinetobacter baumannii,cefepime,2019,1040,8271,12.6,2024,Table 3.6,https://www.icmr.gov.in/icmrobject/uploads/Report/1763981012_icmramrsnannualreport2024.pdf,2026-08-26,12.6,12.57,
Acinetobacter baumannii,cefepime,2020,587,6571,8.9,2022,Table 5.6,https://www.icmr.gov.in/icmrobject/custom_data/pdf/resource-guidelines/AMRSN_Annual_Report_2022.pdf,2026-08-26,8.9,8.93,
Acinetobacter baumannii,cefepime,2020,587,6571,8.9,2023,Table 4.3,https://www.icmr.gov.in/icmrobject/uploads/Documents/1725536060_annual_report_2023.pdf,2026-08-26,8.9,8.93,
Acinetobacter baumannii,cefepime,2020,587,6571,8.9,2024,Table 3.6,https://www.icmr.gov.in/icmrobject/uploads/Report/1763981012_icmramrsnannualreport2024.pdf,2026-08-26,8.9,8.93,
Acinetobacter baumannii,cefepime,2021,1086,11986,9.1,2022,Table 5.6,https://www.icmr.gov.in/icmrobject/custom_data/pdf/resource-guidelines/AMRSN_Annual_Report_2022.pdf,2026-08-26,9.1,9.06,
Acinetobacter baumannii,cefepime,2021,1086,11986,9.1,2023,Table 4.3,https://www.icmr.gov.in/icmrobject/uploads/Documents/1725536060_annual_report_2023.pdf,2026-08-26,9.1,9.06,
Acinetobacter baumannii,cefepime,2021,1086,11986,9.1,2024,Table 3.6,https://www.icmr.gov.in/icmrobject/uploads/Report/1763981012_icmramrsnannualreport2024.pdf,2026-08-26,9.1,9.06,
Acinetobacter baumannii,cefepime,2022,1280,11900,10.7,2022,Table 5.6,https://www.icmr.gov.in/icmrobject/custom_data/pdf/resource-guidelines/AMRSN_Annual_Report_2022.pdf,2026-08-26,10.7,10.76,
Acinetobacter baumannii,cefepime,2022,1280,11900,10.7,2023,Table 4.3,https://www.icmr.gov.in/icmrobject/uploads/Documents/1725536060_annual_report_2023.pdf,2026-08-26,10.7,10.76,
Acinetobacter baumannii,cefepime,2022,1280,11900,10.7,2024,Table 3.6,https://www.icmr.gov.in/icmrobject/uploads/Report/1763981012_icmramrsnannualreport2024.pdf,2026-08-26,10.7,10.76,
Acinetobacter baumannii,cefepime,2023,808,7240,11.2,2023,Table 4.3,https://www.icmr.gov.in/icmrobject/uploads/Documents/1725536060_annual_report_2023.pdf,2026-08-26,11.2,11.16,
Acinetobacter baumannii,cefepime,2023,808,7240,11.2,2024,Table 3.6,https://www.icmr.gov.in/icmrobject/uploads/Report/1763981012_icmramrsnannualreport2024.pdf,2026-08-26,11.2,11.16,
Acinetobacter baumannii,cefepime,2024,869,9741,8.9,2024,Table 3.6,https://www.icmr.gov.in/icmrobject/uploads/Report/1763981012_icmramrsnannualreport2024.pdf,2026-08-26,8.9,8.92,
Acinetobacter baumannii,ceftazidime,2017,355,3202,11.1,2022,Table 5.6,https://www.icmr.gov.in/icmrobject/custom_data/pdf/resource-guidelines/AMRSN_Annual_Report_2022.pdf,2026-08-26,11.1,11.09,
Acinetobacter baumannii,ceftazidime,2017,355,3202,11.1,2023,Table 4.3,https://www.icmr.gov.in/icmrobject/uploads/Documents/1725536060_annual_report_2023.pdf,2026-08-26,11.1,11.09,
Acinetobacter baumannii,ceftazidime,2017,355,3202,11.1,2024,Table 3.6,https://www.icmr.gov.in/icmrobject/uploads/Report/1763981012_icmramrsnannualreport2024.pdf,2026-08-26,11.1,11.09,
Acinetobacter baumannii,ceftazidime,2018,575,4164,13.8,2022,Table 5.6,https://www.icmr.gov.in/icmrobject/custom_data/pdf/resource-guidelines/AMRSN_Annual_Report_2022.pdf,2026-08-26,13.8,13.81,
Acinetobacter baumannii,ceftazidime,2018,575,4164,13.8,2023,Table 4.3,https://www.icmr.gov.in/icmrobject/uploads/Documents/1725536060_annual_report_2023.pdf,2026-08-26,13.8,13.81,
Acinetobacter baumannii,ceftazidime,2018,575,4164,13.8,2024,Table 3.6,https://www.icmr.gov.in/icmrobject/uploads/Report/1763981012_icmramrsnannualreport2024.pdf,2026-08-26,13.8,13.81,
Acinetobacter baumannii,ceftazidime,2019,905,7453,12.1,2022,Table 5.6,https://www.icmr.gov.in/icmrobject/custom_data/pdf/resource-guidelines/AMRSN_Annual_Report_2022.pdf,2026-08-26,12.1,12.14,
Acinetobacter baumannii,ceftazidime,2019,905,7453,12.1,2023,Table 4.3,https://www.icmr.gov.in/icmrobject/uploads/Documents/1725536060_annual_report_2023.pdf,2026-08-26,12.1,12.14,
Acinetobacter baumannii,ceftazidime,2019,905,7453,12.1,2024,Table 3.6,https://www.icmr.gov.in/icmrobject/uploads/Report/1763981012_icmramrsnannualreport2024.pdf,2026-08-26,12.1,12.14,
Acinetobacter baumannii,ceftazidime,2020,546,6441,8.5,2022,Table 5.6,https://www.icmr.gov.in/icmrobject/custom_data/pdf/resource-guidelines/AMRSN_Annual_Report_2022.pdf,2026-08-26,8.5,8.48,
Acinetobacter baumannii,ceftazidime,2020,546,6441,8.5,2023,Table 4.3,https://www.icmr.gov.in/icmrobject/uploads/Documents/1725536060_annual_report_2023.pdf,2026-08-26,8.5,8.48,
Acinetobacter baumannii,ceftazidime,2020,546,6441,8.5,2024,Table 3.6,https://www.icmr.gov.in/icmrobject/uploads/Report/1763981012_icmramrsnannualreport2024.pdf,2026-08-26,8.5,8.48,
Acinetobacter baumannii,ceftazidime,2021,890,10395,8.6,2022,Table 5.6,https://www.icmr.gov.in/icmrobject/custom_data/pdf/resource-guidelines/AMRSN_Annual_Report_2022.pdf,2026-08-26,8.6,8.56,
Acinetobacter baumannii,ceftazidime,2021,890,10395,8.6,2023,Table 4.3,https://www.icmr.gov.in/icmrobject/uploads/Documents/1725536060_annual_report_2023.pdf,2026-08-26,8.6,8.56,
Acinetobacter baumannii,ceftazidime,2021,890,10395,8.6,2024,Table 3.6,https://www.icmr.gov.in/icmrobject/uploads/Report/1763981012_icmramrsnannualreport2024.pdf,2026-08-26,8.6,8.56,
Acinetobacter baumannii,ceftazidime,2022,1023,11197,9.1,2022,Table 5.6,https://www.icmr.gov.in/icmrobject/custom_data/pdf/resource-guidelines/AMRSN_Annual_Report_2022.pdf,2026-08-26,9.1,9.14,
Acinetobacter baumannii,ceftazidime,2022,1023,11197,9.1,2023,Table 4.3,https://www.icmr.gov.in/icmrobject/uploads/Documents/1725536060_annual_report_2023.pdf,2026-08-26,9.1,9.14,
Acinetobacter baumannii,ceftazidime,2022,1023,11197,9.1,2024,Table 3.6,https://www.icmr.gov.in/icmrobject/uploads/Report/1763981012_icmramrsnannualreport2024.pdf,2026-08-26,9.1,9.14,
Acinetobacter baumannii,ceftazidime,2023,635,7260,8.7,2023,Table 4.3,https://www.icmr.gov.in/icmrobject/uploads/Documents/1725536060_annual_report_2023.pdf,2026-08-26,8.7,8.75,
Acinetobacter baumannii,ceftazidime,2023,635,7260,8.7,2024,Table 3.6,https://www.icmr.gov.in/icmrobject/uploads/Report/1763981012_icmramrsnannualreport2024.pdf,2026-08-26,8.7,8.75,
Acinetobacter baumannii,ceftazidime,2024,1081,10351,10.4,2024,Table 3.6,https://www.icmr.gov.in/icmrobject/uploads/Report/1763981012_icmramrsnannualreport2024.pdf,2026-08-26,10.4,10.44,
Acinetobacter baumannii,colistin,2017,28,31,90.3,2022,Table 5.6,https://www.icmr.gov.in/icmrobject/custom_data/pdf/resource-guidelines/AMRSN_Annual_Report_2022.pdf,2026-08-26,90.3,90.32,"label_footnote_asterisk,colistin_is_intermediate_susceptibility"
Acinetobacter baumannii,colistin,2017,28,31,90.3,2023,Table 4.3,https://www.icmr.gov.in/icmrobject/uploads/Documents/1725536060_annual_report_2023.pdf,2026-08-26,90.3,90.32,"label_footnote_asterisk,colistin_is_intermediate_susceptibility"
Acinetobacter baumannii,colistin,2017,28,31,90.3,2024,Table 3.6,https://www.icmr.gov.in/icmrobject/uploads/Report/1763981012_icmramrsnannualreport2024.pdf,2026-08-26,90.3,90.32,"label_footnote_asterisk,colistin_is_intermediate_susceptibility"
Acinetobacter baumannii,colistin,2018,36,38,94.7,2022,Table 5.6,https://www.icmr.gov.in/icmrobject/custom_data/pdf/resource-guidelines/AMRSN_Annual_Report_2022.pdf,2026-08-26,94.7,94.74,"label_footnote_asterisk,colistin_is_intermediate_susceptibility"
Acinetobacter baumannii,colistin,2018,36,38,94.7,2023,Table 4.3,https://www.icmr.gov.in/icmrobject/uploads/Documents/1725536060_annual_report_2023.pdf,2026-08-26,94.7,94.74,"label_footnote_asterisk,colistin_is_intermediate_susceptibility"
Acinetobacter baumannii,colistin,2018,36,38,94.7,2024,Table 3.6,https://www.icmr.gov.in/icmrobject/uploads/Report/1763981012_icmramrsnannualreport2024.pdf,2026-08-26,94.7,94.74,"label_footnote_asterisk,colistin_is_intermediate_susceptibility"
Acinetobacter baumannii,colistin,2019,103,108,95.4,2022,Table 5.6,https://www.icmr.gov.in/icmrobject/custom_data/pdf/resource-guidelines/AMRSN_Annual_Report_2022.pdf,2026-08-26,95.4,95.37,"label_footnote_asterisk,colistin_is_intermediate_susceptibility"
Acinetobacter baumannii,colistin,2019,103,108,95.4,2023,Table 4.3,https://www.icmr.gov.in/icmrobject/uploads/Documents/1725536060_annual_report_2023.pdf,2026-08-26,95.4,95.37,"label_footnote_asterisk,colistin_is_intermediate_susceptibility"
Acinetobacter baumannii,colistin,2019,103,108,95.4,2024,Table 3.6,https://www.icmr.gov.in/icmrobject/uploads/Report/1763981012_icmramrsnannualreport2024.pdf,2026-08-26,95.4,95.37,"label_footnote_asterisk,colistin_is_intermediate_susceptibility"
Acinetobacter baumannii,colistin,2020,91,94,96.8,2022,Table 5.6,https://www.icmr.gov.in/icmrobject/custom_data/pdf/resource-guidelines/AMRSN_Annual_Report_2022.pdf,2026-08-26,96.8,96.81,"label_footnote_asterisk,colistin_is_intermediate_susceptibility"
Acinetobacter baumannii,colistin,2020,91,94,96.8,2023,Table 4.3,https://www.icmr.gov.in/icmrobject/uploads/Documents/1725536060_annual_report_2023.pdf,2026-08-26,96.8,96.81,"label_footnote_asterisk,colistin_is_intermediate_susceptibility"
Acinetobacter baumannii,colistin,2020,91,94,96.8,2024,Table 3.6,https://www.icmr.gov.in/icmrobject/uploads/Report/1763981012_icmramrsnannualreport2024.pdf,2026-08-26,96.8,96.81,"label_footnote_asterisk,colistin_is_intermediate_susceptibility"
Acinetobacter baumannii,colistin,2021,4553,4758,95.7,2022,Table 5.6,https://www.icmr.gov.in/icmrobject/custom_data/pdf/resource-guidelines/AMRSN_Annual_Report_2022.pdf,2026-08-26,95.7,95.69,"label_footnote_asterisk,colistin_is_intermediate_susceptibility"
Acinetobacter baumannii,colistin,2021,4553,4758,95.7,2023,Table 4.3,https://www.icmr.gov.in/icmrobject/uploads/Documents/1725536060_annual_report_2023.pdf,2026-08-26,95.7,95.69,"label_footnote_asterisk,colistin_is_intermediate_susceptibility"
Acinetobacter baumannii,colistin,2021,4553,4758,95.7,2024,Table 3.6,https://www.icmr.gov.in/icmrobject/uploads/Report/1763981012_icmramrsnannualreport2024.pdf,2026-08-26,95.7,95.69,"label_footnote_asterisk,colistin_is_intermediate_susceptibility"
Acinetobacter baumannii,colistin,2022,7362,7700,95.6,2022,Table 5.6,https://www.icmr.gov.in/icmrobject/custom_data/pdf/resource-guidelines/AMRSN_Annual_Report_2022.pdf,2026-08-26,95.6,95.61,"label_footnote_asterisk,colistin_is_intermediate_susceptibility"
Acinetobacter baumannii,colistin,2022,7362,7700,95.6,2023,Table 4.3,https://www.icmr.gov.in/icmrobject/uploads/Documents/1725536060_annual_report_2023.pdf,2026-08-26,95.6,95.61,"label_footnote_asterisk,colistin_is_intermediate_susceptibility"
Acinetobacter baumannii,colistin,2022,7362,7700,95.6,2024,Table 3.6,https://www.icmr.gov.in/icmrobject/uploads/Report/1763981012_icmramrsnannualreport2024.pdf,2026-08-26,95.6,95.61,"label_footnote_asterisk,colistin_is_intermediate_susceptibility"
Acinetobacter baumannii,colistin,2023,4914,4970,98.9,2023,Table 4.3,https://www.icmr.gov.in/icmrobject/uploads/Documents/1725536060_annual_report_2023.pdf,2026-08-26,98.9,98.87,"label_footnote_asterisk,colistin_is_intermediate_susceptibility"
Acinetobacter baumannii,colistin,2023,4914,4970,98.9,2024,Table 3.6,https://www.icmr.gov.in/icmrobject/uploads/Report/1763981012_icmramrsnannualreport2024.pdf,2026-08-26,98.9,98.87,"label_footnote_asterisk,colistin_is_intermediate_susceptibility"
Acinetobacter baumannii,colistin,2024,5194,5331,97.4,2024,Table 3.6,https://www.icmr.gov.in/icmrobject/uploads/Report/1763981012_icmramrsnannualreport2024.pdf,2026-08-26,97.4,97.43,"label_footnote_asterisk,colistin_is_intermediate_susceptibility"
Acinetobacter baumannii,imipenem,2017,501,3346,15.0,2022,Table 5.6,https://www.icmr.gov.in/icmrobject/custom_data/pdf/resource-guidelines/AMRSN_Annual_Report_2022.pdf,2026-08-26,15.0,14.97,
Acinetobacter baumannii,imipenem,2017,501,3346,15.0,2023,Table 4.3,https://www.icmr.gov.in/icmrobject/uploads/Documents/1725536060_annual_report_2023.pdf,2026-08-26,15.0,14.97,
Acinetobacter baumannii,imipenem,2017,501,3346,15.0,2024,Table 3.6,https://www.icmr.gov.in/icmrobject/uploads/Report/1763981012_icmramrsnannualreport2024.pdf,2026-08-26,15.0,14.97,
Acinetobacter baumannii,imipenem,2018,818,4517,18.1,2022,Table 5.6,https://www.icmr.gov.in/icmrobject/custom_data/pdf/resource-guidelines/AMRSN_Annual_Report_2022.pdf,2026-08-26,18.1,18.11,
Acinetobacter baumannii,imipenem,2018,818,4517,18.1,2023,Table 4.3,https://www.icmr.gov.in/icmrobject/uploads/Documents/1725536060_annual_report_2023.pdf,2026-08-26,18.1,18.11,
Acinetobacter baumannii,imipenem,2018,818,4517,18.1,2024,Table 3.6,https://www.icmr.gov.in/icmrobject/uploads/Report/1763981012_icmramrsnannualreport2024.pdf,2026-08-26,18.1,18.11,
Acinetobacter baumannii,imipenem,2019,1098,7272,15.1,2022,Table 5.6,https://www.icmr.gov.in/icmrobject/custom_data/pdf/resource-guidelines/AMRSN_Annual_Report_2022.pdf,2026-08-26,15.1,15.1,
Acinetobacter baumannii,imipenem,2019,1098,7272,15.1,2023,Table 4.3,https://www.icmr.gov.in/icmrobject/uploads/Documents/1725536060_annual_report_2023.pdf,2026-08-26,15.1,15.1,
Acinetobacter baumannii,imipenem,2019,1098,7272,15.1,2024,Table 3.6,https://www.icmr.gov.in/icmrobject/uploads/Report/1763981012_icmramrsnannualreport2024.pdf,2026-08-26,15.1,15.1,
Acinetobacter baumannii,imipenem,2020,744,6702,11.1,2022,Table 5.6,https://www.icmr.gov.in/icmrobject/custom_data/pdf/resource-guidelines/AMRSN_Annual_Report_2022.pdf,2026-08-26,11.1,11.1,
Acinetobacter baumannii,imipenem,2020,744,6702,11.1,2023,Table 4.3,https://www.icmr.gov.in/icmrobject/uploads/Documents/1725536060_annual_report_2023.pdf,2026-08-26,11.1,11.1,
Acinetobacter baumannii,imipenem,2020,744,6702,11.1,2024,Table 3.6,https://www.icmr.gov.in/icmrobject/uploads/Report/1763981012_icmramrsnannualreport2024.pdf,2026-08-26,11.1,11.1,
Acinetobacter baumannii,imipenem,2021,1445,11934,12.1,2022,Table 5.6,https://www.icmr.gov.in/icmrobject/custom_data/pdf/resource-guidelines/AMRSN_Annual_Report_2022.pdf,2026-08-26,12.1,12.11,
Acinetobacter baumannii,imipenem,2021,1445,11934,12.1,2023,Table 4.3,https://www.icmr.gov.in/icmrobject/uploads/Documents/1725536060_annual_report_2023.pdf,2026-08-26,12.1,12.11,
Acinetobacter baumannii,imipenem,2021,1445,11934,12.1,2024,Table 3.6,https://www.icmr.gov.in/icmrobject/uploads/Report/1763981012_icmramrsnannualreport2024.pdf,2026-08-26,12.1,12.11,
Acinetobacter baumannii,imipenem,2022,1456,11918,12.2,2022,Table 5.6,https://www.icmr.gov.in/icmrobject/custom_data/pdf/resource-guidelines/AMRSN_Annual_Report_2022.pdf,2026-08-26,12.2,12.22,
Acinetobacter baumannii,imipenem,2022,1456,11918,12.2,2023,Table 4.3,https://www.icmr.gov.in/icmrobject/uploads/Documents/1725536060_annual_report_2023.pdf,2026-08-26,12.2,12.22,
Acinetobacter baumannii,imipenem,2022,1456,11918,12.2,2024,Table 3.6,https://www.icmr.gov.in/icmrobject/uploads/Report/1763981012_icmramrsnannualreport2024.pdf,2026-08-26,12.2,12.22,
Acinetobacter baumannii,imipenem,2023,745,7260,10.3,2023,Table 4.3,https://www.icmr.gov.in/icmrobject/uploads/Documents/1725536060_annual_report_2023.pdf,2026-08-26,10.3,10.26,
Acinetobacter baumannii,imipenem,2023,745,7260,10.3,2024,Table 3.6,https://www.icmr.gov.in/icmrobject/uploads/Report/1763981012_icmramrsnannualreport2024.pdf,2026-08-26,10.3,10.26,
Acinetobacter baumannii,imipenem,2024,826,9852,8.4,2024,Table 3.6,https://www.icmr.gov.in/icmrobject/uploads/Report/1763981012_icmramrsnannualreport2024.pdf,2026-08-26,8.4,8.38,
Acinetobacter baumannii,levofloxacin,2017,886,3040,29.1,2022,Table 5.6,https://www.icmr.gov.in/icmrobject/custom_data/pdf/resource-guidelines/AMRSN_Annual_Report_2022.pdf,2026-08-26,29.1,29.14,
Acinetobacter baumannii,levofloxacin,2017,886,3040,29.1,2023,Table 4.3,https://www.icmr.gov.in/icmrobject/uploads/Documents/1725536060_annual_report_2023.pdf,2026-08-26,29.1,29.14,
Acinetobacter baumannii,levofloxacin,2017,886,3040,29.1,2024,Table 3.6,https://www.icmr.gov.in/icmrobject/uploads/Report/1763981012_icmramrsnannualreport2024.pdf,2026-08-26,29.1,29.14,
Acinetobacter baumannii,levofloxacin,2018,959,4047,23.7,2022,Table 5.6,https://www.icmr.gov.in/icmrobject/custom_data/pdf/resource-guidelines/AMRSN_Annual_Report_2022.pdf,2026-08-26,23.7,23.7,
Acinetobacter baumannii,levofloxacin,2018,959,4047,23.7,2023,Table 4.3,https://www.icmr.gov.in/icmrobject/uploads/Documents/1725536060_annual_report_2023.pdf,2026-08-26,23.7,23.7,
Acinetobacter baumannii,levofloxacin,2018,959,4047,23.7,2024,Table 3.6,https://www.icmr.gov.in/icmrobject/uploads/Report/1763981012_icmramrsnannualreport2024.pdf,2026-08-26,23.7,23.7,
Acinetobacter baumannii,levofloxacin,2019,1500,7841,19.1,2022,Table 5.6,https://www.icmr.gov.in/icmrobject/custom_data/pdf/resource-guidelines/AMRSN_Annual_Report_2022.pdf,2026-08-26,19.1,19.13,
Acinetobacter baumannii,levofloxacin,2019,1500,7841,19.1,2023,Table 4.3,https://www.icmr.gov.in/icmrobject/uploads/Documents/1725536060_annual_report_2023.pdf,2026-08-26,19.1,19.13,
Acinetobacter baumannii,levofloxacin,2019,1500,7841,19.1,2024,Table 3.6,https://www.icmr.gov.in/icmrobject/uploads/Report/1763981012_icmramrsnannualreport2024.pdf,2026-08-26,19.1,19.13,
Acinetobacter baumannii,levofloxacin,2020,825,6181,13.3,2022,Table 5.6,https://www.icmr.gov.in/icmrobject/custom_data/pdf/resource-guidelines/AMRSN_Annual_Report_2022.pdf,2026-08-26,13.3,13.35,
Acinetobacter baumannii,levofloxacin,2020,825,6181,13.3,2023,Table 4.3,https://www.icmr.gov.in/icmrobject/uploads/Documents/1725536060_annual_report_2023.pdf,2026-08-26,13.3,13.35,
Acinetobacter baumannii,levofloxacin,2020,825,6181,13.3,2024,Table 3.6,https://www.icmr.gov.in/icmrobject/uploads/Report/1763981012_icmramrsnannualreport2024.pdf,2026-08-26,13.3,13.35,
Acinetobacter baumannii,levofloxacin,2021,1382,9919,13.9,2022,Table 5.6,https://www.icmr.gov.in/icmrobject/custom_data/pdf/resource-guidelines/AMRSN_Annual_Report_2022.pdf,2026-08-26,13.9,13.93,
Acinetobacter baumannii,levofloxacin,2021,1382,9919,13.9,2023,Table 4.3,https://www.icmr.gov.in/icmrobject/uploads/Documents/1725536060_annual_report_2023.pdf,2026-08-26,13.9,13.93,
Acinetobacter baumannii,levofloxacin,2021,1382,9919,13.9,2024,Table 3.6,https://www.icmr.gov.in/icmrobject/uploads/Report/1763981012_icmramrsnannualreport2024.pdf,2026-08-26,13.9,13.93,
Acinetobacter baumannii,levofloxacin,2022,1755,10013,17.5,2022,Table 5.6,https://www.icmr.gov.in/icmrobject/custom_data/pdf/resource-guidelines/AMRSN_Annual_Report_2022.pdf,2026-08-26,17.5,17.53,
Acinetobacter baumannii,levofloxacin,2022,1755,10013,17.5,2023,Table 4.3,https://www.icmr.gov.in/icmrobject/uploads/Documents/1725536060_annual_report_2023.pdf,2026-08-26,17.5,17.53,
Acinetobacter baumannii,levofloxacin,2022,1755,10013,17.5,2024,Table 3.6,https://www.icmr.gov.in/icmrobject/uploads/Report/1763981012_icmramrsnannualreport2024.pdf,2026-08-26,17.5,17.53,
Acinetobacter baumannii,levofloxacin,2023,749,6221,12.0,2023,Table 4.3,https://www.icmr.gov.in/icmrobject/uploads/Documents/1725536060_annual_report_2023.pdf,2026-08-26,12.0,12.04,
Acinetobacter baumannii,levofloxacin,2023,749,6221,12.0,2024,Table 3.6,https://www.icmr.gov.in/icmrobject/uploads/Report/1763981012_icmramrsnannualreport2024.pdf,2026-08-26,12.0,12.04,
Acinetobacter baumannii,levofloxacin,2024,830,6809,12.2,2024,Table 3.6,https://www.icmr.gov.in/icmrobject/uploads/Report/1763981012_icmramrsnannualreport2024.pdf,2026-08-26,12.2,12.19,
Acinetobacter baumannii,meropenem,2017,615,3287,18.7,2022,Table 5.6,https://www.icmr.gov.in/icmrobject/custom_data/pdf/resource-guidelines/AMRSN_Annual_Report_2022.pdf,2026-08-26,18.7,18.71,
Acinetobacter baumannii,meropenem,2017,615,3287,18.7,2023,Table 4.3,https://www.icmr.gov.in/icmrobject/uploads/Documents/1725536060_annual_report_2023.pdf,2026-08-26,18.7,18.71,
Acinetobacter baumannii,meropenem,2017,615,3287,18.7,2024,Table 3.6,https://www.icmr.gov.in/icmrobject/uploads/Report/1763981012_icmramrsnannualreport2024.pdf,2026-08-26,18.7,18.71,
Acinetobacter baumannii,meropenem,2018,953,4178,22.8,2022,Table 5.6,https://www.icmr.gov.in/icmrobject/custom_data/pdf/resource-guidelines/AMRSN_Annual_Report_2022.pdf,2026-08-26,22.8,22.81,
Acinetobacter baumannii,meropenem,2018,953,4178,22.8,2023,Table 4.3,https://www.icmr.gov.in/icmrobject/uploads/Documents/1725536060_annual_report_2023.pdf,2026-08-26,22.8,22.81,
Acinetobacter baumannii,meropenem,2018,953,4178,22.8,2024,Table 3.6,https://www.icmr.gov.in/icmrobject/uploads/Report/1763981012_icmramrsnannualreport2024.pdf,2026-08-26,22.8,22.81,
Acinetobacter baumannii,meropenem,2019,1742,8399,20.7,2022,Table 5.6,https://www.icmr.gov.in/icmrobject/custom_data/pdf/resource-guidelines/AMRSN_Annual_Report_2022.pdf,2026-08-26,20.7,20.74,
Acinetobacter baumannii,meropenem,2019,1742,8399,20.7,2023,Table 4.3,https://www.icmr.gov.in/icmrobject/uploads/Documents/1725536060_annual_report_2023.pdf,2026-08-26,20.7,20.74,
Acinetobacter baumannii,meropenem,2019,1742,8399,20.7,2024,Table 3.6,https://www.icmr.gov.in/icmrobject/uploads/Report/1763981012_icmramrsnannualreport2024.pdf,2026-08-26,20.7,20.74,
Acinetobacter baumannii,meropenem,2020,779,6747,11.5,2022,Table 5.6,https://www.icmr.gov.in/icmrobject/custom_data/pdf/resource-guidelines/AMRSN_Annual_Report_2022.pdf,2026-08-26,11.5,11.55,
Acinetobacter baumannii,meropenem,2020,779,6747,11.5,2023,Table 4.3,https://www.icmr.gov.in/icmrobject/uploads/Documents/1725536060_annual_report_2023.pdf,2026-08-26,11.5,11.55,
Acinetobacter baumannii,meropenem,2020,779,6747,11.5,2024,Table 3.6,https://www.icmr.gov.in/icmrobject/uploads/Report/1763981012_icmramrsnannualreport2024.pdf,2026-08-26,11.5,11.55,
Acinetobacter baumannii,meropenem,2021,1516,12083,12.5,2022,Table 5.6,https://www.icmr.gov.in/icmrobject/custom_data/pdf/resource-guidelines/AMRSN_Annual_Report_2022.pdf,2026-08-26,12.5,12.55,
Acinetobacter baumannii,meropenem,2021,1516,12083,12.5,2023,Table 4.3,https://www.icmr.gov.in/icmrobject/uploads/Documents/1725536060_annual_report_2023.pdf,2026-08-26,12.5,12.55,
Acinetobacter baumannii,meropenem,2021,1516,12083,12.5,2024,Table 3.6,https://www.icmr.gov.in/icmrobject/uploads/Report/1763981012_icmramrsnannualreport2024.pdf,2026-08-26,12.5,12.55,
Acinetobacter baumannii,meropenem,2022,1690,11910,14.2,2022,Table 5.6,https://www.icmr.gov.in/icmrobject/custom_data/pdf/resource-guidelines/AMRSN_Annual_Report_2022.pdf,2026-08-26,14.2,14.19,
Acinetobacter baumannii,meropenem,2022,1690,11910,14.2,2023,Table 4.3,https://www.icmr.gov.in/icmrobject/uploads/Documents/1725536060_annual_report_2023.pdf,2026-08-26,14.2,14.19,
Acinetobacter baumannii,meropenem,2022,1690,11910,14.2,2024,Table 3.6,https://www.icmr.gov.in/icmrobject/uploads/Report/1763981012_icmramrsnannualreport2024.pdf,2026-08-26,14.2,14.19,
Acinetobacter baumannii,meropenem,2023,877,7260,12.1,2023,Table 4.3,https://www.icmr.gov.in/icmrobject/uploads/Documents/1725536060_annual_report_2023.pdf,2026-08-26,12.1,12.08,
Acinetobacter baumannii,meropenem,2023,877,7260,12.1,2024,Table 3.6,https://www.icmr.gov.in/icmrobject/uploads/Report/1763981012_icmramrsnannualreport2024.pdf,2026-08-26,12.1,12.08,
Acinetobacter baumannii,meropenem,2024,924,10304,9.0,2024,Table 3.6,https://www.icmr.gov.in/icmrobject/uploads/Report/1763981012_icmramrsnannualreport2024.pdf,2026-08-26,9.0,8.97,
Acinetobacter baumannii,minocycline,2017,926,1380,67.1,2022,Table 5.6,https://www.icmr.gov.in/icmrobject/custom_data/pdf/resource-guidelines/AMRSN_Annual_Report_2022.pdf,2026-08-26,67.1,67.1,
Acinetobacter baumannii,minocycline,2017,926,1380,67.1,2023,Table 4.3,https://www.icmr.gov.in/icmrobject/uploads/Documents/1725536060_annual_report_2023.pdf,2026-08-26,67.1,67.1,
Acinetobacter baumannii,minocycline,2017,926,1380,67.1,2024,Table 3.6,https://www.icmr.gov.in/icmrobject/uploads/Report/1763981012_icmramrsnannualreport2024.pdf,2026-08-26,67.1,67.1,
Acinetobacter baumannii,minocycline,2018,2393,3725,64.2,2022,Table 5.6,https://www.icmr.gov.in/icmrobject/custom_data/pdf/resource-guidelines/AMRSN_Annual_Report_2022.pdf,2026-08-26,64.2,64.24,
Acinetobacter baumannii,minocycline,2018,2393,3725,64.2,2023,Table 4.3,https://www.icmr.gov.in/icmrobject/uploads/Documents/1725536060_annual_report_2023.pdf,2026-08-26,64.2,64.24,
Acinetobacter baumannii,minocycline,2018,2393,3725,64.2,2024,Table 3.6,https://www.icmr.gov.in/icmrobject/uploads/Report/1763981012_icmramrsnannualreport2024.pdf,2026-08-26,64.2,64.24,
Acinetobacter baumannii,minocycline,2019,3893,6431,60.5,2022,Table 5.6,https://www.icmr.gov.in/icmrobject/custom_data/pdf/resource-guidelines/AMRSN_Annual_Report_2022.pdf,2026-08-26,60.5,60.53,
Acinetobacter baumannii,minocycline,2019,3893,6431,60.5,2023,Table 4.3,https://www.icmr.gov.in/icmrobject/uploads/Documents/1725536060_annual_report_2023.pdf,2026-08-26,60.5,60.53,
Acinetobacter baumannii,minocycline,2019,3893,6431,60.5,2024,Table 3.6,https://www.icmr.gov.in/icmrobject/uploads/Report/1763981012_icmramrsnannualreport2024.pdf,2026-08-26,60.5,60.53,
Acinetobacter baumannii,minocycline,2020,2794,5139,54.4,2022,Table 5.6,https://www.icmr.gov.in/icmrobject/custom_data/pdf/resource-guidelines/AMRSN_Annual_Report_2022.pdf,2026-08-26,54.4,54.37,
Acinetobacter baumannii,minocycline,2020,2794,5139,54.4,2023,Table 4.3,https://www.icmr.gov.in/icmrobject/uploads/Documents/1725536060_annual_report_2023.pdf,2026-08-26,54.4,54.37,
Acinetobacter baumannii,minocycline,2020,2794,5139,54.4,2024,Table 3.6,https://www.icmr.gov.in/icmrobject/uploads/Report/1763981012_icmramrsnannualreport2024.pdf,2026-08-26,54.4,54.37,
Acinetobacter baumannii,minocycline,2021,5547,10185,54.5,2022,Table 5.6,https://www.icmr.gov.in/icmrobject/custom_data/pdf/resource-guidelines/AMRSN_Annual_Report_2022.pdf,2026-08-26,54.5,54.46,
Acinetobacter baumannii,minocycline,2021,5547,10185,54.5,2023,Table 4.3,https://www.icmr.gov.in/icmrobject/uploads/Documents/1725536060_annual_report_2023.pdf,2026-08-26,54.5,54.46,
Acinetobacter baumannii,minocycline,2021,5547,10185,54.5,2024,Table 3.6,https://www.icmr.gov.in/icmrobject/uploads/Report/1763981012_icmramrsnannualreport2024.pdf,2026-08-26,54.5,54.46,
Acinetobacter baumannii,minocycline,2022,6207,10542,58.5,2022,Table 5.6,https://www.icmr.gov.in/icmrobject/custom_data/pdf/resource-guidelines/AMRSN_Annual_Report_2022.pdf,2026-08-26,58.5,58.88,"pct_mismatch(reported=58.5,computed=58.88)"
Acinetobacter baumannii,minocycline,2022,6207,10542,58.8,2023,Table 4.3,https://www.icmr.gov.in/icmrobject/uploads/Documents/1725536060_annual_report_2023.pdf,2026-08-26,58.8,58.88,
Acinetobacter baumannii,minocycline,2022,6207,10542,58.8,2024,Table 3.6,https://www.icmr.gov.in/icmrobject/uploads/Report/1763981012_icmramrsnannualreport2024.pdf,2026-08-26,58.8,58.88,
Acinetobacter baumannii,minocycline,2023,4018,5579,72.0,2023,Table 4.3,https://www.icmr.gov.in/icmrobject/uploads/Documents/1725536060_annual_report_2023.pdf,2026-08-26,72.0,72.02,
Acinetobacter baumannii,minocycline,2023,4018,5579,72.0,2024,Table 3.6,https://www.icmr.gov.in/icmrobject/uploads/Report/1763981012_icmramrsnannualreport2024.pdf,2026-08-26,72.0,72.02,
Acinetobacter baumannii,minocycline,2024,5873,8368,70.2,2024,Table 3.6,https://www.icmr.gov.in/icmrobject/uploads/Report/1763981012_icmramrsnannualreport2024.pdf,2026-08-26,70.2,70.18,
Acinetobacter baumannii,piperacillin-tazobactam,2017,484,3187,15.2,2022,Table 5.6,https://www.icmr.gov.in/icmrobject/custom_data/pdf/resource-guidelines/AMRSN_Annual_Report_2022.pdf,2026-08-26,15.2,15.19,
Acinetobacter baumannii,piperacillin-tazobactam,2017,484,3187,15.2,2023,Table 4.3,https://www.icmr.gov.in/icmrobject/uploads/Documents/1725536060_annual_report_2023.pdf,2026-08-26,15.2,15.19,
Acinetobacter baumannii,piperacillin-tazobactam,2017,484,3187,15.2,2024,Table 3.6,https://www.icmr.gov.in/icmrobject/uploads/Report/1763981012_icmramrsnannualreport2024.pdf,2026-08-26,15.2,15.19,
Acinetobacter baumannii,piperacillin-tazobactam,2018,760,4494,16.9,2022,Table 5.6,https://www.icmr.gov.in/icmrobject/custom_data/pdf/resource-guidelines/AMRSN_Annual_Report_2022.pdf,2026-08-26,16.9,16.91,
Acinetobacter baumannii,piperacillin-tazobactam,2018,760,4494,16.9,2023,Table 4.3,https://www.icmr.gov.in/icmrobject/uploads/Documents/1725536060_annual_report_2023.pdf,2026-08-26,16.9,16.91,
Acinetobacter baumannii,piperacillin-tazobactam,2018,760,4494,16.9,2024,Table 3.6,https://www.icmr.gov.in/icmrobject/uploads/Report/1763981012_icmramrsnannualreport2024.pdf,2026-08-26,16.9,16.91,
Acinetobacter baumannii,piperacillin-tazobactam,2019,1245,8010,15.5,2022,Table 5.6,https://www.icmr.gov.in/icmrobject/custom_data/pdf/resource-guidelines/AMRSN_Annual_Report_2022.pdf,2026-08-26,15.5,15.54,
Acinetobacter baumannii,piperacillin-tazobactam,2019,1245,8010,15.5,2023,Table 4.3,https://www.icmr.gov.in/icmrobject/uploads/Documents/1725536060_annual_report_2023.pdf,2026-08-26,15.5,15.54,
Acinetobacter baumannii,piperacillin-tazobactam,2019,1245,8010,15.5,2024,Table 3.6,https://www.icmr.gov.in/icmrobject/uploads/Report/1763981012_icmramrsnannualreport2024.pdf,2026-08-26,15.5,15.54,
Acinetobacter baumannii,piperacillin-tazobactam,2020,770,6724,11.5,2022,Table 5.6,https://www.icmr.gov.in/icmrobject/custom_data/pdf/resource-guidelines/AMRSN_Annual_Report_2022.pdf,2026-08-26,11.5,11.45,
Acinetobacter baumannii,piperacillin-tazobactam,2020,770,6724,11.5,2023,Table 4.3,https://www.icmr.gov.in/icmrobject/uploads/Documents/1725536060_annual_report_2023.pdf,2026-08-26,11.5,11.45,
Acinetobacter baumannii,piperacillin-tazobactam,2020,770,6724,11.5,2024,Table 3.6,https://www.icmr.gov.in/icmrobject/uploads/Report/1763981012_icmramrsnannualreport2024.pdf,2026-08-26,11.5,11.45,
Acinetobacter baumannii,piperacillin-tazobactam,2021,1327,12052,11.0,2022,Table 5.6,https://www.icmr.gov.in/icmrobject/custom_data/pdf/resource-guidelines/AMRSN_Annual_Report_2022.pdf,2026-08-26,11.0,11.01,
Acinetobacter baumannii,piperacillin-tazobactam,2021,1327,12052,11.0,2023,Table 4.3,https://www.icmr.gov.in/icmrobject/uploads/Documents/1725536060_annual_report_2023.pdf,2026-08-26,11.0,11.01,
Acinetobacter baumannii,piperacillin-tazobactam,2021,1327,12052,11.0,2024,Table 3.6,https://www.icmr.gov.in/icmrobject/uploads/Report/1763981012_icmramrsnannualreport2024.pdf,2026-08-26,11.0,11.01,
Acinetobacter baumannii,piperacillin-tazobactam,2022,1578,12124,13.0,2022,Table 5.6,https://www.icmr.gov.in/icmrobject/custom_data/pdf/resource-guidelines/AMRSN_Annual_Report_2022.pdf,2026-08-26,13.0,13.02,
Acinetobacter baumannii,piperacillin-tazobactam,2022,1578,12124,13.0,2023,Table 4.3,https://www.icmr.gov.in/icmrobject/uploads/Documents/1725536060_annual_report_2023.pdf,2026-08-26,13.0,13.02,
Acinetobacter baumannii,piperacillin-tazobactam,2022,1578,12124,13.0,2024,Table 3.6,https://www.icmr.gov.in/icmrobject/uploads/Report/1763981012_icmramrsnannualreport2024.pdf,2026-08-26,13.0,13.02,
Acinetobacter baumannii,piperacillin-tazobactam,2023,936,7260,12.9,2023,Table 4.3,https://www.icmr.gov.in/icmrobject/uploads/Documents/1725536060_annual_report_2023.pdf,2026-08-26,12.9,12.89,
Acinetobacter baumannii,piperacillin-tazobactam,2023,936,7260,12.9,2024,Table 3.6,https://www.icmr.gov.in/icmrobject/uploads/Report/1763981012_icmramrsnannualreport2024.pdf,2026-08-26,12.9,12.89,
Acinetobacter baumannii,piperacillin-tazobactam,2024,1148,9852,11.7,2024,Table 3.6,https://www.icmr.gov.in/icmrobject/uploads/Report/1763981012_icmramrsnannualreport2024.pdf,2026-08-26,11.7,11.65,
Escherichia coli,amikacin,2017,4788,6048,79.2,2022,Table 3.6,https://www.icmr.gov.in/icmrobject/custom_data/pdf/resource-guidelines/AMRSN_Annual_Report_2022.pdf,2026-08-26,79.2,79.17,
Escherichia coli,amikacin,2017,4788,6048,79.2,2023,Table 3.6,https://www.icmr.gov.in/icmrobject/uploads/Documents/1725536060_annual_report_2023.pdf,2026-08-26,79.2,79.17,
Escherichia coli,amikacin,2017,4788,6048,79.2,2024,Table 2.6,https://www.icmr.gov.in/icmrobject/uploads/Report/1763981012_icmramrsnannualreport2024.pdf,2026-08-26,79.2,79.17,
Escherichia coli,amikacin,2018,7071,8912,79.3,2022,Table 3.6,https://www.icmr.gov.in/icmrobject/custom_data/pdf/resource-guidelines/AMRSN_Annual_Report_2022.pdf,2026-08-26,79.3,79.34,
Escherichia coli,amikacin,2018,7071,8912,79.3,2023,Table 3.6,https://www.icmr.gov.in/icmrobject/uploads/Documents/1725536060_annual_report_2023.pdf,2026-08-26,79.3,79.34,
Escherichia coli,amikacin,2018,7071,8912,79.3,2024,Table 2.6,https://www.icmr.gov.in/icmrobject/uploads/Report/1763981012_icmramrsnannualreport2024.pdf,2026-08-26,79.3,79.34,
Escherichia coli,amikacin,2019,9936,12549,79.2,2022,Table 3.6,https://www.icmr.gov.in/icmrobject/custom_data/pdf/resource-guidelines/AMRSN_Annual_Report_2022.pdf,2026-08-26,79.2,79.18,
Escherichia coli,amikacin,2019,9936,12549,79.2,2023,Table 3.6,https://www.icmr.gov.in/icmrobject/uploads/Documents/1725536060_annual_report_2023.pdf,2026-08-26,79.2,79.18,
Escherichia coli,amikacin,2019,9936,12549,79.2,2024,Table 2.6,https://www.icmr.gov.in/icmrobject/uploads/Report/1763981012_icmramrsnannualreport2024.pdf,2026-08-26,79.2,79.18,
Escherichia coli,amikacin,2020,6451,7935,81.3,2022,Table 3.6,https://www.icmr.gov.in/icmrobject/custom_data/pdf/resource-guidelines/AMRSN_Annual_Report_2022.pdf,2026-08-26,81.3,81.3,
Escherichia coli,amikacin,2020,6451,7935,81.3,2023,Table 3.6,https://www.icmr.gov.in/icmrobject/uploads/Documents/1725536060_annual_report_2023.pdf,2026-08-26,81.3,81.3,
Escherichia coli,amikacin,2020,6451,7935,81.3,2024,Table 2.6,https://www.icmr.gov.in/icmrobject/uploads/Report/1763981012_icmramrsnannualreport2024.pdf,2026-08-26,81.3,81.3,
Escherichia coli,amikacin,2021,10326,13209,78.2,2022,Table 3.6,https://www.icmr.gov.in/icmrobject/custom_data/pdf/resource-guidelines/AMRSN_Annual_Report_2022.pdf,2026-08-26,78.2,78.17,
Escherichia coli,amikacin,2021,10326,13209,78.2,2023,Table 3.6,https://www.icmr.gov.in/icmrobject/uploads/Documents/1725536060_annual_report_2023.pdf,2026-08-26,78.2,78.17,
Escherichia coli,amikacin,2021,10326,13209,78.2,2024,Table 2.6,https://www.icmr.gov.in/icmrobject/uploads/Report/1763981012_icmramrsnannualreport2024.pdf,2026-08-26,78.2,78.17,
Escherichia coli,amikacin,2022,11138,14477,76.9,2022,Table 3.6,https://www.icmr.gov.in/icmrobject/custom_data/pdf/resource-guidelines/AMRSN_Annual_Report_2022.pdf,2026-08-26,76.9,76.94,
Escherichia coli,amikacin,2022,11138,14477,76.9,2023,Table 3.6,https://www.icmr.gov.in/icmrobject/uploads/Documents/1725536060_annual_report_2023.pdf,2026-08-26,76.9,76.94,
Escherichia coli,amikacin,2022,11138,14477,76.9,2024,Table 2.6,https://www.icmr.gov.in/icmrobject/uploads/Report/1763981012_icmramrsnannualreport2024.pdf,2026-08-26,76.9,76.94,
Escherichia coli,amikacin,2023,5196,7611,68.2,2023,Table 3.6,https://www.icmr.gov.in/icmrobject/uploads/Documents/1725536060_annual_report_2023.pdf,2026-08-26,68.2,68.27,
Escherichia coli,amikacin,2023,5196,7611,68.2,2024,Table 2.6,https://www.icmr.gov.in/icmrobject/uploads/Report/1763981012_icmramrsnannualreport2024.pdf,2026-08-26,68.2,68.27,
Escherichia coli,amikacin,2024,9024,12445,72.5,2024,Table 2.6,https://www.icmr.gov.in/icmrobject/uploads/Report/1763981012_icmramrsnannualreport2024.pdf,2026-08-26,72.5,72.51,
Escherichia coli,cefazolin,2017,0,8,,2022,Table 3.6,https://www.icmr.gov.in/icmrobject/custom_data/pdf/resource-guidelines/AMRSN_Annual_Report_2022.pdf,2026-08-26,,0.0,low_isolate_count_asterisk
Escherichia coli,cefazolin,2017,0,8,,2023,Table 3.6,https://www.icmr.gov.in/icmrobject/uploads/Documents/1725536060_annual_report_2023.pdf,2026-08-26,,0.0,low_isolate_count_asterisk
Escherichia coli,cefazolin,2017,0,8,,2024,Table 2.6,https://www.icmr.gov.in/icmrobject/uploads/Report/1763981012_icmramrsnannualreport2024.pdf,2026-08-26,,0.0,"low_isolate_count_asterisk,pct_suppressed_in_source"
Escherichia coli,cefazolin,2018,2,6,,2022,Table 3.6,https://www.icmr.gov.in/icmrobject/custom_data/pdf/resource-guidelines/AMRSN_Annual_Report_2022.pdf,2026-08-26,,33.33,low_isolate_count_asterisk
Escherichia coli,cefazolin,2018,2,6,,2023,Table 3.6,https://www.icmr.gov.in/icmrobject/uploads/Documents/1725536060_annual_report_2023.pdf,2026-08-26,,33.33,low_isolate_count_asterisk
Escherichia coli,cefazolin,2018,2,6,,2024,Table 2.6,https://www.icmr.gov.in/icmrobject/uploads/Report/1763981012_icmramrsnannualreport2024.pdf,2026-08-26,,33.33,"low_isolate_count_asterisk,pct_suppressed_in_source"
Escherichia coli,cefazolin,2019,0,1,,2022,Table 3.6,https://www.icmr.gov.in/icmrobject/custom_data/pdf/resource-guidelines/AMRSN_Annual_Report_2022.pdf,2026-08-26,,0.0,low_isolate_count_asterisk
Escherichia coli,cefazolin,2019,0,1,,2023,Table 3.6,https://www.icmr.gov.in/icmrobject/uploads/Documents/1725536060_annual_report_2023.pdf,2026-08-26,,0.0,low_isolate_count_asterisk
Escherichia coli,cefazolin,2019,0,1,,2024,Table 2.6,https://www.icmr.gov.in/icmrobject/uploads/Report/1763981012_icmramrsnannualreport2024.pdf,2026-08-26,,0.0,"low_isolate_count_asterisk,pct_suppressed_in_source"
Escherichia coli,cefazolin,2020,0,4,,2022,Table 3.6,https://www.icmr.gov.in/icmrobject/custom_data/pdf/resource-guidelines/AMRSN_Annual_Report_2022.pdf,2026-08-26,,0.0,low_isolate_count_asterisk
Escherichia coli,cefazolin,2020,0,4,,2023,Table 3.6,https://www.icmr.gov.in/icmrobject/uploads/Documents/1725536060_annual_report_2023.pdf,2026-08-26,,0.0,low_isolate_count_asterisk
Escherichia coli,cefazolin,2020,0,4,,2024,Table 2.6,https://www.icmr.gov.in/icmrobject/uploads/Report/1763981012_icmramrsnannualreport2024.pdf,2026-08-26,,0.0,"low_isolate_count_asterisk,pct_suppressed_in_source"
Escherichia coli,cefazolin,2021,0,1,,2022,Table 3.6,https://www.icmr.gov.in/icmrobject/custom_data/pdf/resource-guidelines/AMRSN_Annual_Report_2022.pdf,2026-08-26,,0.0,low_isolate_count_asterisk
Escherichia coli,cefazolin,2021,0,1,,2023,Table 3.6,https://www.icmr.gov.in/icmrobject/uploads/Documents/1725536060_annual_report_2023.pdf,2026-08-26,,0.0,low_isolate_count_asterisk
Escherichia coli,cefazolin,2021,0,1,,2024,Table 2.6,https://www.icmr.gov.in/icmrobject/uploads/Report/1763981012_icmramrsnannualreport2024.pdf,2026-08-26,,0.0,"low_isolate_count_asterisk,pct_suppressed_in_source"
Escherichia coli,cefazolin,2022,5,22,22.7,2022,Table 3.6,https://www.icmr.gov.in/icmrobject/custom_data/pdf/resource-guidelines/AMRSN_Annual_Report_2022.pdf,2026-08-26,22.7,22.73,
Escherichia coli,cefazolin,2022,5,22,22.7,2023,Table 3.6,https://www.icmr.gov.in/icmrobject/uploads/Documents/1725536060_annual_report_2023.pdf,2026-08-26,22.7,22.73,
Escherichia coli,cefazolin,2022,5,22,22.7,2024,Table 2.6,https://www.icmr.gov.in/icmrobject/uploads/Report/1763981012_icmramrsnannualreport2024.pdf,2026-08-26,22.7,22.73,
Escherichia coli,cefazolin,2023,8,18,,2023,Table 3.6,https://www.icmr.gov.in/icmrobject/uploads/Documents/1725536060_annual_report_2023.pdf,2026-08-26,,44.44,pct_suppressed_in_source
Escherichia coli,cefazolin,2023,8,18,,2024,Table 2.6,https://www.icmr.gov.in/icmrobject/uploads/Report/1763981012_icmramrsnannualreport2024.pdf,2026-08-26,,44.44,pct_suppressed_in_source
Escherichia coli,cefazolin,2024,21,94,22.3,2024,Table 2.6,https://www.icmr.gov.in/icmrobject/uploads/Report/1763981012_icmramrsnannualreport2024.pdf,2026-08-26,22.3,22.34,
Escherichia coli,cefotaxime,2017,879,5747,15.3,2022,Table 3.6,https://www.icmr.gov.in/icmrobject/custom_data/pdf/resource-guidelines/AMRSN_Annual_Report_2022.pdf,2026-08-26,15.3,15.29,
Escherichia coli,cefotaxime,2017,879,5747,15.3,2023,Table 3.6,https://www.icmr.gov.in/icmrobject/uploads/Documents/1725536060_annual_report_2023.pdf,2026-08-26,15.3,15.29,
Escherichia coli,cefotaxime,2017,879,5747,15.3,2024,Table 2.6,https://www.icmr.gov.in/icmrobject/uploads/Report/1763981012_icmramrsnannualreport2024.pdf,2026-08-26,15.3,15.29,
Escherichia coli,cefotaxime,2018,1274,7817,16.3,2022,Table 3.6,https://www.icmr.gov.in/icmrobject/custom_data/pdf/resource-guidelines/AMRSN_Annual_Report_2022.pdf,2026-08-26,16.3,16.3,
Escherichia coli,cefotaxime,2018,1274,7817,16.3,2023,Table 3.6,https://www.icmr.gov.in/icmrobject/uploads/Documents/1725536060_annual_report_2023.pdf,2026-08-26,16.3,16.3,
Escherichia coli,cefotaxime,2018,1274,7817,16.3,2024,Table 2.6,https://www.icmr.gov.in/icmrobject/uploads/Report/1763981012_icmramrsnannualreport2024.pdf,2026-08-26,16.3,16.3,
Escherichia coli,cefotaxime,2019,1537,10646,14.4,2022,Table 3.6,https://www.icmr.gov.in/icmrobject/custom_data/pdf/resource-guidelines/AMRSN_Annual_Report_2022.pdf,2026-08-26,14.4,14.44,
Escherichia coli,cefotaxime,2019,1537,10646,14.4,2023,Table 3.6,https://www.icmr.gov.in/icmrobject/uploads/Documents/1725536060_annual_report_2023.pdf,2026-08-26,14.4,14.44,
Escherichia coli,cefotaxime,2019,1537,10646,14.4,2024,Table 2.6,https://www.icmr.gov.in/icmrobject/uploads/Report/1763981012_icmramrsnannualreport2024.pdf,2026-08-26,14.4,14.44,
Escherichia coli,cefotaxime,2020,1063,6835,15.6,2022,Table 3.6,https://www.icmr.gov.in/icmrobject/custom_data/pdf/resource-guidelines/AMRSN_Annual_Report_2022.pdf,2026-08-26,15.6,15.55,
Escherichia coli,cefotaxime,2020,1063,6835,15.6,2023,Table 3.6,https://www.icmr.gov.in/icmrobject/uploads/Documents/1725536060_annual_report_2023.pdf,2026-08-26,15.6,15.55,
Escherichia coli,cefotaxime,2020,1063,6835,15.6,2024,Table 2.6,https://www.icmr.gov.in/icmrobject/uploads/Report/1763981012_icmramrsnannualreport2024.pdf,2026-08-26,15.6,15.55,
Escherichia coli,cefotaxime,2021,1656,10613,15.6,2022,Table 3.6,https://www.icmr.gov.in/icmrobject/custom_data/pdf/resource-guidelines/AMRSN_Annual_Report_2022.pdf,2026-08-26,15.6,15.6,
Escherichia coli,cefotaxime,2021,1656,10613,15.6,2023,Table 3.6,https://www.icmr.gov.in/icmrobject/uploads/Documents/1725536060_annual_report_2023.pdf,2026-08-26,15.6,15.6,
Escherichia coli,cefotaxime,2021,1656,10613,15.6,2024,Table 2.6,https://www.icmr.gov.in/icmrobject/uploads/Report/1763981012_icmramrsnannualreport2024.pdf,2026-08-26,15.6,15.6,
Escherichia coli,cefotaxime,2022,2311,12718,18.1,2022,Table 3.6,https://www.icmr.gov.in/icmrobject/custom_data/pdf/resource-guidelines/AMRSN_Annual_Report_2022.pdf,2026-08-26,18.1,18.17,
Escherichia coli,cefotaxime,2022,2311,12718,18.1,2023,Table 3.6,https://www.icmr.gov.in/icmrobject/uploads/Documents/1725536060_annual_report_2023.pdf,2026-08-26,18.1,18.17,
Escherichia coli,cefotaxime,2022,2311,12718,18.1,2024,Table 2.6,https://www.icmr.gov.in/icmrobject/uploads/Report/1763981012_icmramrsnannualreport2024.pdf,2026-08-26,18.1,18.17,
Escherichia coli,cefotaxime,2023,1021,6833,14.94,2023,Table 3.6,https://www.icmr.gov.in/icmrobject/uploads/Documents/1725536060_annual_report_2023.pdf,2026-08-26,14.94,14.94,
Escherichia coli,cefotaxime,2023,1021,6833,14.9,2024,Table 2.6,https://www.icmr.gov.in/icmrobject/uploads/Report/1763981012_icmramrsnannualreport2024.pdf,2026-08-26,14.9,14.94,
Escherichia coli,cefotaxime,2024,1629,10279,15.9,2024,Table 2.6,https://www.icmr.gov.in/icmrobject/uploads/Report/1763981012_icmramrsnannualreport2024.pdf,2026-08-26,15.9,15.85,
Escherichia coli,ceftazidime,2017,1295,5513,23.5,2022,Table 3.6,https://www.icmr.gov.in/icmrobject/custom_data/pdf/resource-guidelines/AMRSN_Annual_Report_2022.pdf,2026-08-26,23.5,23.49,
Escherichia coli,ceftazidime,2017,1295,5513,23.5,2023,Table 3.6,https://www.icmr.gov.in/icmrobject/uploads/Documents/1725536060_annual_report_2023.pdf,2026-08-26,23.5,23.49,
Escherichia coli,ceftazidime,2017,1295,5513,23.5,2024,Table 2.6,https://www.icmr.gov.in/icmrobject/uploads/Report/1763981012_icmramrsnannualreport2024.pdf,2026-08-26,23.5,23.49,
Escherichia coli,ceftazidime,2018,1398,5956,23.5,2022,Table 3.6,https://www.icmr.gov.in/icmrobject/custom_data/pdf/resource-guidelines/AMRSN_Annual_Report_2022.pdf,2026-08-26,23.5,23.47,
Escherichia coli,ceftazidime,2018,1398,5956,23.5,2023,Table 3.6,https://www.icmr.gov.in/icmrobject/uploads/Documents/1725536060_annual_report_2023.pdf,2026-08-26,23.5,23.47,
Escherichia coli,ceftazidime,2018,1398,5956,23.5,2024,Table 2.6,https://www.icmr.gov.in/icmrobject/uploads/Report/1763981012_icmramrsnannualreport2024.pdf,2026-08-26,23.5,23.47,
Escherichia coli,ceftazidime,2019,1501,7540,19.9,2022,Table 3.6,https://www.icmr.gov.in/icmrobject/custom_data/pdf/resource-guidelines/AMRSN_Annual_Report_2022.pdf,2026-08-26,19.9,19.91,
Escherichia coli,ceftazidime,2019,1501,7540,19.9,2023,Table 3.6,https://www.icmr.gov.in/icmrobject/uploads/Documents/1725536060_annual_report_2023.pdf,2026-08-26,19.9,19.91,
Escherichia coli,ceftazidime,2019,1501,7540,19.9,2024,Table 2.6,https://www.icmr.gov.in/icmrobject/uploads/Report/1763981012_icmramrsnannualreport2024.pdf,2026-08-26,19.9,19.91,
Escherichia coli,ceftazidime,2020,943,5072,18.6,2022,Table 3.6,https://www.icmr.gov.in/icmrobject/custom_data/pdf/resource-guidelines/AMRSN_Annual_Report_2022.pdf,2026-08-26,18.6,18.59,
Escherichia coli,ceftazidime,2020,943,5072,18.6,2023,Table 3.6,https://www.icmr.gov.in/icmrobject/uploads/Documents/1725536060_annual_report_2023.pdf,2026-08-26,18.6,18.59,
Escherichia coli,ceftazidime,2020,943,5072,18.6,2024,Table 2.6,https://www.icmr.gov.in/icmrobject/uploads/Report/1763981012_icmramrsnannualreport2024.pdf,2026-08-26,18.6,18.59,
Escherichia coli,ceftazidime,2021,1220,6786,18.0,2022,Table 3.6,https://www.icmr.gov.in/icmrobject/custom_data/pdf/resource-guidelines/AMRSN_Annual_Report_2022.pdf,2026-08-26,18.0,17.98,
Escherichia coli,ceftazidime,2021,1220,6786,18.0,2023,Table 3.6,https://www.icmr.gov.in/icmrobject/uploads/Documents/1725536060_annual_report_2023.pdf,2026-08-26,18.0,17.98,
Escherichia coli,ceftazidime,2021,1220,6786,18.0,2024,Table 2.6,https://www.icmr.gov.in/icmrobject/uploads/Report/1763981012_icmramrsnannualreport2024.pdf,2026-08-26,18.0,17.98,
Escherichia coli,ceftazidime,2022,1697,8988,18.8,2022,Table 3.6,https://www.icmr.gov.in/icmrobject/custom_data/pdf/resource-guidelines/AMRSN_Annual_Report_2022.pdf,2026-08-26,18.8,18.88,
Escherichia coli,ceftazidime,2022,1697,8988,18.8,2023,Table 3.6,https://www.icmr.gov.in/icmrobject/uploads/Documents/1725536060_annual_report_2023.pdf,2026-08-26,18.8,18.88,
Escherichia coli,ceftazidime,2022,1697,8988,18.8,2024,Table 2.6,https://www.icmr.gov.in/icmrobject/uploads/Report/1763981012_icmramrsnannualreport2024.pdf,2026-08-26,18.8,18.88,
Escherichia coli,ceftazidime,2023,935,4859,19.2,2023,Table 3.6,https://www.icmr.gov.in/icmrobject/uploads/Documents/1725536060_annual_report_2023.pdf,2026-08-26,19.2,19.24,
Escherichia coli,ceftazidime,2023,935,4859,19.2,2024,Table 2.6,https://www.icmr.gov.in/icmrobject/uploads/Report/1763981012_icmramrsnannualreport2024.pdf,2026-08-26,19.2,19.24,
Escherichia coli,ceftazidime,2024,1237,4500,27.5,2024,Table 2.6,https://www.icmr.gov.in/icmrobject/uploads/Report/1763981012_icmramrsnannualreport2024.pdf,2026-08-26,27.5,27.49,
Escherichia coli,ciprofloxacin,2017,1028,5368,19.2,2022,Table 3.6,https://www.icmr.gov.in/icmrobject/custom_data/pdf/resource-guidelines/AMRSN_Annual_Report_2022.pdf,2026-08-26,19.2,19.15,
Escherichia coli,ciprofloxacin,2017,1028,5368,19.2,2023,Table 3.6,https://www.icmr.gov.in/icmrobject/uploads/Documents/1725536060_annual_report_2023.pdf,2026-08-26,19.2,19.15,
Escherichia coli,ciprofloxacin,2017,1028,5368,19.2,2024,Table 2.6,https://www.icmr.gov.in/icmrobject/uploads/Report/1763981012_icmramrsnannualreport2024.pdf,2026-08-26,19.2,19.15,
Escherichia coli,ciprofloxacin,2018,1889,8451,22.4,2022,Table 3.6,https://www.icmr.gov.in/icmrobject/custom_data/pdf/resource-guidelines/AMRSN_Annual_Report_2022.pdf,2026-08-26,22.4,22.35,
Escherichia coli,ciprofloxacin,2018,1889,8451,22.4,2023,Table 3.6,https://www.icmr.gov.in/icmrobject/uploads/Documents/1725536060_annual_report_2023.pdf,2026-08-26,22.4,22.35,
Escherichia coli,ciprofloxacin,2018,1889,8451,22.4,2024,Table 2.6,https://www.icmr.gov.in/icmrobject/uploads/Report/1763981012_icmramrsnannualreport2024.pdf,2026-08-26,22.4,22.35,
Escherichia coli,ciprofloxacin,2019,2427,11700,20.7,2022,Table 3.6,https://www.icmr.gov.in/icmrobject/custom_data/pdf/resource-guidelines/AMRSN_Annual_Report_2022.pdf,2026-08-26,20.7,20.74,
Escherichia coli,ciprofloxacin,2019,2427,11700,20.7,2023,Table 3.6,https://www.icmr.gov.in/icmrobject/uploads/Documents/1725536060_annual_report_2023.pdf,2026-08-26,20.7,20.74,
Escherichia coli,ciprofloxacin,2019,2427,11700,20.7,2024,Table 2.6,https://www.icmr.gov.in/icmrobject/uploads/Report/1763981012_icmramrsnannualreport2024.pdf,2026-08-26,20.7,20.74,
Escherichia coli,ciprofloxacin,2020,1580,7092,22.3,2022,Table 3.6,https://www.icmr.gov.in/icmrobject/custom_data/pdf/resource-guidelines/AMRSN_Annual_Report_2022.pdf,2026-08-26,22.3,22.28,
Escherichia coli,ciprofloxacin,2020,1580,7092,22.3,2023,Table 3.6,https://www.icmr.gov.in/icmrobject/uploads/Documents/1725536060_annual_report_2023.pdf,2026-08-26,22.3,22.28,
Escherichia coli,ciprofloxacin,2020,1580,7092,22.3,2024,Table 2.6,https://www.icmr.gov.in/icmrobject/uploads/Report/1763981012_icmramrsnannualreport2024.pdf,2026-08-26,22.3,22.28,
Escherichia coli,ciprofloxacin,2021,2287,12013,19.0,2022,Table 3.6,https://www.icmr.gov.in/icmrobject/custom_data/pdf/resource-guidelines/AMRSN_Annual_Report_2022.pdf,2026-08-26,19.0,19.04,
Escherichia coli,ciprofloxacin,2021,2287,12013,19.0,2023,Table 3.6,https://www.icmr.gov.in/icmrobject/uploads/Documents/1725536060_annual_report_2023.pdf,2026-08-26,19.0,19.04,
Escherichia coli,ciprofloxacin,2021,2287,12013,19.0,2024,Table 2.6,https://www.icmr.gov.in/icmrobject/uploads/Report/1763981012_icmramrsnannualreport2024.pdf,2026-08-26,19.0,19.04,
Escherichia coli,ciprofloxacin,2022,1797,14564,12.3,2022,Table 3.6,https://www.icmr.gov.in/icmrobject/custom_data/pdf/resource-guidelines/AMRSN_Annual_Report_2022.pdf,2026-08-26,12.3,12.34,
Escherichia coli,ciprofloxacin,2022,1797,14564,12.3,2023,Table 3.6,https://www.icmr.gov.in/icmrobject/uploads/Documents/1725536060_annual_report_2023.pdf,2026-08-26,12.3,12.34,
Escherichia coli,ciprofloxacin,2022,1797,14564,12.3,2024,Table 2.6,https://www.icmr.gov.in/icmrobject/uploads/Report/1763981012_icmramrsnannualreport2024.pdf,2026-08-26,12.3,12.34,
Escherichia coli,ciprofloxacin,2023,969,7597,12.76,2023,Table 3.6,https://www.icmr.gov.in/icmrobject/uploads/Documents/1725536060_annual_report_2023.pdf,2026-08-26,12.76,12.76,
Escherichia coli,ciprofloxacin,2023,969,7597,12.76,2024,Table 2.6,https://www.icmr.gov.in/icmrobject/uploads/Report/1763981012_icmramrsnannualreport2024.pdf,2026-08-26,12.76,12.76,
Escherichia coli,ciprofloxacin,2024,1312,12361,10.6,2024,Table 2.6,https://www.icmr.gov.in/icmrobject/uploads/Report/1763981012_icmramrsnannualreport2024.pdf,2026-08-26,10.6,10.61,
Escherichia coli,ertapenem,2017,3104,4605,67.4,2022,Table 3.6,https://www.icmr.gov.in/icmrobject/custom_data/pdf/resource-guidelines/AMRSN_Annual_Report_2022.pdf,2026-08-26,67.4,67.4,
Escherichia coli,ertapenem,2017,3104,4605,67.4,2023,Table 3.6,https://www.icmr.gov.in/icmrobject/uploads/Documents/1725536060_annual_report_2023.pdf,2026-08-26,67.4,67.4,
Escherichia coli,ertapenem,2017,3104,4605,67.4,2024,Table 2.6,https://www.icmr.gov.in/icmrobject/uploads/Report/1763981012_icmramrsnannualreport2024.pdf,2026-08-26,67.4,67.4,
Escherichia coli,ertapenem,2018,4528,6877,65.8,2022,Table 3.6,https://www.icmr.gov.in/icmrobject/custom_data/pdf/resource-guidelines/AMRSN_Annual_Report_2022.pdf,2026-08-26,65.8,65.84,
Escherichia coli,ertapenem,2018,4528,6877,65.8,2023,Table 3.6,https://www.icmr.gov.in/icmrobject/uploads/Documents/1725536060_annual_report_2023.pdf,2026-08-26,65.8,65.84,
Escherichia coli,ertapenem,2018,4528,6877,65.8,2024,Table 2.6,https://www.icmr.gov.in/icmrobject/uploads/Report/1763981012_icmramrsnannualreport2024.pdf,2026-08-26,65.8,65.84,
Escherichia coli,ertapenem,2019,6633,9335,71.1,2022,Table 3.6,https://www.icmr.gov.in/icmrobject/custom_data/pdf/resource-guidelines/AMRSN_Annual_Report_2022.pdf,2026-08-26,71.1,71.06,
Escherichia coli,ertapenem,2019,6633,9335,71.1,2023,Table 3.6,https://www.icmr.gov.in/icmrobject/uploads/Documents/1725536060_annual_report_2023.pdf,2026-08-26,71.1,71.06,
Escherichia coli,ertapenem,2019,6633,9335,71.1,2024,Table 2.6,https://www.icmr.gov.in/icmrobject/uploads/Report/1763981012_icmramrsnannualreport2024.pdf,2026-08-26,71.1,71.06,
Escherichia coli,ertapenem,2020,4067,5729,71.0,2022,Table 3.6,https://www.icmr.gov.in/icmrobject/custom_data/pdf/resource-guidelines/AMRSN_Annual_Report_2022.pdf,2026-08-26,71.0,70.99,
Escherichia coli,ertapenem,2020,4067,5729,71.0,2023,Table 3.6,https://www.icmr.gov.in/icmrobject/uploads/Documents/1725536060_annual_report_2023.pdf,2026-08-26,71.0,70.99,
Escherichia coli,ertapenem,2020,4067,5729,71.0,2024,Table 2.6,https://www.icmr.gov.in/icmrobject/uploads/Report/1763981012_icmramrsnannualreport2024.pdf,2026-08-26,71.0,70.99,
Escherichia coli,ertapenem,2021,5334,7933,67.2,2022,Table 3.6,https://www.icmr.gov.in/icmrobject/custom_data/pdf/resource-guidelines/AMRSN_Annual_Report_2022.pdf,2026-08-26,67.2,67.24,
Escherichia coli,ertapenem,2021,5334,7933,67.2,2023,Table 3.6,https://www.icmr.gov.in/icmrobject/uploads/Documents/1725536060_annual_report_2023.pdf,2026-08-26,67.2,67.24,
Escherichia coli,ertapenem,2021,5334,7933,67.2,2024,Table 2.6,https://www.icmr.gov.in/icmrobject/uploads/Report/1763981012_icmramrsnannualreport2024.pdf,2026-08-26,67.2,67.24,
Escherichia coli,ertapenem,2022,6257,9965,62.7,2022,Table 3.6,https://www.icmr.gov.in/icmrobject/custom_data/pdf/resource-guidelines/AMRSN_Annual_Report_2022.pdf,2026-08-26,62.7,62.79,
Escherichia coli,ertapenem,2022,6257,9965,62.7,2023,Table 3.6,https://www.icmr.gov.in/icmrobject/uploads/Documents/1725536060_annual_report_2023.pdf,2026-08-26,62.7,62.79,
Escherichia coli,ertapenem,2022,6257,9965,62.7,2024,Table 2.6,https://www.icmr.gov.in/icmrobject/uploads/Report/1763981012_icmramrsnannualreport2024.pdf,2026-08-26,62.7,62.79,
Escherichia coli,ertapenem,2023,3364,5625,59.8,2023,Table 3.6,https://www.icmr.gov.in/icmrobject/uploads/Documents/1725536060_annual_report_2023.pdf,2026-08-26,59.8,59.8,
Escherichia coli,ertapenem,2023,3364,5625,59.8,2024,Table 2.6,https://www.icmr.gov.in/icmrobject/uploads/Report/1763981012_icmramrsnannualreport2024.pdf,2026-08-26,59.8,59.8,
Escherichia coli,ertapenem,2024,6457,10484,61.6,2024,Table 2.6,https://www.icmr.gov.in/icmrobject/uploads/Report/1763981012_icmramrsnannualreport2024.pdf,2026-08-26,61.6,61.59,
Escherichia coli,imipenem,2017,4699,5773,81.4,2022,Table 3.6,https://www.icmr.gov.in/icmrobject/custom_data/pdf/resource-guidelines/AMRSN_Annual_Report_2022.pdf,2026-08-26,81.4,81.4,
Escherichia coli,imipenem,2017,4699,5773,81.4,2023,Table 3.6,https://www.icmr.gov.in/icmrobject/uploads/Documents/1725536060_annual_report_2023.pdf,2026-08-26,81.4,81.4,
Escherichia coli,imipenem,2017,4699,5773,81.4,2024,Table 2.6,https://www.icmr.gov.in/icmrobject/uploads/Report/1763981012_icmramrsnannualreport2024.pdf,2026-08-26,81.4,81.4,
Escherichia coli,imipenem,2018,6453,8874,72.7,2022,Table 3.6,https://www.icmr.gov.in/icmrobject/custom_data/pdf/resource-guidelines/AMRSN_Annual_Report_2022.pdf,2026-08-26,72.7,72.72,
Escherichia coli,imipenem,2018,6453,8874,72.7,2023,Table 3.6,https://www.icmr.gov.in/icmrobject/uploads/Documents/1725536060_annual_report_2023.pdf,2026-08-26,72.7,72.72,
Escherichia coli,imipenem,2018,6453,8874,72.7,2024,Table 2.6,https://www.icmr.gov.in/icmrobject/uploads/Report/1763981012_icmramrsnannualreport2024.pdf,2026-08-26,72.7,72.72,
Escherichia coli,imipenem,2019,6497,10254,63.4,2022,Table 3.6,https://www.icmr.gov.in/icmrobject/custom_data/pdf/resource-guidelines/AMRSN_Annual_Report_2022.pdf,2026-08-26,63.4,63.36,
Escherichia coli,imipenem,2019,6497,10254,63.4,2023,Table 3.6,https://www.icmr.gov.in/icmrobject/uploads/Documents/1725536060_annual_report_2023.pdf,2026-08-26,63.4,63.36,
Escherichia coli,imipenem,2019,6497,10254,63.4,2024,Table 2.6,https://www.icmr.gov.in/icmrobject/uploads/Report/1763981012_icmramrsnannualreport2024.pdf,2026-08-26,63.4,63.36,
Escherichia coli,imipenem,2020,5176,7191,72.0,2022,Table 3.6,https://www.icmr.gov.in/icmrobject/custom_data/pdf/resource-guidelines/AMRSN_Annual_Report_2022.pdf,2026-08-26,72.0,71.98,
Escherichia coli,imipenem,2020,5176,7191,72.0,2023,Table 3.6,https://www.icmr.gov.in/icmrobject/uploads/Documents/1725536060_annual_report_2023.pdf,2026-08-26,72.0,71.98,
Escherichia coli,imipenem,2020,5176,7191,72.0,2024,Table 2.6,https://www.icmr.gov.in/icmrobject/uploads/Report/1763981012_icmramrsnannualreport2024.pdf,2026-08-26,72.0,71.98,
Escherichia coli,imipenem,2021,7903,12338,64.1,2022,Table 3.6,https://www.icmr.gov.in/icmrobject/custom_data/pdf/resource-guidelines/AMRSN_Annual_Report_2022.pdf,2026-08-26,64.1,64.05,
Escherichia coli,imipenem,2021,7903,12338,64.1,2023,Table 3.6,https://www.icmr.gov.in/icmrobject/uploads/Documents/1725536060_annual_report_2023.pdf,2026-08-26,64.1,64.05,
Escherichia coli,imipenem,2021,7903,12338,64.1,2024,Table 2.6,https://www.icmr.gov.in/icmrobject/uploads/Report/1763981012_icmramrsnannualreport2024.pdf,2026-08-26,64.1,64.05,
Escherichia coli,imipenem,2022,9211,13921,66.1,2022,Table 3.6,https://www.icmr.gov.in/icmrobject/custom_data/pdf/resource-guidelines/AMRSN_Annual_Report_2022.pdf,2026-08-26,66.1,66.17,
Escherichia coli,imipenem,2022,9211,13921,66.1,2023,Table 3.6,https://www.icmr.gov.in/icmrobject/uploads/Documents/1725536060_annual_report_2023.pdf,2026-08-26,66.1,66.17,
Escherichia coli,imipenem,2022,9211,13921,66.1,2024,Table 2.6,https://www.icmr.gov.in/icmrobject/uploads/Report/1763981012_icmramrsnannualreport2024.pdf,2026-08-26,66.1,66.17,
Escherichia coli,imipenem,2023,4686,7472,62.7,2023,Table 3.6,https://www.icmr.gov.in/icmrobject/uploads/Documents/1725536060_annual_report_2023.pdf,2026-08-26,62.7,62.71,
Escherichia coli,imipenem,2023,4686,7472,62.7,2024,Table 2.6,https://www.icmr.gov.in/icmrobject/uploads/Report/1763981012_icmramrsnannualreport2024.pdf,2026-08-26,62.7,62.71,
Escherichia coli,imipenem,2024,6715,11662,57.6,2024,Table 2.6,https://www.icmr.gov.in/icmrobject/uploads/Report/1763981012_icmramrsnannualreport2024.pdf,2026-08-26,57.6,57.58,
Escherichia coli,levofloxacin,2017,140,889,15.7,2022,Table 3.6,https://www.icmr.gov.in/icmrobject/custom_data/pdf/resource-guidelines/AMRSN_Annual_Report_2022.pdf,2026-08-26,15.7,15.75,
Escherichia coli,levofloxacin,2017,140,889,15.7,2023,Table 3.6,https://www.icmr.gov.in/icmrobject/uploads/Documents/1725536060_annual_report_2023.pdf,2026-08-26,15.7,15.75,
Escherichia coli,levofloxacin,2017,140,889,15.7,2024,Table 2.6,https://www.icmr.gov.in/icmrobject/uploads/Report/1763981012_icmramrsnannualreport2024.pdf,2026-08-26,15.7,15.75,
Escherichia coli,levofloxacin,2018,600,3493,17.2,2022,Table 3.6,https://www.icmr.gov.in/icmrobject/custom_data/pdf/resource-guidelines/AMRSN_Annual_Report_2022.pdf,2026-08-26,17.2,17.18,
Escherichia coli,levofloxacin,2018,600,3493,17.2,2023,Table 3.6,https://www.icmr.gov.in/icmrobject/uploads/Documents/1725536060_annual_report_2023.pdf,2026-08-26,17.2,17.18,
Escherichia coli,levofloxacin,2018,600,3493,17.2,2024,Table 2.6,https://www.icmr.gov.in/icmrobject/uploads/Report/1763981012_icmramrsnannualreport2024.pdf,2026-08-26,17.2,17.18,
Escherichia coli,levofloxacin,2019,1145,6050,18.9,2022,Table 3.6,https://www.icmr.gov.in/icmrobject/custom_data/pdf/resource-guidelines/AMRSN_Annual_Report_2022.pdf,2026-08-26,18.9,18.93,
Escherichia coli,levofloxacin,2019,1145,6050,18.9,2023,Table 3.6,https://www.icmr.gov.in/icmrobject/uploads/Documents/1725536060_annual_report_2023.pdf,2026-08-26,18.9,18.93,
Escherichia coli,levofloxacin,2019,1145,6050,18.9,2024,Table 2.6,https://www.icmr.gov.in/icmrobject/uploads/Report/1763981012_icmramrsnannualreport2024.pdf,2026-08-26,18.9,18.93,
Escherichia coli,levofloxacin,2020,717,3762,19.1,2022,Table 3.6,https://www.icmr.gov.in/icmrobject/custom_data/pdf/resource-guidelines/AMRSN_Annual_Report_2022.pdf,2026-08-26,19.1,19.06,
Escherichia coli,levofloxacin,2020,717,3762,19.1,2023,Table 3.6,https://www.icmr.gov.in/icmrobject/uploads/Documents/1725536060_annual_report_2023.pdf,2026-08-26,19.1,19.06,
Escherichia coli,levofloxacin,2020,717,3762,19.1,2024,Table 2.6,https://www.icmr.gov.in/icmrobject/uploads/Report/1763981012_icmramrsnannualreport2024.pdf,2026-08-26,19.1,19.06,
Escherichia coli,levofloxacin,2021,866,5143,16.8,2022,Table 3.6,https://www.icmr.gov.in/icmrobject/custom_data/pdf/resource-guidelines/AMRSN_Annual_Report_2022.pdf,2026-08-26,16.8,16.84,
Escherichia coli,levofloxacin,2021,866,5143,16.8,2023,Table 3.6,https://www.icmr.gov.in/icmrobject/uploads/Documents/1725536060_annual_report_2023.pdf,2026-08-26,16.8,16.84,
Escherichia coli,levofloxacin,2021,866,5143,16.8,2024,Table 2.6,https://www.icmr.gov.in/icmrobject/uploads/Report/1763981012_icmramrsnannualreport2024.pdf,2026-08-26,16.8,16.84,
Escherichia coli,levofloxacin,2022,969,6199,15.6,2022,Table 3.6,https://www.icmr.gov.in/icmrobject/custom_data/pdf/resource-guidelines/AMRSN_Annual_Report_2022.pdf,2026-08-26,15.6,15.63,
Escherichia coli,levofloxacin,2022,969,6199,15.6,2023,Table 3.6,https://www.icmr.gov.in/icmrobject/uploads/Documents/1725536060_annual_report_2023.pdf,2026-08-26,15.6,15.63,
Escherichia coli,levofloxacin,2022,969,6199,15.6,2024,Table 2.6,https://www.icmr.gov.in/icmrobject/uploads/Report/1763981012_icmramrsnannualreport2024.pdf,2026-08-26,15.6,15.63,
Escherichia coli,levofloxacin,2023,567,3500,16.2,2023,Table 3.6,https://www.icmr.gov.in/icmrobject/uploads/Documents/1725536060_annual_report_2023.pdf,2026-08-26,16.2,16.2,
Escherichia coli,levofloxacin,2023,567,3500,16.2,2024,Table 2.6,https://www.icmr.gov.in/icmrobject/uploads/Report/1763981012_icmramrsnannualreport2024.pdf,2026-08-26,16.2,16.2,
Escherichia coli,levofloxacin,2024,676,4269,15.8,2024,Table 2.6,https://www.icmr.gov.in/icmrobject/uploads/Report/1763981012_icmramrsnannualreport2024.pdf,2026-08-26,15.8,15.84,
Escherichia coli,meropenem,2017,4158,5678,73.2,2022,Table 3.6,https://www.icmr.gov.in/icmrobject/custom_data/pdf/resource-guidelines/AMRSN_Annual_Report_2022.pdf,2026-08-26,73.2,73.23,
Escherichia coli,meropenem,2017,4158,5678,73.2,2023,Table 3.6,https://www.icmr.gov.in/icmrobject/uploads/Documents/1725536060_annual_report_2023.pdf,2026-08-26,73.2,73.23,
Escherichia coli,meropenem,2017,4158,5678,73.2,2024,Table 2.6,https://www.icmr.gov.in/icmrobject/uploads/Report/1763981012_icmramrsnannualreport2024.pdf,2026-08-26,73.2,73.23,
Escherichia coli,meropenem,2018,5873,8404,69.9,2022,Table 3.6,https://www.icmr.gov.in/icmrobject/custom_data/pdf/resource-guidelines/AMRSN_Annual_Report_2022.pdf,2026-08-26,69.9,69.88,
Escherichia coli,meropenem,2018,5873,8404,69.9,2023,Table 3.6,https://www.icmr.gov.in/icmrobject/uploads/Documents/1725536060_annual_report_2023.pdf,2026-08-26,69.9,69.88,
Escherichia coli,meropenem,2018,5873,8404,69.9,2024,Table 2.6,https://www.icmr.gov.in/icmrobject/uploads/Report/1763981012_icmramrsnannualreport2024.pdf,2026-08-26,69.9,69.88,
Escherichia coli,meropenem,2019,9110,12167,74.9,2022,Table 3.6,https://www.icmr.gov.in/icmrobject/custom_data/pdf/resource-guidelines/AMRSN_Annual_Report_2022.pdf,2026-08-26,74.9,74.87,
Escherichia coli,meropenem,2019,9110,12167,74.9,2023,Table 3.6,https://www.icmr.gov.in/icmrobject/uploads/Documents/1725536060_annual_report_2023.pdf,2026-08-26,74.9,74.87,
Escherichia coli,meropenem,2019,9110,12167,74.9,2024,Table 2.6,https://www.icmr.gov.in/icmrobject/uploads/Report/1763981012_icmramrsnannualreport2024.pdf,2026-08-26,74.9,74.87,
Escherichia coli,meropenem,2020,5683,7499,75.8,2022,Table 3.6,https://www.icmr.gov.in/icmrobject/custom_data/pdf/resource-guidelines/AMRSN_Annual_Report_2022.pdf,2026-08-26,75.8,75.78,
Escherichia coli,meropenem,2020,5683,7499,75.8,2023,Table 3.6,https://www.icmr.gov.in/icmrobject/uploads/Documents/1725536060_annual_report_2023.pdf,2026-08-26,75.8,75.78,
Escherichia coli,meropenem,2020,5683,7499,75.8,2024,Table 2.6,https://www.icmr.gov.in/icmrobject/uploads/Report/1763981012_icmramrsnannualreport2024.pdf,2026-08-26,75.8,75.78,
Escherichia coli,meropenem,2021,8872,12774,69.5,2022,Table 3.6,https://www.icmr.gov.in/icmrobject/custom_data/pdf/resource-guidelines/AMRSN_Annual_Report_2022.pdf,2026-08-26,69.5,69.45,
Escherichia coli,meropenem,2021,8872,12774,69.5,2023,Table 3.6,https://www.icmr.gov.in/icmrobject/uploads/Documents/1725536060_annual_report_2023.pdf,2026-08-26,69.5,69.45,
Escherichia coli,meropenem,2021,8872,12774,69.5,2024,Table 2.6,https://www.icmr.gov.in/icmrobject/uploads/Report/1763981012_icmramrsnannualreport2024.pdf,2026-08-26,69.5,69.45,
Escherichia coli,meropenem,2022,9980,14304,69.7,2022,Table 3.6,https://www.icmr.gov.in/icmrobject/custom_data/pdf/resource-guidelines/AMRSN_Annual_Report_2022.pdf,2026-08-26,69.7,69.77,
Escherichia coli,meropenem,2022,9980,14304,69.7,2023,Table 3.6,https://www.icmr.gov.in/icmrobject/uploads/Documents/1725536060_annual_report_2023.pdf,2026-08-26,69.7,69.77,
Escherichia coli,meropenem,2022,9980,14304,69.7,2024,Table 2.6,https://www.icmr.gov.in/icmrobject/uploads/Report/1763981012_icmramrsnannualreport2024.pdf,2026-08-26,69.7,69.77,
Escherichia coli,meropenem,2023,5006,7582,66.0,2023,Table 3.6,https://www.icmr.gov.in/icmrobject/uploads/Documents/1725536060_annual_report_2023.pdf,2026-08-26,66.0,66.02,
Escherichia coli,meropenem,2023,5006,7582,66.0,2024,Table 2.6,https://www.icmr.gov.in/icmrobject/uploads/Report/1763981012_icmramrsnannualreport2024.pdf,2026-08-26,66.0,66.02,
Escherichia coli,meropenem,2024,7587,12061,62.9,2024,Table 2.6,https://www.icmr.gov.in/icmrobject/uploads/Report/1763981012_icmramrsnannualreport2024.pdf,2026-08-26,62.9,62.91,
Escherichia coli,piperacillin-tazobactam,2017,3424,6030,56.8,2022,Table 3.6,https://www.icmr.gov.in/icmrobject/custom_data/pdf/resource-guidelines/AMRSN_Annual_Report_2022.pdf,2026-08-26,56.8,56.78,
Escherichia coli,piperacillin-tazobactam,2017,3424,6030,56.8,2023,Table 3.6,https://www.icmr.gov.in/icmrobject/uploads/Documents/1725536060_annual_report_2023.pdf,2026-08-26,56.8,56.78,
Escherichia coli,piperacillin-tazobactam,2017,3424,6030,56.8,2024,Table 2.6,https://www.icmr.gov.in/icmrobject/uploads/Report/1763981012_icmramrsnannualreport2024.pdf,2026-08-26,56.8,56.78,
Escherichia coli,piperacillin-tazobactam,2018,4857,8961,54.2,2022,Table 3.6,https://www.icmr.gov.in/icmrobject/custom_data/pdf/resource-guidelines/AMRSN_Annual_Report_2022.pdf,2026-08-26,54.2,54.2,
Escherichia coli,piperacillin-tazobactam,2018,4857,8961,54.2,2023,Table 3.6,https://www.icmr.gov.in/icmrobject/uploads/Documents/1725536060_annual_report_2023.pdf,2026-08-26,54.2,54.2,
Escherichia coli,piperacillin-tazobactam,2018,4857,8961,54.2,2024,Table 2.6,https://www.icmr.gov.in/icmrobject/uploads/Report/1763981012_icmramrsnannualreport2024.pdf,2026-08-26,54.2,54.2,
Escherichia coli,piperacillin-tazobactam,2019,6620,12121,54.6,2022,Table 3.6,https://www.icmr.gov.in/icmrobject/custom_data/pdf/resource-guidelines/AMRSN_Annual_Report_2022.pdf,2026-08-26,54.6,54.62,
Escherichia coli,piperacillin-tazobactam,2019,6620,12121,54.6,2023,Table 3.6,https://www.icmr.gov.in/icmrobject/uploads/Documents/1725536060_annual_report_2023.pdf,2026-08-26,54.6,54.62,
Escherichia coli,piperacillin-tazobactam,2019,6620,12121,54.6,2024,Table 2.6,https://www.icmr.gov.in/icmrobject/uploads/Report/1763981012_icmramrsnannualreport2024.pdf,2026-08-26,54.6,54.62,
Escherichia coli,piperacillin-tazobactam,2020,4211,7890,53.4,2022,Table 3.6,https://www.icmr.gov.in/icmrobject/custom_data/pdf/resource-guidelines/AMRSN_Annual_Report_2022.pdf,2026-08-26,53.4,53.37,
Escherichia coli,piperacillin-tazobactam,2020,4211,7890,53.4,2023,Table 3.6,https://www.icmr.gov.in/icmrobject/uploads/Documents/1725536060_annual_report_2023.pdf,2026-08-26,53.4,53.37,
Escherichia coli,piperacillin-tazobactam,2020,4211,7890,53.4,2024,Table 2.6,https://www.icmr.gov.in/icmrobject/uploads/Report/1763981012_icmramrsnannualreport2024.pdf,2026-08-26,53.4,53.37,
Escherichia coli,piperacillin-tazobactam,2021,6126,12935,47.4,2022,Table 3.6,https://www.icmr.gov.in/icmrobject/custom_data/pdf/resource-guidelines/AMRSN_Annual_Report_2022.pdf,2026-08-26,47.4,47.36,
Escherichia coli,piperacillin-tazobactam,2021,6126,12935,47.4,2023,Table 3.6,https://www.icmr.gov.in/icmrobject/uploads/Documents/1725536060_annual_report_2023.pdf,2026-08-26,47.4,47.36,
Escherichia coli,piperacillin-tazobactam,2021,6126,12935,47.4,2024,Table 2.6,https://www.icmr.gov.in/icmrobject/uploads/Report/1763981012_icmramrsnannualreport2024.pdf,2026-08-26,47.4,47.36,
Escherichia coli,piperacillin-tazobactam,2022,5170,14729,35.1,2022,Table 3.6,https://www.icmr.gov.in/icmrobject/custom_data/pdf/resource-guidelines/AMRSN_Annual_Report_2022.pdf,2026-08-26,35.1,35.1,
Escherichia coli,piperacillin-tazobactam,2022,5170,14729,35.1,2023,Table 3.6,https://www.icmr.gov.in/icmrobject/uploads/Documents/1725536060_annual_report_2023.pdf,2026-08-26,35.1,35.1,
Escherichia coli,piperacillin-tazobactam,2022,5170,14728,35.1,2024,Table 2.6,https://www.icmr.gov.in/icmrobject/uploads/Report/1763981012_icmramrsnannualreport2024.pdf,2026-08-26,35.1,35.1,
Escherichia coli,piperacillin-tazobactam,2023,3205,7559,42.4,2023,Table 3.6,https://www.icmr.gov.in/icmrobject/uploads/Documents/1725536060_annual_report_2023.pdf,2026-08-26,42.4,42.4,
Escherichia coli,piperacillin-tazobactam,2023,3205,7559,42.4,2024,Table 2.6,https://www.icmr.gov.in/icmrobject/uploads/Report/1763981012_icmramrsnannualreport2024.pdf,2026-08-26,42.4,42.4,
Escherichia coli,piperacillin-tazobactam,2024,4818,11679,41.3,2024,Table 2.6,https://www.icmr.gov.in/icmrobject/uploads/Report/1763981012_icmramrsnannualreport2024.pdf,2026-08-26,41.3,41.25,
Klebsiella pneumoniae,amikacin,2017,2583,5286,48.9,2022,Table 3.7,https://www.icmr.gov.in/icmrobject/custom_data/pdf/resource-guidelines/AMRSN_Annual_Report_2022.pdf,2026-08-26,48.9,48.86,
Klebsiella pneumoniae,amikacin,2017,2583,5286,48.9,2023,Table 3.7,https://www.icmr.gov.in/icmrobject/uploads/Documents/1725536060_annual_report_2023.pdf,2026-08-26,48.9,48.86,
Klebsiella pneumoniae,amikacin,2017,2583,5286,48.9,2024,Table 2.7,https://www.icmr.gov.in/icmrobject/uploads/Report/1763981012_icmramrsnannualreport2024.pdf,2026-08-26,48.9,48.86,
Klebsiella pneumoniae,amikacin,2018,4204,8276,50.8,2022,Table 3.7,https://www.icmr.gov.in/icmrobject/custom_data/pdf/resource-guidelines/AMRSN_Annual_Report_2022.pdf,2026-08-26,50.8,50.8,
Klebsiella pneumoniae,amikacin,2018,4204,8276,50.8,2023,Table 3.7,https://www.icmr.gov.in/icmrobject/uploads/Documents/1725536060_annual_report_2023.pdf,2026-08-26,50.8,50.8,
Klebsiella pneumoniae,amikacin,2018,4204,8276,50.8,2024,Table 2.7,https://www.icmr.gov.in/icmrobject/uploads/Report/1763981012_icmramrsnannualreport2024.pdf,2026-08-26,50.8,50.8,
Klebsiella pneumoniae,amikacin,2019,6507,13018,50.0,2022,Table 3.7,https://www.icmr.gov.in/icmrobject/custom_data/pdf/resource-guidelines/AMRSN_Annual_Report_2022.pdf,2026-08-26,50.0,49.98,
Klebsiella pneumoniae,amikacin,2019,6507,13018,50.0,2023,Table 3.7,https://www.icmr.gov.in/icmrobject/uploads/Documents/1725536060_annual_report_2023.pdf,2026-08-26,50.0,49.98,
Klebsiella pneumoniae,amikacin,2019,6507,13018,50.0,2024,Table 2.7,https://www.icmr.gov.in/icmrobject/uploads/Report/1763981012_icmramrsnannualreport2024.pdf,2026-08-26,50.0,49.98,
Klebsiella pneumoniae,amikacin,2020,4171,8828,47.2,2022,Table 3.7,https://www.icmr.gov.in/icmrobject/custom_data/pdf/resource-guidelines/AMRSN_Annual_Report_2022.pdf,2026-08-26,47.2,47.25,
Klebsiella pneumoniae,amikacin,2020,4171,8828,47.2,2023,Table 3.7,https://www.icmr.gov.in/icmrobject/uploads/Documents/1725536060_annual_report_2023.pdf,2026-08-26,47.2,47.25,
Klebsiella pneumoniae,amikacin,2020,4171,8828,47.2,2024,Table 2.7,https://www.icmr.gov.in/icmrobject/uploads/Report/1763981012_icmramrsnannualreport2024.pdf,2026-08-26,47.2,47.25,
Klebsiella pneumoniae,amikacin,2021,6174,13451,45.9,2022,Table 3.7,https://www.icmr.gov.in/icmrobject/custom_data/pdf/resource-guidelines/AMRSN_Annual_Report_2022.pdf,2026-08-26,45.9,45.9,
Klebsiella pneumoniae,amikacin,2021,6174,13451,45.9,2023,Table 3.7,https://www.icmr.gov.in/icmrobject/uploads/Documents/1725536060_annual_report_2023.pdf,2026-08-26,45.9,45.9,
Klebsiella pneumoniae,amikacin,2021,6174,13451,45.9,2024,Table 2.7,https://www.icmr.gov.in/icmrobject/uploads/Report/1763981012_icmramrsnannualreport2024.pdf,2026-08-26,45.9,45.9,
Klebsiella pneumoniae,amikacin,2022,6838,14888,45.9,2022,Table 3.7,https://www.icmr.gov.in/icmrobject/custom_data/pdf/resource-guidelines/AMRSN_Annual_Report_2022.pdf,2026-08-26,45.9,45.93,
Klebsiella pneumoniae,amikacin,2022,6838,14888,45.9,2023,Table 3.7,https://www.icmr.gov.in/icmrobject/uploads/Documents/1725536060_annual_report_2023.pdf,2026-08-26,45.9,45.93,
Klebsiella pneumoniae,amikacin,2022,6838,14888,45.9,2024,Table 2.7,https://www.icmr.gov.in/icmrobject/uploads/Report/1763981012_icmramrsnannualreport2024.pdf,2026-08-26,45.9,45.93,
Klebsiella pneumoniae,amikacin,2023,2539,7357,34.51,2023,Table 3.7,https://www.icmr.gov.in/icmrobject/uploads/Documents/1725536060_annual_report_2023.pdf,2026-08-26,34.51,34.51,
Klebsiella pneumoniae,amikacin,2023,2539,7357,34.5,2024,Table 2.7,https://www.icmr.gov.in/icmrobject/uploads/Report/1763981012_icmramrsnannualreport2024.pdf,2026-08-26,34.5,34.51,
Klebsiella pneumoniae,amikacin,2024,4994,12517,39.9,2024,Table 2.7,https://www.icmr.gov.in/icmrobject/uploads/Report/1763981012_icmramrsnannualreport2024.pdf,2026-08-26,39.9,39.9,
Klebsiella pneumoniae,cefazolin,2017,0,3,,2022,Table 3.7,https://www.icmr.gov.in/icmrobject/custom_data/pdf/resource-guidelines/AMRSN_Annual_Report_2022.pdf,2026-08-26,,0.0,low_isolate_count_asterisk
Klebsiella pneumoniae,cefazolin,2017,0,3,,2023,Table 3.7,https://www.icmr.gov.in/icmrobject/uploads/Documents/1725536060_annual_report_2023.pdf,2026-08-26,,0.0,low_isolate_count_asterisk
Klebsiella pneumoniae,cefazolin,2017,0,3,,2024,Table 2.7,https://www.icmr.gov.in/icmrobject/uploads/Report/1763981012_icmramrsnannualreport2024.pdf,2026-08-26,,0.0,"low_isolate_count_asterisk,pct_suppressed_in_source"
Klebsiella pneumoniae,cefazolin,2018,0,0,,2022,Table 3.7,https://www.icmr.gov.in/icmrobject/custom_data/pdf/resource-guidelines/AMRSN_Annual_Report_2022.pdf,2026-08-26,,,"low_isolate_count_asterisk,no_isolates_tested"
Klebsiella pneumoniae,cefazolin,2018,0,0,,2023,Table 3.7,https://www.icmr.gov.in/icmrobject/uploads/Documents/1725536060_annual_report_2023.pdf,2026-08-26,,,"low_isolate_count_asterisk,no_isolates_tested"
Klebsiella pneumoniae,cefazolin,2018,0,0,,2024,Table 2.7,https://www.icmr.gov.in/icmrobject/uploads/Report/1763981012_icmramrsnannualreport2024.pdf,2026-08-26,,,"low_isolate_count_asterisk,no_isolates_tested,pct_suppressed_in_source"
Klebsiella pneumoniae,cefazolin,2019,0,1,,2022,Table 3.7,https://www.icmr.gov.in/icmrobject/custom_data/pdf/resource-guidelines/AMRSN_Annual_Report_2022.pdf,2026-08-26,,0.0,low_isolate_count_asterisk
Klebsiella pneumoniae,cefazolin,2019,0,1,,2023,Table 3.7,https://www.icmr.gov.in/icmrobject/uploads/Documents/1725536060_annual_report_2023.pdf,2026-08-26,,0.0,low_isolate_count_asterisk
Klebsiella pneumoniae,cefazolin,2019,0,1,,2024,Table 2.7,https://www.icmr.gov.in/icmrobject/uploads/Report/1763981012_icmramrsnannualreport2024.pdf,2026-08-26,,0.0,"low_isolate_count_asterisk,pct_suppressed_in_source"
Klebsiella pneumoniae,cefazolin,2020,0,3,,2022,Table 3.7,https://www.icmr.gov.in/icmrobject/custom_data/pdf/resource-guidelines/AMRSN_Annual_Report_2022.pdf,2026-08-26,,0.0,low_isolate_count_asterisk
Klebsiella pneumoniae,cefazolin,2020,0,3,,2023,Table 3.7,https://www.icmr.gov.in/icmrobject/uploads/Documents/1725536060_annual_report_2023.pdf,2026-08-26,,0.0,low_isolate_count_asterisk
Klebsiella pneumoniae,cefazolin,2020,0,3,,2024,Table 2.7,https://www.icmr.gov.in/icmrobject/uploads/Report/1763981012_icmramrsnannualreport2024.pdf,2026-08-26,,0.0,"low_isolate_count_asterisk,pct_suppressed_in_source"
Klebsiella pneumoniae,cefazolin,2021,1,3,,2022,Table 3.7,https://www.icmr.gov.in/icmrobject/custom_data/pdf/resource-guidelines/AMRSN_Annual_Report_2022.pdf,2026-08-26,,33.33,low_isolate_count_asterisk
Klebsiella pneumoniae,cefazolin,2021,1,3,,2023,Table 3.7,https://www.icmr.gov.in/icmrobject/uploads/Documents/1725536060_annual_report_2023.pdf,2026-08-26,,33.33,low_isolate_count_asterisk
Klebsiella pneumoniae,cefazolin,2021,1,3,,2024,Table 2.7,https://www.icmr.gov.in/icmrobject/uploads/Report/1763981012_icmramrsnannualreport2024.pdf,2026-08-26,,33.33,"low_isolate_count_asterisk,pct_suppressed_in_source"
Klebsiella pneumoniae,cefazolin,2022,5,16,31.3,2022,Table 3.7,https://www.icmr.gov.in/icmrobject/custom_data/pdf/resource-guidelines/AMRSN_Annual_Report_2022.pdf,2026-08-26,31.3,31.25,
Klebsiella pneumoniae,cefazolin,2022,5,16,31.3,2023,Table 3.7,https://www.icmr.gov.in/icmrobject/uploads/Documents/1725536060_annual_report_2023.pdf,2026-08-26,31.3,31.25,
Klebsiella pneumoniae,cefazolin,2022,5,16,31.3,2024,Table 2.7,https://www.icmr.gov.in/icmrobject/uploads/Report/1763981012_icmramrsnannualreport2024.pdf,2026-08-26,31.3,31.25,
Klebsiella pneumoniae,cefazolin,2023,2,12,,2023,Table 3.7,https://www.icmr.gov.in/icmrobject/uploads/Documents/1725536060_annual_report_2023.pdf,2026-08-26,,16.67,pct_suppressed_in_source
Klebsiella pneumoniae,cefazolin,2023,2,12,,2024,Table 2.7,https://www.icmr.gov.in/icmrobject/uploads/Report/1763981012_icmramrsnannualreport2024.pdf,2026-08-26,,16.67,"low_isolate_count_asterisk,pct_suppressed_in_source"
Klebsiella pneumoniae,cefazolin,2024,12,36,33.3,2024,Table 2.7,https://www.icmr.gov.in/icmrobject/uploads/Report/1763981012_icmramrsnannualreport2024.pdf,2026-08-26,33.3,33.33,
Klebsiella pneumoniae,cefotaxime,2017,1109,5092,21.8,2022,Table 3.7,https://www.icmr.gov.in/icmrobject/custom_data/pdf/resource-guidelines/AMRSN_Annual_Report_2022.pdf,2026-08-26,21.8,21.78,
Klebsiella pneumoniae,cefotaxime,2017,1109,5092,21.8,2023,Table 3.7,https://www.icmr.gov.in/icmrobject/uploads/Documents/1725536060_annual_report_2023.pdf,2026-08-26,21.8,21.78,
Klebsiella pneumoniae,cefotaxime,2017,1109,5092,21.8,2024,Table 2.7,https://www.icmr.gov.in/icmrobject/uploads/Report/1763981012_icmramrsnannualreport2024.pdf,2026-08-26,21.8,21.78,
Klebsiella pneumoniae,cefotaxime,2018,1577,7158,22.0,2022,Table 3.7,https://www.icmr.gov.in/icmrobject/custom_data/pdf/resource-guidelines/AMRSN_Annual_Report_2022.pdf,2026-08-26,22.0,22.03,
Klebsiella pneumoniae,cefotaxime,2018,1577,7158,22.0,2023,Table 3.7,https://www.icmr.gov.in/icmrobject/uploads/Documents/1725536060_annual_report_2023.pdf,2026-08-26,22.0,22.03,
Klebsiella pneumoniae,cefotaxime,2018,1577,7158,22.0,2024,Table 2.7,https://www.icmr.gov.in/icmrobject/uploads/Report/1763981012_icmramrsnannualreport2024.pdf,2026-08-26,22.0,22.03,
Klebsiella pneumoniae,cefotaxime,2019,2400,11292,21.3,2022,Table 3.7,https://www.icmr.gov.in/icmrobject/custom_data/pdf/resource-guidelines/AMRSN_Annual_Report_2022.pdf,2026-08-26,21.3,21.25,
Klebsiella pneumoniae,cefotaxime,2019,2400,11292,21.3,2023,Table 3.7,https://www.icmr.gov.in/icmrobject/uploads/Documents/1725536060_annual_report_2023.pdf,2026-08-26,21.3,21.25,
Klebsiella pneumoniae,cefotaxime,2019,2400,11292,21.3,2024,Table 2.7,https://www.icmr.gov.in/icmrobject/uploads/Report/1763981012_icmramrsnannualreport2024.pdf,2026-08-26,21.3,21.25,
Klebsiella pneumoniae,cefotaxime,2020,1472,7658,19.2,2022,Table 3.7,https://www.icmr.gov.in/icmrobject/custom_data/pdf/resource-guidelines/AMRSN_Annual_Report_2022.pdf,2026-08-26,19.2,19.22,
Klebsiella pneumoniae,cefotaxime,2020,1472,7658,19.2,2023,Table 3.7,https://www.icmr.gov.in/icmrobject/uploads/Documents/1725536060_annual_report_2023.pdf,2026-08-26,19.2,19.22,
Klebsiella pneumoniae,cefotaxime,2020,1472,7658,19.2,2024,Table 2.7,https://www.icmr.gov.in/icmrobject/uploads/Report/1763981012_icmramrsnannualreport2024.pdf,2026-08-26,19.2,19.22,
Klebsiella pneumoniae,cefotaxime,2021,2217,10879,20.4,2022,Table 3.7,https://www.icmr.gov.in/icmrobject/custom_data/pdf/resource-guidelines/AMRSN_Annual_Report_2022.pdf,2026-08-26,20.4,20.38,
Klebsiella pneumoniae,cefotaxime,2021,2217,10879,20.4,2023,Table 3.7,https://www.icmr.gov.in/icmrobject/uploads/Documents/1725536060_annual_report_2023.pdf,2026-08-26,20.4,20.38,
Klebsiella pneumoniae,cefotaxime,2021,2217,10879,20.4,2024,Table 2.7,https://www.icmr.gov.in/icmrobject/uploads/Report/1763981012_icmramrsnannualreport2024.pdf,2026-08-26,20.4,20.38,
Klebsiella pneumoniae,cefotaxime,2022,2754,12919,21.3,2022,Table 3.7,https://www.icmr.gov.in/icmrobject/custom_data/pdf/resource-guidelines/AMRSN_Annual_Report_2022.pdf,2026-08-26,21.3,21.32,
Klebsiella pneumoniae,cefotaxime,2022,2754,12919,21.3,2023,Table 3.7,https://www.icmr.gov.in/icmrobject/uploads/Documents/1725536060_annual_report_2023.pdf,2026-08-26,21.3,21.32,
Klebsiella pneumoniae,cefotaxime,2022,2754,12919,21.3,2024,Table 2.7,https://www.icmr.gov.in/icmrobject/uploads/Report/1763981012_icmramrsnannualreport2024.pdf,2026-08-26,21.3,21.32,
Klebsiella pneumoniae,cefotaxime,2023,1119,6479,17.27,2023,Table 3.7,https://www.icmr.gov.in/icmrobject/uploads/Documents/1725536060_annual_report_2023.pdf,2026-08-26,17.27,17.27,
Klebsiella pneumoniae,cefotaxime,2023,1119,6479,17.3,2024,Table 2.7,https://www.icmr.gov.in/icmrobject/uploads/Report/1763981012_icmramrsnannualreport2024.pdf,2026-08-26,17.3,17.27,
Klebsiella pneumoniae,cefotaxime,2024,2038,10032,20.3,2024,Table 2.7,https://www.icmr.gov.in/icmrobject/uploads/Report/1763981012_icmramrsnannualreport2024.pdf,2026-08-26,20.3,20.31,
Klebsiella pneumoniae,ceftazidime,2017,1320,4790,27.6,2022,Table 3.7,https://www.icmr.gov.in/icmrobject/custom_data/pdf/resource-guidelines/AMRSN_Annual_Report_2022.pdf,2026-08-26,27.6,27.56,
Klebsiella pneumoniae,ceftazidime,2017,1320,4790,27.6,2023,Table 3.7,https://www.icmr.gov.in/icmrobject/uploads/Documents/1725536060_annual_report_2023.pdf,2026-08-26,27.6,27.56,
Klebsiella pneumoniae,ceftazidime,2017,1320,4790,27.6,2024,Table 2.7,https://www.icmr.gov.in/icmrobject/uploads/Report/1763981012_icmramrsnannualreport2024.pdf,2026-08-26,27.6,27.56,
Klebsiella pneumoniae,ceftazidime,2018,1488,5503,27.0,2022,Table 3.7,https://www.icmr.gov.in/icmrobject/custom_data/pdf/resource-guidelines/AMRSN_Annual_Report_2022.pdf,2026-08-26,27.0,27.04,
Klebsiella pneumoniae,ceftazidime,2018,1488,5503,27.0,2023,Table 3.7,https://www.icmr.gov.in/icmrobject/uploads/Documents/1725536060_annual_report_2023.pdf,2026-08-26,27.0,27.04,
Klebsiella pneumoniae,ceftazidime,2018,1488,5503,27.0,2024,Table 2.7,https://www.icmr.gov.in/icmrobject/uploads/Report/1763981012_icmramrsnannualreport2024.pdf,2026-08-26,27.0,27.04,
Klebsiella pneumoniae,ceftazidime,2019,1985,7908,25.1,2022,Table 3.7,https://www.icmr.gov.in/icmrobject/custom_data/pdf/resource-guidelines/AMRSN_Annual_Report_2022.pdf,2026-08-26,25.1,25.1,
Klebsiella pneumoniae,ceftazidime,2019,1985,7908,25.1,2023,Table 3.7,https://www.icmr.gov.in/icmrobject/uploads/Documents/1725536060_annual_report_2023.pdf,2026-08-26,25.1,25.1,
Klebsiella pneumoniae,ceftazidime,2019,1985,7908,25.1,2024,Table 2.7,https://www.icmr.gov.in/icmrobject/uploads/Report/1763981012_icmramrsnannualreport2024.pdf,2026-08-26,25.1,25.1,
Klebsiella pneumoniae,ceftazidime,2020,1147,5334,21.5,2022,Table 3.7,https://www.icmr.gov.in/icmrobject/custom_data/pdf/resource-guidelines/AMRSN_Annual_Report_2022.pdf,2026-08-26,21.5,21.5,
Klebsiella pneumoniae,ceftazidime,2020,1147,5334,21.5,2023,Table 3.7,https://www.icmr.gov.in/icmrobject/uploads/Documents/1725536060_annual_report_2023.pdf,2026-08-26,21.5,21.5,
Klebsiella pneumoniae,ceftazidime,2020,1147,5334,21.5,2024,Table 2.7,https://www.icmr.gov.in/icmrobject/uploads/Report/1763981012_icmramrsnannualreport2024.pdf,2026-08-26,21.5,21.5,
Klebsiella pneumoniae,ceftazidime,2021,1452,7507,19.3,2022,Table 3.7,https://www.icmr.gov.in/icmrobject/custom_data/pdf/resource-guidelines/AMRSN_Annual_Report_2022.pdf,2026-08-26,19.3,19.34,
Klebsiella pneumoniae,ceftazidime,2021,1452,7507,19.3,2023,Table 3.7,https://www.icmr.gov.in/icmrobject/uploads/Documents/1725536060_annual_report_2023.pdf,2026-08-26,19.3,19.34,
Klebsiella pneumoniae,ceftazidime,2021,1452,7507,19.3,2024,Table 2.7,https://www.icmr.gov.in/icmrobject/uploads/Report/1763981012_icmramrsnannualreport2024.pdf,2026-08-26,19.3,19.34,
Klebsiella pneumoniae,ceftazidime,2022,1852,9500,19.4,2022,Table 3.7,https://www.icmr.gov.in/icmrobject/custom_data/pdf/resource-guidelines/AMRSN_Annual_Report_2022.pdf,2026-08-26,19.4,19.49,
Klebsiella pneumoniae,ceftazidime,2022,1852,9500,19.4,2023,Table 3.7,https://www.icmr.gov.in/icmrobject/uploads/Documents/1725536060_annual_report_2023.pdf,2026-08-26,19.4,19.49,
Klebsiella pneumoniae,ceftazidime,2022,1852,9500,19.4,2024,Table 2.7,https://www.icmr.gov.in/icmrobject/uploads/Report/1763981012_icmramrsnannualreport2024.pdf,2026-08-26,19.4,19.49,
Klebsiella pneumoniae,ceftazidime,2023,915,5063,18.07,2023,Table 3.7,https://www.icmr.gov.in/icmrobject/uploads/Documents/1725536060_annual_report_2023.pdf,2026-08-26,18.07,18.07,
Klebsiella pneumoniae,ceftazidime,2023,915,5063,18.1,2024,Table 2.7,https://www.icmr.gov.in/icmrobject/uploads/Report/1763981012_icmramrsnannualreport2024.pdf,2026-08-26,18.1,18.07,
Klebsiella pneumoniae,ceftazidime,2024,1280,5404,23.7,2024,Table 2.7,https://www.icmr.gov.in/icmrobject/uploads/Report/1763981012_icmramrsnannualreport2024.pdf,2026-08-26,23.7,23.69,
Klebsiella pneumoniae,ciprofloxacin,2017,1667,5213,32.0,2022,Table 3.7,https://www.icmr.gov.in/icmrobject/custom_data/pdf/resource-guidelines/AMRSN_Annual_Report_2022.pdf,2026-08-26,32.0,31.98,
Klebsiella pneumoniae,ciprofloxacin,2017,1667,5213,32.0,2023,Table 3.7,https://www.icmr.gov.in/icmrobject/uploads/Documents/1725536060_annual_report_2023.pdf,2026-08-26,32.0,31.98,
Klebsiella pneumoniae,ciprofloxacin,2017,1667,5213,32.0,2024,Table 2.7,https://www.icmr.gov.in/icmrobject/uploads/Report/1763981012_icmramrsnannualreport2024.pdf,2026-08-26,32.0,31.98,
Klebsiella pneumoniae,ciprofloxacin,2018,2766,7688,36.0,2022,Table 3.7,https://www.icmr.gov.in/icmrobject/custom_data/pdf/resource-guidelines/AMRSN_Annual_Report_2022.pdf,2026-08-26,36.0,35.98,
Klebsiella pneumoniae,ciprofloxacin,2018,2766,7688,36.0,2023,Table 3.7,https://www.icmr.gov.in/icmrobject/uploads/Documents/1725536060_annual_report_2023.pdf,2026-08-26,36.0,35.98,
Klebsiella pneumoniae,ciprofloxacin,2018,2766,7688,36.0,2024,Table 2.7,https://www.icmr.gov.in/icmrobject/uploads/Report/1763981012_icmramrsnannualreport2024.pdf,2026-08-26,36.0,35.98,
Klebsiella pneumoniae,ciprofloxacin,2019,4144,11560,35.8,2022,Table 3.7,https://www.icmr.gov.in/icmrobject/custom_data/pdf/resource-guidelines/AMRSN_Annual_Report_2022.pdf,2026-08-26,35.8,35.85,
Klebsiella pneumoniae,ciprofloxacin,2019,4144,11560,35.8,2023,Table 3.7,https://www.icmr.gov.in/icmrobject/uploads/Documents/1725536060_annual_report_2023.pdf,2026-08-26,35.8,35.85,
Klebsiella pneumoniae,ciprofloxacin,2019,4144,11560,35.8,2024,Table 2.7,https://www.icmr.gov.in/icmrobject/uploads/Report/1763981012_icmramrsnannualreport2024.pdf,2026-08-26,35.8,35.85,
Klebsiella pneumoniae,ciprofloxacin,2020,2420,7218,33.5,2022,Table 3.7,https://www.icmr.gov.in/icmrobject/custom_data/pdf/resource-guidelines/AMRSN_Annual_Report_2022.pdf,2026-08-26,33.5,33.53,
Klebsiella pneumoniae,ciprofloxacin,2020,2420,7218,33.5,2023,Table 3.7,https://www.icmr.gov.in/icmrobject/uploads/Documents/1725536060_annual_report_2023.pdf,2026-08-26,33.5,33.53,
Klebsiella pneumoniae,ciprofloxacin,2020,2420,7218,33.5,2024,Table 2.7,https://www.icmr.gov.in/icmrobject/uploads/Report/1763981012_icmramrsnannualreport2024.pdf,2026-08-26,33.5,33.53,
Klebsiella pneumoniae,ciprofloxacin,2021,3621,11712,30.9,2022,Table 3.7,https://www.icmr.gov.in/icmrobject/custom_data/pdf/resource-guidelines/AMRSN_Annual_Report_2022.pdf,2026-08-26,30.9,30.92,
Klebsiella pneumoniae,ciprofloxacin,2021,3621,11712,30.9,2023,Table 3.7,https://www.icmr.gov.in/icmrobject/uploads/Documents/1725536060_annual_report_2023.pdf,2026-08-26,30.9,30.92,
Klebsiella pneumoniae,ciprofloxacin,2021,3621,11712,30.9,2024,Table 2.7,https://www.icmr.gov.in/icmrobject/uploads/Report/1763981012_icmramrsnannualreport2024.pdf,2026-08-26,30.9,30.92,
Klebsiella pneumoniae,ciprofloxacin,2022,3016,14827,20.3,2022,Table 3.7,https://www.icmr.gov.in/icmrobject/custom_data/pdf/resource-guidelines/AMRSN_Annual_Report_2022.pdf,2026-08-26,20.3,20.34,
Klebsiella pneumoniae,ciprofloxacin,2022,3016,14827,20.3,2023,Table 3.7,https://www.icmr.gov.in/icmrobject/uploads/Documents/1725536060_annual_report_2023.pdf,2026-08-26,20.3,20.34,
Klebsiella pneumoniae,ciprofloxacin,2022,3016,14827,20.3,2024,Table 2.7,https://www.icmr.gov.in/icmrobject/uploads/Report/1763981012_icmramrsnannualreport2024.pdf,2026-08-26,20.3,20.34,
Klebsiella pneumoniae,ciprofloxacin,2023,1258,7341,17.1,2023,Table 3.7,https://www.icmr.gov.in/icmrobject/uploads/Documents/1725536060_annual_report_2023.pdf,2026-08-26,17.1,17.14,
Klebsiella pneumoniae,ciprofloxacin,2023,1258,7341,17.1,2024,Table 2.7,https://www.icmr.gov.in/icmrobject/uploads/Report/1763981012_icmramrsnannualreport2024.pdf,2026-08-26,17.1,17.14,
Klebsiella pneumoniae,ciprofloxacin,2024,2502,12271,20.4,2024,Table 2.7,https://www.icmr.gov.in/icmrobject/uploads/Report/1763981012_icmramrsnannualreport2024.pdf,2026-08-26,20.4,20.39,
Klebsiella pneumoniae,ertapenem,2017,2022,4456,45.4,2022,Table 3.7,https://www.icmr.gov.in/icmrobject/custom_data/pdf/resource-guidelines/AMRSN_Annual_Report_2022.pdf,2026-08-26,45.4,45.38,
Klebsiella pneumoniae,ertapenem,2017,2022,4456,45.4,2023,Table 3.7,https://www.icmr.gov.in/icmrobject/uploads/Documents/1725536060_annual_report_2023.pdf,2026-08-26,45.4,45.38,
Klebsiella pneumoniae,ertapenem,2017,2022,4456,45.4,2024,Table 2.7,https://www.icmr.gov.in/icmrobject/uploads/Report/1763981012_icmramrsnannualreport2024.pdf,2026-08-26,45.4,45.38,
Klebsiella pneumoniae,ertapenem,2018,3189,6667,47.8,2022,Table 3.7,https://www.icmr.gov.in/icmrobject/custom_data/pdf/resource-guidelines/AMRSN_Annual_Report_2022.pdf,2026-08-26,47.8,47.83,
Klebsiella pneumoniae,ertapenem,2018,3189,6667,47.8,2023,Table 3.7,https://www.icmr.gov.in/icmrobject/uploads/Documents/1725536060_annual_report_2023.pdf,2026-08-26,47.8,47.83,
Klebsiella pneumoniae,ertapenem,2018,3189,6667,47.8,2024,Table 2.7,https://www.icmr.gov.in/icmrobject/uploads/Report/1763981012_icmramrsnannualreport2024.pdf,2026-08-26,47.8,47.83,
Klebsiella pneumoniae,ertapenem,2019,4362,9650,45.2,2022,Table 3.7,https://www.icmr.gov.in/icmrobject/custom_data/pdf/resource-guidelines/AMRSN_Annual_Report_2022.pdf,2026-08-26,45.2,45.2,
Klebsiella pneumoniae,ertapenem,2019,4362,9650,45.2,2023,Table 3.7,https://www.icmr.gov.in/icmrobject/uploads/Documents/1725536060_annual_report_2023.pdf,2026-08-26,45.2,45.2,
Klebsiella pneumoniae,ertapenem,2019,4362,9650,45.2,2024,Table 2.7,https://www.icmr.gov.in/icmrobject/uploads/Report/1763981012_icmramrsnannualreport2024.pdf,2026-08-26,45.2,45.2,
Klebsiella pneumoniae,ertapenem,2020,2560,6255,40.9,2022,Table 3.7,https://www.icmr.gov.in/icmrobject/custom_data/pdf/resource-guidelines/AMRSN_Annual_Report_2022.pdf,2026-08-26,40.9,40.93,
Klebsiella pneumoniae,ertapenem,2020,2560,6255,40.9,2023,Table 3.7,https://www.icmr.gov.in/icmrobject/uploads/Documents/1725536060_annual_report_2023.pdf,2026-08-26,40.9,40.93,
Klebsiella pneumoniae,ertapenem,2020,2560,6255,40.9,2024,Table 2.7,https://www.icmr.gov.in/icmrobject/uploads/Report/1763981012_icmramrsnannualreport2024.pdf,2026-08-26,40.9,40.93,
Klebsiella pneumoniae,ertapenem,2021,3526,8298,42.5,2022,Table 3.7,https://www.icmr.gov.in/icmrobject/custom_data/pdf/resource-guidelines/AMRSN_Annual_Report_2022.pdf,2026-08-26,42.5,42.49,
Klebsiella pneumoniae,ertapenem,2021,3526,8298,42.5,2023,Table 3.7,https://www.icmr.gov.in/icmrobject/uploads/Documents/1725536060_annual_report_2023.pdf,2026-08-26,42.5,42.49,
Klebsiella pneumoniae,ertapenem,2021,3526,8298,42.5,2024,Table 2.7,https://www.icmr.gov.in/icmrobject/uploads/Report/1763981012_icmramrsnannualreport2024.pdf,2026-08-26,42.5,42.49,
Klebsiella pneumoniae,ertapenem,2022,3978,9845,40.4,2022,Table 3.7,https://www.icmr.gov.in/icmrobject/custom_data/pdf/resource-guidelines/AMRSN_Annual_Report_2022.pdf,2026-08-26,40.4,40.41,
Klebsiella pneumoniae,ertapenem,2022,3978,9845,40.4,2023,Table 3.7,https://www.icmr.gov.in/icmrobject/uploads/Documents/1725536060_annual_report_2023.pdf,2026-08-26,40.4,40.41,
Klebsiella pneumoniae,ertapenem,2022,3978,9845,40.4,2024,Table 2.7,https://www.icmr.gov.in/icmrobject/uploads/Report/1763981012_icmramrsnannualreport2024.pdf,2026-08-26,40.4,40.41,
Klebsiella pneumoniae,ertapenem,2023,1803,5275,34.18,2023,Table 3.7,https://www.icmr.gov.in/icmrobject/uploads/Documents/1725536060_annual_report_2023.pdf,2026-08-26,34.18,34.18,
Klebsiella pneumoniae,ertapenem,2023,1803,5275,34.18,2024,Table 2.7,https://www.icmr.gov.in/icmrobject/uploads/Report/1763981012_icmramrsnannualreport2024.pdf,2026-08-26,34.18,34.18,
Klebsiella pneumoniae,ertapenem,2024,3762,10212,36.8,2024,Table 2.7,https://www.icmr.gov.in/icmrobject/uploads/Report/1763981012_icmramrsnannualreport2024.pdf,2026-08-26,36.8,36.84,
Klebsiella pneumoniae,imipenem,2017,3136,5360,58.5,2022,Table 3.7,https://www.icmr.gov.in/icmrobject/custom_data/pdf/resource-guidelines/AMRSN_Annual_Report_2022.pdf,2026-08-26,58.5,58.51,
Klebsiella pneumoniae,imipenem,2017,3136,5360,58.5,2023,Table 3.7,https://www.icmr.gov.in/icmrobject/uploads/Documents/1725536060_annual_report_2023.pdf,2026-08-26,58.5,58.51,
Klebsiella pneumoniae,imipenem,2017,3136,5360,58.5,2024,Table 2.7,https://www.icmr.gov.in/icmrobject/uploads/Report/1763981012_icmramrsnannualreport2024.pdf,2026-08-26,58.5,58.51,
Klebsiella pneumoniae,imipenem,2018,4257,8223,51.8,2022,Table 3.7,https://www.icmr.gov.in/icmrobject/custom_data/pdf/resource-guidelines/AMRSN_Annual_Report_2022.pdf,2026-08-26,51.8,51.77,
Klebsiella pneumoniae,imipenem,2018,4257,8223,51.8,2023,Table 3.7,https://www.icmr.gov.in/icmrobject/uploads/Documents/1725536060_annual_report_2023.pdf,2026-08-26,51.8,51.77,
Klebsiella pneumoniae,imipenem,2018,4257,8223,51.8,2024,Table 2.7,https://www.icmr.gov.in/icmrobject/uploads/Report/1763981012_icmramrsnannualreport2024.pdf,2026-08-26,51.8,51.77,
Klebsiella pneumoniae,imipenem,2019,5039,11031,45.7,2022,Table 3.7,https://www.icmr.gov.in/icmrobject/custom_data/pdf/resource-guidelines/AMRSN_Annual_Report_2022.pdf,2026-08-26,45.7,45.68,
Klebsiella pneumoniae,imipenem,2019,5039,11031,45.7,2023,Table 3.7,https://www.icmr.gov.in/icmrobject/uploads/Documents/1725536060_annual_report_2023.pdf,2026-08-26,45.7,45.68,
Klebsiella pneumoniae,imipenem,2019,5039,11031,45.7,2024,Table 2.7,https://www.icmr.gov.in/icmrobject/uploads/Report/1763981012_icmramrsnannualreport2024.pdf,2026-08-26,45.7,45.68,
Klebsiella pneumoniae,imipenem,2020,3771,8392,44.9,2022,Table 3.7,https://www.icmr.gov.in/icmrobject/custom_data/pdf/resource-guidelines/AMRSN_Annual_Report_2022.pdf,2026-08-26,44.9,44.94,
Klebsiella pneumoniae,imipenem,2020,3771,8392,44.9,2023,Table 3.7,https://www.icmr.gov.in/icmrobject/uploads/Documents/1725536060_annual_report_2023.pdf,2026-08-26,44.9,44.94,
Klebsiella pneumoniae,imipenem,2020,3771,8392,44.9,2024,Table 2.7,https://www.icmr.gov.in/icmrobject/uploads/Report/1763981012_icmramrsnannualreport2024.pdf,2026-08-26,44.9,44.94,
Klebsiella pneumoniae,imipenem,2021,5474,12660,43.2,2022,Table 3.7,https://www.icmr.gov.in/icmrobject/custom_data/pdf/resource-guidelines/AMRSN_Annual_Report_2022.pdf,2026-08-26,43.2,43.24,
Klebsiella pneumoniae,imipenem,2021,5474,12660,43.2,2023,Table 3.7,https://www.icmr.gov.in/icmrobject/uploads/Documents/1725536060_annual_report_2023.pdf,2026-08-26,43.2,43.24,
Klebsiella pneumoniae,imipenem,2021,5474,12660,43.2,2024,Table 2.7,https://www.icmr.gov.in/icmrobject/uploads/Report/1763981012_icmramrsnannualreport2024.pdf,2026-08-26,43.2,43.24,
Klebsiella pneumoniae,imipenem,2022,6115,14474,42.2,2022,Table 3.7,https://www.icmr.gov.in/icmrobject/custom_data/pdf/resource-guidelines/AMRSN_Annual_Report_2022.pdf,2026-08-26,42.2,42.25,
Klebsiella pneumoniae,imipenem,2022,6115,14474,42.2,2023,Table 3.7,https://www.icmr.gov.in/icmrobject/uploads/Documents/1725536060_annual_report_2023.pdf,2026-08-26,42.2,42.25,
Klebsiella pneumoniae,imipenem,2022,6115,14474,42.2,2024,Table 2.7,https://www.icmr.gov.in/icmrobject/uploads/Report/1763981012_icmramrsnannualreport2024.pdf,2026-08-26,42.2,42.25,
Klebsiella pneumoniae,imipenem,2023,2568,7211,35.6,2023,Table 3.7,https://www.icmr.gov.in/icmrobject/uploads/Documents/1725536060_annual_report_2023.pdf,2026-08-26,35.6,35.61,
Klebsiella pneumoniae,imipenem,2023,2568,7211,35.6,2024,Table 2.7,https://www.icmr.gov.in/icmrobject/uploads/Report/1763981012_icmramrsnannualreport2024.pdf,2026-08-26,35.6,35.61,
Klebsiella pneumoniae,imipenem,2024,3634,11641,31.2,2024,Table 2.7,https://www.icmr.gov.in/icmrobject/uploads/Report/1763981012_icmramrsnannualreport2024.pdf,2026-08-26,31.2,31.22,
Klebsiella pneumoniae,levofloxacin,2017,254,898,28.3,2022,Table 3.7,https://www.icmr.gov.in/icmrobject/custom_data/pdf/resource-guidelines/AMRSN_Annual_Report_2022.pdf,2026-08-26,28.3,28.29,
Klebsiella pneumoniae,levofloxacin,2017,254,898,28.3,2023,Table 3.7,https://www.icmr.gov.in/icmrobject/uploads/Documents/1725536060_annual_report_2023.pdf,2026-08-26,28.3,28.29,
Klebsiella pneumoniae,levofloxacin,2017,254,898,28.3,2024,Table 2.7,https://www.icmr.gov.in/icmrobject/uploads/Report/1763981012_icmramrsnannualreport2024.pdf,2026-08-26,28.3,28.29,
Klebsiella pneumoniae,levofloxacin,2018,967,3333,29.0,2022,Table 3.7,https://www.icmr.gov.in/icmrobject/custom_data/pdf/resource-guidelines/AMRSN_Annual_Report_2022.pdf,2026-08-26,29.0,29.01,
Klebsiella pneumoniae,levofloxacin,2018,967,3333,29.0,2023,Table 3.7,https://www.icmr.gov.in/icmrobject/uploads/Documents/1725536060_annual_report_2023.pdf,2026-08-26,29.0,29.01,
Klebsiella pneumoniae,levofloxacin,2018,967,3333,29.0,2024,Table 2.7,https://www.icmr.gov.in/icmrobject/uploads/Report/1763981012_icmramrsnannualreport2024.pdf,2026-08-26,29.0,29.01,
Klebsiella pneumoniae,levofloxacin,2019,2596,7432,34.9,2022,Table 3.7,https://www.icmr.gov.in/icmrobject/custom_data/pdf/resource-guidelines/AMRSN_Annual_Report_2022.pdf,2026-08-26,34.9,34.93,
Klebsiella pneumoniae,levofloxacin,2019,2596,7432,34.9,2023,Table 3.7,https://www.icmr.gov.in/icmrobject/uploads/Documents/1725536060_annual_report_2023.pdf,2026-08-26,34.9,34.93,
Klebsiella pneumoniae,levofloxacin,2019,2596,7432,34.9,2024,Table 2.7,https://www.icmr.gov.in/icmrobject/uploads/Report/1763981012_icmramrsnannualreport2024.pdf,2026-08-26,34.9,34.93,
Klebsiella pneumoniae,levofloxacin,2020,1391,4913,28.3,2022,Table 3.7,https://www.icmr.gov.in/icmrobject/custom_data/pdf/resource-guidelines/AMRSN_Annual_Report_2022.pdf,2026-08-26,28.3,28.31,
Klebsiella pneumoniae,levofloxacin,2020,1391,4913,28.3,2023,Table 3.7,https://www.icmr.gov.in/icmrobject/uploads/Documents/1725536060_annual_report_2023.pdf,2026-08-26,28.3,28.31,
Klebsiella pneumoniae,levofloxacin,2020,1391,4913,28.3,2024,Table 2.7,https://www.icmr.gov.in/icmrobject/uploads/Report/1763981012_icmramrsnannualreport2024.pdf,2026-08-26,28.3,28.31,
Klebsiella pneumoniae,levofloxacin,2021,1830,6101,30.0,2022,Table 3.7,https://www.icmr.gov.in/icmrobject/custom_data/pdf/resource-guidelines/AMRSN_Annual_Report_2022.pdf,2026-08-26,30.0,30.0,
Klebsiella pneumoniae,levofloxacin,2021,1830,6101,30.0,2023,Table 3.7,https://www.icmr.gov.in/icmrobject/uploads/Documents/1725536060_annual_report_2023.pdf,2026-08-26,30.0,30.0,
Klebsiella pneumoniae,levofloxacin,2021,1830,6101,30.0,2024,Table 2.7,https://www.icmr.gov.in/icmrobject/uploads/Report/1763981012_icmramrsnannualreport2024.pdf,2026-08-26,30.0,30.0,
Klebsiella pneumoniae,levofloxacin,2022,1712,6782,25.2,2022,Table 3.7,https://www.icmr.gov.in/icmrobject/custom_data/pdf/resource-guidelines/AMRSN_Annual_Report_2022.pdf,2026-08-26,25.2,25.24,
Klebsiella pneumoniae,levofloxacin,2022,1712,6782,25.2,2023,Table 3.7,https://www.icmr.gov.in/icmrobject/uploads/Documents/1725536060_annual_report_2023.pdf,2026-08-26,25.2,25.24,
Klebsiella pneumoniae,levofloxacin,2022,1712,6782,25.2,2024,Table 2.7,https://www.icmr.gov.in/icmrobject/uploads/Report/1763981012_icmramrsnannualreport2024.pdf,2026-08-26,25.2,25.24,
Klebsiella pneumoniae,levofloxacin,2023,647,3709,17.44,2023,Table 3.7,https://www.icmr.gov.in/icmrobject/uploads/Documents/1725536060_annual_report_2023.pdf,2026-08-26,17.44,17.44,
Klebsiella pneumoniae,levofloxacin,2023,647,3709,17.4,2024,Table 2.7,https://www.icmr.gov.in/icmrobject/uploads/Report/1763981012_icmramrsnannualreport2024.pdf,2026-08-26,17.4,17.44,
Klebsiella pneumoniae,levofloxacin,2024,1270,5113,24.8,2024,Table 2.7,https://www.icmr.gov.in/icmrobject/uploads/Report/1763981012_icmramrsnannualreport2024.pdf,2026-08-26,24.8,24.84,
Klebsiella pneumoniae,meropenem,2017,2478,5147,48.1,2022,Table 3.7,https://www.icmr.gov.in/icmrobject/custom_data/pdf/resource-guidelines/AMRSN_Annual_Report_2022.pdf,2026-08-26,48.1,48.14,
Klebsiella pneumoniae,meropenem,2017,2478,5147,48.1,2023,Table 3.7,https://www.icmr.gov.in/icmrobject/uploads/Documents/1725536060_annual_report_2023.pdf,2026-08-26,48.1,48.14,
Klebsiella pneumoniae,meropenem,2017,2478,5147,48.1,2024,Table 2.7,https://www.icmr.gov.in/icmrobject/uploads/Report/1763981012_icmramrsnannualreport2024.pdf,2026-08-26,48.1,48.14,
Klebsiella pneumoniae,meropenem,2018,3832,7591,50.5,2022,Table 3.7,https://www.icmr.gov.in/icmrobject/custom_data/pdf/resource-guidelines/AMRSN_Annual_Report_2022.pdf,2026-08-26,50.5,50.48,
Klebsiella pneumoniae,meropenem,2018,3832,7591,50.5,2023,Table 3.7,https://www.icmr.gov.in/icmrobject/uploads/Documents/1725536060_annual_report_2023.pdf,2026-08-26,50.5,50.48,
Klebsiella pneumoniae,meropenem,2018,3832,7591,50.5,2024,Table 2.7,https://www.icmr.gov.in/icmrobject/uploads/Report/1763981012_icmramrsnannualreport2024.pdf,2026-08-26,50.5,50.48,
Klebsiella pneumoniae,meropenem,2019,6081,12164,50.0,2022,Table 3.7,https://www.icmr.gov.in/icmrobject/custom_data/pdf/resource-guidelines/AMRSN_Annual_Report_2022.pdf,2026-08-26,50.0,49.99,
Klebsiella pneumoniae,meropenem,2019,6081,12164,50.0,2023,Table 3.7,https://www.icmr.gov.in/icmrobject/uploads/Documents/1725536060_annual_report_2023.pdf,2026-08-26,50.0,49.99,
Klebsiella pneumoniae,meropenem,2019,6081,12164,50.0,2024,Table 2.7,https://www.icmr.gov.in/icmrobject/uploads/Report/1763981012_icmramrsnannualreport2024.pdf,2026-08-26,50.0,49.99,
Klebsiella pneumoniae,meropenem,2020,3660,7771,47.1,2022,Table 3.7,https://www.icmr.gov.in/icmrobject/custom_data/pdf/resource-guidelines/AMRSN_Annual_Report_2022.pdf,2026-08-26,47.1,47.1,
Klebsiella pneumoniae,meropenem,2020,3660,7771,47.1,2023,Table 3.7,https://www.icmr.gov.in/icmrobject/uploads/Documents/1725536060_annual_report_2023.pdf,2026-08-26,47.1,47.1,
Klebsiella pneumoniae,meropenem,2020,3660,7771,47.1,2024,Table 2.7,https://www.icmr.gov.in/icmrobject/uploads/Report/1763981012_icmramrsnannualreport2024.pdf,2026-08-26,47.1,47.1,
Klebsiella pneumoniae,meropenem,2021,5707,12678,45.0,2022,Table 3.7,https://www.icmr.gov.in/icmrobject/custom_data/pdf/resource-guidelines/AMRSN_Annual_Report_2022.pdf,2026-08-26,45.0,45.01,
Klebsiella pneumoniae,meropenem,2021,5707,12678,45.0,2023,Table 3.7,https://www.icmr.gov.in/icmrobject/uploads/Documents/1725536060_annual_report_2023.pdf,2026-08-26,45.0,45.01,
Klebsiella pneumoniae,meropenem,2021,5707,12678,45.0,2024,Table 2.7,https://www.icmr.gov.in/icmrobject/uploads/Report/1763981012_icmramrsnannualreport2024.pdf,2026-08-26,45.0,45.01,
Klebsiella pneumoniae,meropenem,2022,6404,14619,43.8,2022,Table 3.7,https://www.icmr.gov.in/icmrobject/custom_data/pdf/resource-guidelines/AMRSN_Annual_Report_2022.pdf,2026-08-26,43.8,43.81,
Klebsiella pneumoniae,meropenem,2022,6404,14619,43.8,2023,Table 3.7,https://www.icmr.gov.in/icmrobject/uploads/Documents/1725536060_annual_report_2023.pdf,2026-08-26,43.8,43.81,
Klebsiella pneumoniae,meropenem,2022,6404,14619,43.8,2024,Table 2.7,https://www.icmr.gov.in/icmrobject/uploads/Report/1763981012_icmramrsnannualreport2024.pdf,2026-08-26,43.8,43.81,
Klebsiella pneumoniae,meropenem,2023,2764,7335,37.6,2023,Table 3.7,https://www.icmr.gov.in/icmrobject/uploads/Documents/1725536060_annual_report_2023.pdf,2026-08-26,37.6,37.68,
Klebsiella pneumoniae,meropenem,2023,2764,7335,37.6,2024,Table 2.7,https://www.icmr.gov.in/icmrobject/uploads/Report/1763981012_icmramrsnannualreport2024.pdf,2026-08-26,37.6,37.68,
Klebsiella pneumoniae,meropenem,2024,4276,12189,35.1,2024,Table 2.7,https://www.icmr.gov.in/icmrobject/uploads/Report/1763981012_icmramrsnannualreport2024.pdf,2026-08-26,35.1,35.08,
Klebsiella pneumoniae,piperacillin-tazobactam,2017,2207,5179,42.6,2022,Table 3.7,https://www.icmr.gov.in/icmrobject/custom_data/pdf/resource-guidelines/AMRSN_Annual_Report_2022.pdf,2026-08-26,42.6,42.61,
Klebsiella pneumoniae,piperacillin-tazobactam,2017,2207,5179,42.6,2023,Table 3.7,https://www.icmr.gov.in/icmrobject/uploads/Documents/1725536060_annual_report_2023.pdf,2026-08-26,42.6,42.61,
Klebsiella pneumoniae,piperacillin-tazobactam,2017,2207,5179,42.6,2024,Table 2.7,https://www.icmr.gov.in/icmrobject/uploads/Report/1763981012_icmramrsnannualreport2024.pdf,2026-08-26,42.6,42.61,
Klebsiella pneumoniae,piperacillin-tazobactam,2018,3256,8223,39.6,2022,Table 3.7,https://www.icmr.gov.in/icmrobject/custom_data/pdf/resource-guidelines/AMRSN_Annual_Report_2022.pdf,2026-08-26,39.6,39.6,
Klebsiella pneumoniae,piperacillin-tazobactam,2018,3256,8223,39.6,2023,Table 3.7,https://www.icmr.gov.in/icmrobject/uploads/Documents/1725536060_annual_report_2023.pdf,2026-08-26,39.6,39.6,
Klebsiella pneumoniae,piperacillin-tazobactam,2018,3256,8223,39.6,2024,Table 2.7,https://www.icmr.gov.in/icmrobject/uploads/Report/1763981012_icmramrsnannualreport2024.pdf,2026-08-26,39.6,39.6,
Klebsiella pneumoniae,piperacillin-tazobactam,2019,4872,12502,39.0,2022,Table 3.7,https://www.icmr.gov.in/icmrobject/custom_data/pdf/resource-guidelines/AMRSN_Annual_Report_2022.pdf,2026-08-26,39.0,38.97,
Klebsiella pneumoniae,piperacillin-tazobactam,2019,4872,12502,39.0,2023,Table 3.7,https://www.icmr.gov.in/icmrobject/uploads/Documents/1725536060_annual_report_2023.pdf,2026-08-26,39.0,38.97,
Klebsiella pneumoniae,piperacillin-tazobactam,2019,4872,12502,39.0,2024,Table 2.7,https://www.icmr.gov.in/icmrobject/uploads/Report/1763981012_icmramrsnannualreport2024.pdf,2026-08-26,39.0,38.97,
Klebsiella pneumoniae,piperacillin-tazobactam,2020,3165,8669,36.5,2022,Table 3.7,https://www.icmr.gov.in/icmrobject/custom_data/pdf/resource-guidelines/AMRSN_Annual_Report_2022.pdf,2026-08-26,36.5,36.51,
Klebsiella pneumoniae,piperacillin-tazobactam,2020,3165,8669,36.5,2023,Table 3.7,https://www.icmr.gov.in/icmrobject/uploads/Documents/1725536060_annual_report_2023.pdf,2026-08-26,36.5,36.51,
Klebsiella pneumoniae,piperacillin-tazobactam,2020,3165,8669,36.5,2024,Table 2.7,https://www.icmr.gov.in/icmrobject/uploads/Report/1763981012_icmramrsnannualreport2024.pdf,2026-08-26,36.5,36.51,
Klebsiella pneumoniae,piperacillin-tazobactam,2021,4393,13185,33.3,2022,Table 3.7,https://www.icmr.gov.in/icmrobject/custom_data/pdf/resource-guidelines/AMRSN_Annual_Report_2022.pdf,2026-08-26,33.3,33.32,
Klebsiella pneumoniae,piperacillin-tazobactam,2021,4393,13185,33.3,2023,Table 3.7,https://www.icmr.gov.in/icmrobject/uploads/Documents/1725536060_annual_report_2023.pdf,2026-08-26,33.3,33.32,
Klebsiella pneumoniae,piperacillin-tazobactam,2021,4393,13185,33.3,2024,Table 2.7,https://www.icmr.gov.in/icmrobject/uploads/Report/1763981012_icmramrsnannualreport2024.pdf,2026-08-26,33.3,33.32,
Klebsiella pneumoniae,piperacillin-tazobactam,2022,3300,14953,22.0,2022,Table 3.7,https://www.icmr.gov.in/icmrobject/custom_data/pdf/resource-guidelines/AMRSN_Annual_Report_2022.pdf,2026-08-26,22.0,22.07,
Klebsiella pneumoniae,piperacillin-tazobactam,2022,3300,14953,22.0,2023,Table 3.7,https://www.icmr.gov.in/icmrobject/uploads/Documents/1725536060_annual_report_2023.pdf,2026-08-26,22.0,22.07,
Klebsiella pneumoniae,piperacillin-tazobactam,2022,3300,14953,22.0,2024,Table 2.7,https://www.icmr.gov.in/icmrobject/uploads/Report/1763981012_icmramrsnannualreport2024.pdf,2026-08-26,22.0,22.07,
Klebsiella pneumoniae,piperacillin-tazobactam,2023,1939,7312,26.52,2023,Table 3.7,https://www.icmr.gov.in/icmrobject/uploads/Documents/1725536060_annual_report_2023.pdf,2026-08-26,26.52,26.52,
Klebsiella pneumoniae,piperacillin-tazobactam,2023,1939,7312,26.5,2024,Table 2.7,https://www.icmr.gov.in/icmrobject/uploads/Report/1763981012_icmramrsnannualreport2024.pdf,2026-08-26,26.5,26.52,
Klebsiella pneumoniae,piperacillin-tazobactam,2024,3024,11650,26.0,2024,Table 2.7,https://www.icmr.gov.in/icmrobject/uploads/Report/1763981012_icmramrsnannualreport2024.pdf,2026-08-26,26.0,25.96,
MRSA,cefoxitin,2017,0,1867,0.0,2022,Table 6.9,https://www.icmr.gov.in/icmrobject/custom_data/pdf/resource-guidelines/AMRSN_Annual_Report_2022.pdf,2026-08-26,0.0,0.0,
MRSA,cefoxitin,2017,0,1867,0.0,2023,Table 7.9,https://www.icmr.gov.in/icmrobject/uploads/Documents/1725536060_annual_report_2023.pdf,2026-08-26,0.0,0.0,
MRSA,cefoxitin,2017,0,1867,0.0,2024,Table 6.9,https://www.icmr.gov.in/icmrobject/uploads/Report/1763981012_icmramrsnannualreport2024.pdf,2026-08-26,0.0,0.0,
MRSA,cefoxitin,2018,0,3062,0.0,2022,Table 6.9,https://www.icmr.gov.in/icmrobject/custom_data/pdf/resource-guidelines/AMRSN_Annual_Report_2022.pdf,2026-08-26,0.0,0.0,
MRSA,cefoxitin,2018,0,3062,0.0,2023,Table 7.9,https://www.icmr.gov.in/icmrobject/uploads/Documents/1725536060_annual_report_2023.pdf,2026-08-26,0.0,0.0,
MRSA,cefoxitin,2018,0,3062,0.0,2024,Table 6.9,https://www.icmr.gov.in/icmrobject/uploads/Report/1763981012_icmramrsnannualreport2024.pdf,2026-08-26,0.0,0.0,
MRSA,cefoxitin,2019,0,4578,0.0,2022,Table 6.9,https://www.icmr.gov.in/icmrobject/custom_data/pdf/resource-guidelines/AMRSN_Annual_Report_2022.pdf,2026-08-26,0.0,0.0,
MRSA,cefoxitin,2019,0,4578,0.0,2023,Table 7.9,https://www.icmr.gov.in/icmrobject/uploads/Documents/1725536060_annual_report_2023.pdf,2026-08-26,0.0,0.0,
MRSA,cefoxitin,2019,0,4578,0.0,2024,Table 6.9,https://www.icmr.gov.in/icmrobject/uploads/Report/1763981012_icmramrsnannualreport2024.pdf,2026-08-26,0.0,0.0,
MRSA,cefoxitin,2020,0,2399,0.0,2022,Table 6.9,https://www.icmr.gov.in/icmrobject/custom_data/pdf/resource-guidelines/AMRSN_Annual_Report_2022.pdf,2026-08-26,0.0,0.0,
MRSA,cefoxitin,2020,0,2399,0.0,2023,Table 7.9,https://www.icmr.gov.in/icmrobject/uploads/Documents/1725536060_annual_report_2023.pdf,2026-08-26,0.0,0.0,
MRSA,cefoxitin,2020,0,2399,0.0,2024,Table 6.9,https://www.icmr.gov.in/icmrobject/uploads/Report/1763981012_icmramrsnannualreport2024.pdf,2026-08-26,0.0,0.0,
MRSA,cefoxitin,2021,24,2895,0.8,2022,Table 6.9,https://www.icmr.gov.in/icmrobject/custom_data/pdf/resource-guidelines/AMRSN_Annual_Report_2022.pdf,2026-08-26,0.8,0.83,
MRSA,cefoxitin,2021,24,2895,0.8,2023,Table 7.9,https://www.icmr.gov.in/icmrobject/uploads/Documents/1725536060_annual_report_2023.pdf,2026-08-26,0.8,0.83,
MRSA,cefoxitin,2021,24,2895,0.8,2024,Table 6.9,https://www.icmr.gov.in/icmrobject/uploads/Report/1763981012_icmramrsnannualreport2024.pdf,2026-08-26,0.8,0.83,
MRSA,cefoxitin,2022,0,3862,0.0,2022,Table 6.9,https://www.icmr.gov.in/icmrobject/custom_data/pdf/resource-guidelines/AMRSN_Annual_Report_2022.pdf,2026-08-26,0.0,0.0,
MRSA,cefoxitin,2022,132,3862,3.4,2023,Table 7.9,https://www.icmr.gov.in/icmrobject/uploads/Documents/1725536060_annual_report_2023.pdf,2026-08-26,3.4,3.42,
MRSA,cefoxitin,2022,132,3862,3.4,2024,Table 6.9,https://www.icmr.gov.in/icmrobject/uploads/Report/1763981012_icmramrsnannualreport2024.pdf,2026-08-26,3.4,3.42,
MRSA,cefoxitin,2023,0,3116,,2023,Table 7.9,https://www.icmr.gov.in/icmrobject/uploads/Documents/1725536060_annual_report_2023.pdf,2026-08-26,,0.0,pct_suppressed_in_source
MRSA,cefoxitin,2023,53,3116,1.7,2024,Table 6.9,https://www.icmr.gov.in/icmrobject/uploads/Report/1763981012_icmramrsnannualreport2024.pdf,2026-08-26,1.7,1.7,
MRSA,cefoxitin,2024,0,2505,0.0,2024,Table 6.9,https://www.icmr.gov.in/icmrobject/uploads/Report/1763981012_icmramrsnannualreport2024.pdf,2026-08-26,0.0,0.0,
MRSA,ciprofloxacin,2017,165,1718,9.6,2022,Table 6.9,https://www.icmr.gov.in/icmrobject/custom_data/pdf/resource-guidelines/AMRSN_Annual_Report_2022.pdf,2026-08-26,9.6,9.6,
MRSA,ciprofloxacin,2017,165,1718,9.6,2023,Table 7.9,https://www.icmr.gov.in/icmrobject/uploads/Documents/1725536060_annual_report_2023.pdf,2026-08-26,9.6,9.6,
MRSA,ciprofloxacin,2017,165,1718,9.6,2024,Table 6.9,https://www.icmr.gov.in/icmrobject/uploads/Report/1763981012_icmramrsnannualreport2024.pdf,2026-08-26,9.6,9.6,
MRSA,ciprofloxacin,2018,323,3222,10.0,2022,Table 6.9,https://www.icmr.gov.in/icmrobject/custom_data/pdf/resource-guidelines/AMRSN_Annual_Report_2022.pdf,2026-08-26,10.0,10.02,
MRSA,ciprofloxacin,2018,323,3222,10.0,2023,Table 7.9,https://www.icmr.gov.in/icmrobject/uploads/Documents/1725536060_annual_report_2023.pdf,2026-08-26,10.0,10.02,
MRSA,ciprofloxacin,2018,323,3222,10.0,2024,Table 6.9,https://www.icmr.gov.in/icmrobject/uploads/Report/1763981012_icmramrsnannualreport2024.pdf,2026-08-26,10.0,10.02,
MRSA,ciprofloxacin,2019,397,4654,8.5,2022,Table 6.9,https://www.icmr.gov.in/icmrobject/custom_data/pdf/resource-guidelines/AMRSN_Annual_Report_2022.pdf,2026-08-26,8.5,8.53,
MRSA,ciprofloxacin,2019,397,4654,8.5,2023,Table 7.9,https://www.icmr.gov.in/icmrobject/uploads/Documents/1725536060_annual_report_2023.pdf,2026-08-26,8.5,8.53,
MRSA,ciprofloxacin,2019,397,4654,8.5,2024,Table 6.9,https://www.icmr.gov.in/icmrobject/uploads/Report/1763981012_icmramrsnannualreport2024.pdf,2026-08-26,8.5,8.53,
MRSA,ciprofloxacin,2020,204,2417,8.4,2022,Table 6.9,https://www.icmr.gov.in/icmrobject/custom_data/pdf/resource-guidelines/AMRSN_Annual_Report_2022.pdf,2026-08-26,8.4,8.44,
MRSA,ciprofloxacin,2020,204,2417,8.4,2023,Table 7.9,https://www.icmr.gov.in/icmrobject/uploads/Documents/1725536060_annual_report_2023.pdf,2026-08-26,8.4,8.44,
MRSA,ciprofloxacin,2020,204,2417,8.4,2024,Table 6.9,https://www.icmr.gov.in/icmrobject/uploads/Report/1763981012_icmramrsnannualreport2024.pdf,2026-08-26,8.4,8.44,
MRSA,ciprofloxacin,2021,328,3257,10.1,2022,Table 6.9,https://www.icmr.gov.in/icmrobject/custom_data/pdf/resource-guidelines/AMRSN_Annual_Report_2022.pdf,2026-08-26,10.1,10.07,
MRSA,ciprofloxacin,2021,328,3257,10.1,2023,Table 7.9,https://www.icmr.gov.in/icmrobject/uploads/Documents/1725536060_annual_report_2023.pdf,2026-08-26,10.1,10.07,
MRSA,ciprofloxacin,2021,328,3257,10.1,2024,Table 6.9,https://www.icmr.gov.in/icmrobject/uploads/Report/1763981012_icmramrsnannualreport2024.pdf,2026-08-26,10.1,10.07,
MRSA,ciprofloxacin,2022,524,4096,12.8,2022,Table 6.9,https://www.icmr.gov.in/icmrobject/custom_data/pdf/resource-guidelines/AMRSN_Annual_Report_2022.pdf,2026-08-26,12.8,12.79,
MRSA,ciprofloxacin,2022,524,4096,12.8,2023,Table 7.9,https://www.icmr.gov.in/icmrobject/uploads/Documents/1725536060_annual_report_2023.pdf,2026-08-26,12.8,12.79,
MRSA,ciprofloxacin,2022,524,4096,12.8,2024,Table 6.9,https://www.icmr.gov.in/icmrobject/uploads/Report/1763981012_icmramrsnannualreport2024.pdf,2026-08-26,12.8,12.79,
MRSA,ciprofloxacin,2023,404,4311,9.4,2023,Table 7.9,https://www.icmr.gov.in/icmrobject/uploads/Documents/1725536060_annual_report_2023.pdf,2026-08-26,9.4,9.37,
MRSA,ciprofloxacin,2023,404,4311,9.4,2024,Table 6.9,https://www.icmr.gov.in/icmrobject/uploads/Report/1763981012_icmramrsnannualreport2024.pdf,2026-08-26,9.4,9.37,
MRSA,ciprofloxacin,2024,454,4104,11.1,2024,Table 6.9,https://www.icmr.gov.in/icmrobject/uploads/Report/1763981012_icmramrsnannualreport2024.pdf,2026-08-26,11.1,11.06,
MRSA,clindamycin,2017,1067,1802,59.2,2022,Table 6.9,https://www.icmr.gov.in/icmrobject/custom_data/pdf/resource-guidelines/AMRSN_Annual_Report_2022.pdf,2026-08-26,59.2,59.21,
MRSA,clindamycin,2017,1067,1802,59.2,2023,Table 7.9,https://www.icmr.gov.in/icmrobject/uploads/Documents/1725536060_annual_report_2023.pdf,2026-08-26,59.2,59.21,
MRSA,clindamycin,2017,1067,1802,59.2,2024,Table 6.9,https://www.icmr.gov.in/icmrobject/uploads/Report/1763981012_icmramrsnannualreport2024.pdf,2026-08-26,59.2,59.21,
MRSA,clindamycin,2018,2083,3373,61.8,2022,Table 6.9,https://www.icmr.gov.in/icmrobject/custom_data/pdf/resource-guidelines/AMRSN_Annual_Report_2022.pdf,2026-08-26,61.8,61.76,
MRSA,clindamycin,2018,2083,3373,61.8,2023,Table 7.9,https://www.icmr.gov.in/icmrobject/uploads/Documents/1725536060_annual_report_2023.pdf,2026-08-26,61.8,61.76,
MRSA,clindamycin,2018,2083,3373,61.8,2024,Table 6.9,https://www.icmr.gov.in/icmrobject/uploads/Report/1763981012_icmramrsnannualreport2024.pdf,2026-08-26,61.8,61.76,
MRSA,clindamycin,2019,3248,5044,64.4,2022,Table 6.9,https://www.icmr.gov.in/icmrobject/custom_data/pdf/resource-guidelines/AMRSN_Annual_Report_2022.pdf,2026-08-26,64.4,64.39,
MRSA,clindamycin,2019,3248,5044,64.4,2023,Table 7.9,https://www.icmr.gov.in/icmrobject/uploads/Documents/1725536060_annual_report_2023.pdf,2026-08-26,64.4,64.39,
MRSA,clindamycin,2019,3248,5044,64.4,2024,Table 6.9,https://www.icmr.gov.in/icmrobject/uploads/Report/1763981012_icmramrsnannualreport2024.pdf,2026-08-26,64.4,64.39,
MRSA,clindamycin,2020,1598,2497,64.0,2022,Table 6.9,https://www.icmr.gov.in/icmrobject/custom_data/pdf/resource-guidelines/AMRSN_Annual_Report_2022.pdf,2026-08-26,64.0,64.0,
MRSA,clindamycin,2020,1598,2497,64.0,2023,Table 7.9,https://www.icmr.gov.in/icmrobject/uploads/Documents/1725536060_annual_report_2023.pdf,2026-08-26,64.0,64.0,
MRSA,clindamycin,2020,1598,2497,64.0,2024,Table 6.9,https://www.icmr.gov.in/icmrobject/uploads/Report/1763981012_icmramrsnannualreport2024.pdf,2026-08-26,64.0,64.0,
MRSA,clindamycin,2021,2228,3362,66.3,2022,Table 6.9,https://www.icmr.gov.in/icmrobject/custom_data/pdf/resource-guidelines/AMRSN_Annual_Report_2022.pdf,2026-08-26,66.3,66.27,
MRSA,clindamycin,2021,2228,3362,66.3,2023,Table 7.9,https://www.icmr.gov.in/icmrobject/uploads/Documents/1725536060_annual_report_2023.pdf,2026-08-26,66.3,66.27,
MRSA,clindamycin,2021,2228,3362,66.3,2024,Table 6.9,https://www.icmr.gov.in/icmrobject/uploads/Report/1763981012_icmramrsnannualreport2024.pdf,2026-08-26,66.3,66.27,
MRSA,clindamycin,2022,2671,4181,63.9,2022,Table 6.9,https://www.icmr.gov.in/icmrobject/custom_data/pdf/resource-guidelines/AMRSN_Annual_Report_2022.pdf,2026-08-26,63.9,63.88,
MRSA,clindamycin,2022,2671,4181,63.9,2023,Table 7.9,https://www.icmr.gov.in/icmrobject/uploads/Documents/1725536060_annual_report_2023.pdf,2026-08-26,63.9,63.88,
MRSA,clindamycin,2022,2671,4181,63.9,2024,Table 6.9,https://www.icmr.gov.in/icmrobject/uploads/Report/1763981012_icmramrsnannualreport2024.pdf,2026-08-26,63.9,63.88,
MRSA,clindamycin,2023,2653,4280,62.0,2023,Table 7.9,https://www.icmr.gov.in/icmrobject/uploads/Documents/1725536060_annual_report_2023.pdf,2026-08-26,62.0,61.99,
MRSA,clindamycin,2023,2653,4280,62.0,2024,Table 6.9,https://www.icmr.gov.in/icmrobject/uploads/Report/1763981012_icmramrsnannualreport2024.pdf,2026-08-26,62.0,61.99,
MRSA,clindamycin,2024,2670,4132,64.6,2024,Table 6.9,https://www.icmr.gov.in/icmrobject/uploads/Report/1763981012_icmramrsnannualreport2024.pdf,2026-08-26,64.6,64.62,
MRSA,cotrimoxazole,2017,851,1332,63.9,2022,Table 6.9,https://www.icmr.gov.in/icmrobject/custom_data/pdf/resource-guidelines/AMRSN_Annual_Report_2022.pdf,2026-08-26,63.9,63.89,
MRSA,cotrimoxazole,2017,851,1332,63.9,2023,Table 7.9,https://www.icmr.gov.in/icmrobject/uploads/Documents/1725536060_annual_report_2023.pdf,2026-08-26,63.9,63.89,
MRSA,cotrimoxazole,2018,1701,3006,56.6,2022,Table 6.9,https://www.icmr.gov.in/icmrobject/custom_data/pdf/resource-guidelines/AMRSN_Annual_Report_2022.pdf,2026-08-26,56.6,56.59,
MRSA,cotrimoxazole,2018,1701,3006,56.6,2023,Table 7.9,https://www.icmr.gov.in/icmrobject/uploads/Documents/1725536060_annual_report_2023.pdf,2026-08-26,56.6,56.59,
MRSA,cotrimoxazole,2019,3127,4848,64.5,2022,Table 6.9,https://www.icmr.gov.in/icmrobject/custom_data/pdf/resource-guidelines/AMRSN_Annual_Report_2022.pdf,2026-08-26,64.5,64.5,
MRSA,cotrimoxazole,2019,3127,4848,64.5,2023,Table 7.9,https://www.icmr.gov.in/icmrobject/uploads/Documents/1725536060_annual_report_2023.pdf,2026-08-26,64.5,64.5,
MRSA,cotrimoxazole,2020,1484,2449,60.6,2022,Table 6.9,https://www.icmr.gov.in/icmrobject/custom_data/pdf/resource-guidelines/AMRSN_Annual_Report_2022.pdf,2026-08-26,60.6,60.6,
MRSA,cotrimoxazole,2020,1484,2449,60.6,2023,Table 7.9,https://www.icmr.gov.in/icmrobject/uploads/Documents/1725536060_annual_report_2023.pdf,2026-08-26,60.6,60.6,
MRSA,cotrimoxazole,2021,1796,2961,60.7,2022,Table 6.9,https://www.icmr.gov.in/icmrobject/custom_data/pdf/resource-guidelines/AMRSN_Annual_Report_2022.pdf,2026-08-26,60.7,60.66,
MRSA,cotrimoxazole,2021,1796,2961,60.7,2023,Table 7.9,https://www.icmr.gov.in/icmrobject/uploads/Documents/1725536060_annual_report_2023.pdf,2026-08-26,60.7,60.66,
MRSA,cotrimoxazole,2022,2771,4013,69.1,2022,Table 6.9,https://www.icmr.gov.in/icmrobject/custom_data/pdf/resource-guidelines/AMRSN_Annual_Report_2022.pdf,2026-08-26,69.1,69.05,
MRSA,cotrimoxazole,2022,2771,4013,69.1,2023,Table 7.9,https://www.icmr.gov.in/icmrobject/uploads/Documents/1725536060_annual_report_2023.pdf,2026-08-26,69.1,69.05,
MRSA,cotrimoxazole,2023,2792,4311,64.8,2023,Table 7.9,https://www.icmr.gov.in/icmrobject/uploads/Documents/1725536060_annual_report_2023.pdf,2026-08-26,64.8,64.76,
MRSA,erythromycin,2017,494,1813,27.2,2022,Table 6.9,https://www.icmr.gov.in/icmrobject/custom_data/pdf/resource-guidelines/AMRSN_Annual_Report_2022.pdf,2026-08-26,27.2,27.25,
MRSA,erythromycin,2017,494,1813,27.2,2023,Table 7.9,https://www.icmr.gov.in/icmrobject/uploads/Documents/1725536060_annual_report_2023.pdf,2026-08-26,27.2,27.25,
MRSA,erythromycin,2017,494,1813,27.2,2024,Table 6.9,https://www.icmr.gov.in/icmrobject/uploads/Report/1763981012_icmramrsnannualreport2024.pdf,2026-08-26,27.2,27.25,
MRSA,erythromycin,2018,822,3228,25.5,2022,Table 6.9,https://www.icmr.gov.in/icmrobject/custom_data/pdf/resource-guidelines/AMRSN_Annual_Report_2022.pdf,2026-08-26,25.5,25.46,
MRSA,erythromycin,2018,822,3228,25.5,2023,Table 7.9,https://www.icmr.gov.in/icmrobject/uploads/Documents/1725536060_annual_report_2023.pdf,2026-08-26,25.5,25.46,
MRSA,erythromycin,2018,822,3228,25.5,2024,Table 6.9,https://www.icmr.gov.in/icmrobject/uploads/Report/1763981012_icmramrsnannualreport2024.pdf,2026-08-26,25.5,25.46,
MRSA,erythromycin,2019,1251,4988,25.1,2022,Table 6.9,https://www.icmr.gov.in/icmrobject/custom_data/pdf/resource-guidelines/AMRSN_Annual_Report_2022.pdf,2026-08-26,25.1,25.08,
MRSA,erythromycin,2019,1251,4988,25.1,2023,Table 7.9,https://www.icmr.gov.in/icmrobject/uploads/Documents/1725536060_annual_report_2023.pdf,2026-08-26,25.1,25.08,
MRSA,erythromycin,2019,1251,4988,25.1,2024,Table 6.9,https://www.icmr.gov.in/icmrobject/uploads/Report/1763981012_icmramrsnannualreport2024.pdf,2026-08-26,25.1,25.08,
MRSA,erythromycin,2020,621,2490,24.9,2022,Table 6.9,https://www.icmr.gov.in/icmrobject/custom_data/pdf/resource-guidelines/AMRSN_Annual_Report_2022.pdf,2026-08-26,24.9,24.94,
MRSA,erythromycin,2020,621,2490,24.9,2023,Table 7.9,https://www.icmr.gov.in/icmrobject/uploads/Documents/1725536060_annual_report_2023.pdf,2026-08-26,24.9,24.94,
MRSA,erythromycin,2020,621,2490,24.9,2024,Table 6.9,https://www.icmr.gov.in/icmrobject/uploads/Report/1763981012_icmramrsnannualreport2024.pdf,2026-08-26,24.9,24.94,
MRSA,erythromycin,2021,917,3274,28.0,2022,Table 6.9,https://www.icmr.gov.in/icmrobject/custom_data/pdf/resource-guidelines/AMRSN_Annual_Report_2022.pdf,2026-08-26,28.0,28.01,
MRSA,erythromycin,2021,917,3274,28.0,2023,Table 7.9,https://www.icmr.gov.in/icmrobject/uploads/Documents/1725536060_annual_report_2023.pdf,2026-08-26,28.0,28.01,
MRSA,erythromycin,2021,917,3274,28.0,2024,Table 6.9,https://www.icmr.gov.in/icmrobject/uploads/Report/1763981012_icmramrsnannualreport2024.pdf,2026-08-26,28.0,28.01,
MRSA,erythromycin,2022,1009,4230,23.9,2022,Table 6.9,https://www.icmr.gov.in/icmrobject/custom_data/pdf/resource-guidelines/AMRSN_Annual_Report_2022.pdf,2026-08-26,23.9,23.85,
MRSA,erythromycin,2022,1009,4230,23.9,2023,Table 7.9,https://www.icmr.gov.in/icmrobject/uploads/Documents/1725536060_annual_report_2023.pdf,2026-08-26,23.9,23.85,
MRSA,erythromycin,2022,1009,4230,23.9,2024,Table 6.9,https://www.icmr.gov.in/icmrobject/uploads/Report/1763981012_icmramrsnannualreport2024.pdf,2026-08-26,23.9,23.85,
MRSA,erythromycin,2023,927,3834,24.2,2023,Table 7.9,https://www.icmr.gov.in/icmrobject/uploads/Documents/1725536060_annual_report_2023.pdf,2026-08-26,24.2,24.18,
MRSA,erythromycin,2023,927,3834,24.2,2024,Table 6.9,https://www.icmr.gov.in/icmrobject/uploads/Report/1763981012_icmramrsnannualreport2024.pdf,2026-08-26,24.2,24.18,
MRSA,erythromycin,2024,1059,4153,25.5,2024,Table 6.9,https://www.icmr.gov.in/icmrobject/uploads/Report/1763981012_icmramrsnannualreport2024.pdf,2026-08-26,25.5,25.5,
MRSA,linezolid,2017,1779,1794,99.2,2022,Table 6.9,https://www.icmr.gov.in/icmrobject/custom_data/pdf/resource-guidelines/AMRSN_Annual_Report_2022.pdf,2026-08-26,99.2,99.16,
MRSA,linezolid,2017,1779,1794,99.2,2023,Table 7.9,https://www.icmr.gov.in/icmrobject/uploads/Documents/1725536060_annual_report_2023.pdf,2026-08-26,99.2,99.16,
MRSA,linezolid,2018,3228,3296,97.9,2022,Table 6.9,https://www.icmr.gov.in/icmrobject/custom_data/pdf/resource-guidelines/AMRSN_Annual_Report_2022.pdf,2026-08-26,97.9,97.94,
MRSA,linezolid,2018,3228,3296,97.9,2023,Table 7.9,https://www.icmr.gov.in/icmrobject/uploads/Documents/1725536060_annual_report_2023.pdf,2026-08-26,97.9,97.94,
MRSA,linezolid,2019,4936,5001,98.7,2022,Table 6.9,https://www.icmr.gov.in/icmrobject/custom_data/pdf/resource-guidelines/AMRSN_Annual_Report_2022.pdf,2026-08-26,98.7,98.7,
MRSA,linezolid,2019,4936,5001,98.7,2023,Table 7.9,https://www.icmr.gov.in/icmrobject/uploads/Documents/1725536060_annual_report_2023.pdf,2026-08-26,98.7,98.7,
MRSA,linezolid,2020,2476,2500,99.0,2022,Table 6.9,https://www.icmr.gov.in/icmrobject/custom_data/pdf/resource-guidelines/AMRSN_Annual_Report_2022.pdf,2026-08-26,99.0,99.04,
MRSA,linezolid,2020,2476,2500,99.0,2023,Table 7.9,https://www.icmr.gov.in/icmrobject/uploads/Documents/1725536060_annual_report_2023.pdf,2026-08-26,99.0,99.04,
MRSA,linezolid,2021,3317,3319,99.9,2022,Table 6.9,https://www.icmr.gov.in/icmrobject/custom_data/pdf/resource-guidelines/AMRSN_Annual_Report_2022.pdf,2026-08-26,99.9,99.94,
MRSA,linezolid,2021,3317,3319,99.9,2023,Table 7.9,https://www.icmr.gov.in/icmrobject/uploads/Documents/1725536060_annual_report_2023.pdf,2026-08-26,99.9,99.94,
MRSA,linezolid,2022,4084,4173,97.9,2022,Table 6.9,https://www.icmr.gov.in/icmrobject/custom_data/pdf/resource-guidelines/AMRSN_Annual_Report_2022.pdf,2026-08-26,97.9,97.87,
MRSA,linezolid,2022,4084,4173,97.9,2023,Table 7.9,https://www.icmr.gov.in/icmrobject/uploads/Documents/1725536060_annual_report_2023.pdf,2026-08-26,97.9,97.87,
MRSA,linezolid,2023,4266,4311,99.0,2023,Table 7.9,https://www.icmr.gov.in/icmrobject/uploads/Documents/1725536060_annual_report_2023.pdf,2026-08-26,99.0,98.96,
MRSA,oxacillin,2017,8,132,6.1,2022,Table 6.9,https://www.icmr.gov.in/icmrobject/custom_data/pdf/resource-guidelines/AMRSN_Annual_Report_2022.pdf,2026-08-26,6.1,6.06,
MRSA,oxacillin,2017,8,132,6.1,2023,Table 7.9,https://www.icmr.gov.in/icmrobject/uploads/Documents/1725536060_annual_report_2023.pdf,2026-08-26,6.1,6.06,
MRSA,oxacillin,2017,8,132,6.1,2024,Table 6.9,https://www.icmr.gov.in/icmrobject/uploads/Report/1763981012_icmramrsnannualreport2024.pdf,2026-08-26,6.1,6.06,
MRSA,oxacillin,2018,31,1009,3.1,2022,Table 6.9,https://www.icmr.gov.in/icmrobject/custom_data/pdf/resource-guidelines/AMRSN_Annual_Report_2022.pdf,2026-08-26,3.1,3.07,
MRSA,oxacillin,2018,31,1009,3.1,2023,Table 7.9,https://www.icmr.gov.in/icmrobject/uploads/Documents/1725536060_annual_report_2023.pdf,2026-08-26,3.1,3.07,
MRSA,oxacillin,2018,31,1009,3.1,2024,Table 6.9,https://www.icmr.gov.in/icmrobject/uploads/Report/1763981012_icmramrsnannualreport2024.pdf,2026-08-26,3.1,3.07,
MRSA,oxacillin,2019,85,1578,5.4,2022,Table 6.9,https://www.icmr.gov.in/icmrobject/custom_data/pdf/resource-guidelines/AMRSN_Annual_Report_2022.pdf,2026-08-26,5.4,5.39,
MRSA,oxacillin,2019,85,1578,5.4,2023,Table 7.9,https://www.icmr.gov.in/icmrobject/uploads/Documents/1725536060_annual_report_2023.pdf,2026-08-26,5.4,5.39,
MRSA,oxacillin,2019,85,1578,5.4,2024,Table 6.9,https://www.icmr.gov.in/icmrobject/uploads/Report/1763981012_icmramrsnannualreport2024.pdf,2026-08-26,5.4,5.39,
MRSA,oxacillin,2020,40,769,5.2,2022,Table 6.9,https://www.icmr.gov.in/icmrobject/custom_data/pdf/resource-guidelines/AMRSN_Annual_Report_2022.pdf,2026-08-26,5.2,5.2,
MRSA,oxacillin,2020,40,769,5.2,2023,Table 7.9,https://www.icmr.gov.in/icmrobject/uploads/Documents/1725536060_annual_report_2023.pdf,2026-08-26,5.2,5.2,
MRSA,oxacillin,2020,40,769,5.2,2024,Table 6.9,https://www.icmr.gov.in/icmrobject/uploads/Report/1763981012_icmramrsnannualreport2024.pdf,2026-08-26,5.2,5.2,
MRSA,oxacillin,2021,41,1286,3.2,2022,Table 6.9,https://www.icmr.gov.in/icmrobject/custom_data/pdf/resource-guidelines/AMRSN_Annual_Report_2022.pdf,2026-08-26,3.2,3.19,
MRSA,oxacillin,2021,41,1286,3.2,2023,Table 7.9,https://www.icmr.gov.in/icmrobject/uploads/Documents/1725536060_annual_report_2023.pdf,2026-08-26,3.2,3.19,
MRSA,oxacillin,2021,41,1286,3.2,2024,Table 6.9,https://www.icmr.gov.in/icmrobject/uploads/Report/1763981012_icmramrsnannualreport2024.pdf,2026-08-26,3.2,3.19,
MRSA,oxacillin,2022,0,1366,0.0,2022,Table 6.9,https://www.icmr.gov.in/icmrobject/custom_data/pdf/resource-guidelines/AMRSN_Annual_Report_2022.pdf,2026-08-26,0.0,0.0,
MRSA,oxacillin,2022,39,1366,2.9,2023,Table 7.9,https://www.icmr.gov.in/icmrobject/uploads/Documents/1725536060_annual_report_2023.pdf,2026-08-26,2.9,2.86,
MRSA,oxacillin,2022,39,1366,2.9,2024,Table 6.9,https://www.icmr.gov.in/icmrobject/uploads/Report/1763981012_icmramrsnannualreport2024.pdf,2026-08-26,2.9,2.86,
MRSA,oxacillin,2023,0,2383,,2023,Table 7.9,https://www.icmr.gov.in/icmrobject/uploads/Documents/1725536060_annual_report_2023.pdf,2026-08-26,,0.0,pct_suppressed_in_source
MRSA,oxacillin,2023,48,2383,2.0,2024,Table 6.9,https://www.icmr.gov.in/icmrobject/uploads/Report/1763981012_icmramrsnannualreport2024.pdf,2026-08-26,2.0,2.01,
MRSA,oxacillin,2024,0,2908,0.0,2024,Table 6.9,https://www.icmr.gov.in/icmrobject/uploads/Report/1763981012_icmramrsnannualreport2024.pdf,2026-08-26,0.0,0.0,
MRSA,teicoplanin,2017,1719,1735,99.1,2022,Table 6.9,https://www.icmr.gov.in/icmrobject/custom_data/pdf/resource-guidelines/AMRSN_Annual_Report_2022.pdf,2026-08-26,99.1,99.08,
MRSA,teicoplanin,2017,1719,1735,99.1,2023,Table 7.9,https://www.icmr.gov.in/icmrobject/uploads/Documents/1725536060_annual_report_2023.pdf,2026-08-26,99.1,99.08,
MRSA,teicoplanin,2017,1719,1735,99.1,2024,Table 6.9,https://www.icmr.gov.in/icmrobject/uploads/Report/1763981012_icmramrsnannualreport2024.pdf,2026-08-26,99.1,99.08,
MRSA,teicoplanin,2018,2848,2956,96.3,2022,Table 6.9,https://www.icmr.gov.in/icmrobject/custom_data/pdf/resource-guidelines/AMRSN_Annual_Report_2022.pdf,2026-08-26,96.3,96.35,
MRSA,teicoplanin,2018,2848,2956,96.3,2023,Table 7.9,https://www.icmr.gov.in/icmrobject/uploads/Documents/1725536060_annual_report_2023.pdf,2026-08-26,96.3,96.35,
MRSA,teicoplanin,2018,2848,2956,96.3,2024,Table 6.9,https://www.icmr.gov.in/icmrobject/uploads/Report/1763981012_icmramrsnannualreport2024.pdf,2026-08-26,96.3,96.35,
MRSA,teicoplanin,2019,2729,2775,98.3,2022,Table 6.9,https://www.icmr.gov.in/icmrobject/custom_data/pdf/resource-guidelines/AMRSN_Annual_Report_2022.pdf,2026-08-26,98.3,98.34,
MRSA,teicoplanin,2019,2729,2775,98.3,2023,Table 7.9,https://www.icmr.gov.in/icmrobject/uploads/Documents/1725536060_annual_report_2023.pdf,2026-08-26,98.3,98.34,
MRSA,teicoplanin,2019,2729,2775,98.3,2024,Table 6.9,https://www.icmr.gov.in/icmrobject/uploads/Report/1763981012_icmramrsnannualreport2024.pdf,2026-08-26,98.3,98.34,
MRSA,teicoplanin,2020,948,953,99.5,2022,Table 6.9,https://www.icmr.gov.in/icmrobject/custom_data/pdf/resource-guidelines/AMRSN_Annual_Report_2022.pdf,2026-08-26,99.5,99.48,
MRSA,teicoplanin,2020,948,953,99.5,2023,Table 7.9,https://www.icmr.gov.in/icmrobject/uploads/Documents/1725536060_annual_report_2023.pdf,2026-08-26,99.5,99.48,
MRSA,teicoplanin,2020,948,953,99.5,2024,Table 6.9,https://www.icmr.gov.in/icmrobject/uploads/Report/1763981012_icmramrsnannualreport2024.pdf,2026-08-26,99.5,99.48,
MRSA,teicoplanin,2021,1369,1370,99.9,2022,Table 6.9,https://www.icmr.gov.in/icmrobject/custom_data/pdf/resource-guidelines/AMRSN_Annual_Report_2022.pdf,2026-08-26,99.9,99.93,
MRSA,teicoplanin,2021,1369,1370,99.9,2023,Table 7.9,https://www.icmr.gov.in/icmrobject/uploads/Documents/1725536060_annual_report_2023.pdf,2026-08-26,99.9,99.93,
MRSA,teicoplanin,2021,1369,1370,99.9,2024,Table 6.9,https://www.icmr.gov.in/icmrobject/uploads/Report/1763981012_icmramrsnannualreport2024.pdf,2026-08-26,99.9,99.93,
MRSA,teicoplanin,2022,1690,1700,99.4,2022,Table 6.9,https://www.icmr.gov.in/icmrobject/custom_data/pdf/resource-guidelines/AMRSN_Annual_Report_2022.pdf,2026-08-26,99.4,99.41,
MRSA,teicoplanin,2022,1690,1700,99.4,2023,Table 7.9,https://www.icmr.gov.in/icmrobject/uploads/Documents/1725536060_annual_report_2023.pdf,2026-08-26,99.4,99.41,
MRSA,teicoplanin,2022,1690,1700,99.4,2024,Table 6.9,https://www.icmr.gov.in/icmrobject/uploads/Report/1763981012_icmramrsnannualreport2024.pdf,2026-08-26,99.4,99.41,
MRSA,teicoplanin,2023,2402,2402,100.0,2023,Table 7.9,https://www.icmr.gov.in/icmrobject/uploads/Documents/1725536060_annual_report_2023.pdf,2026-08-26,100.0,100.0,
MRSA,teicoplanin,2023,2397,2402,99.8,2024,Table 6.9,https://www.icmr.gov.in/icmrobject/uploads/Report/1763981012_icmramrsnannualreport2024.pdf,2026-08-26,99.8,99.79,
MRSA,teicoplanin,2024,1626,1626,100.0,2024,Table 6.9,https://www.icmr.gov.in/icmrobject/uploads/Report/1763981012_icmramrsnannualreport2024.pdf,2026-08-26,100.0,100.0,
MRSA,tetracycline,2017,983,1193,82.4,2022,Table 6.9,https://www.icmr.gov.in/icmrobject/custom_data/pdf/resource-guidelines/AMRSN_Annual_Report_2022.pdf,2026-08-26,82.4,82.4,
MRSA,tetracycline,2017,983,1193,82.4,2023,Table 7.9,https://www.icmr.gov.in/icmrobject/uploads/Documents/1725536060_annual_report_2023.pdf,2026-08-26,82.4,82.4,
MRSA,tetracycline,2017,983,1193,82.4,2024,Table 6.9,https://www.icmr.gov.in/icmrobject/uploads/Report/1763981012_icmramrsnannualreport2024.pdf,2026-08-26,82.4,82.4,
MRSA,tetracycline,2018,2397,2859,83.8,2022,Table 6.9,https://www.icmr.gov.in/icmrobject/custom_data/pdf/resource-guidelines/AMRSN_Annual_Report_2022.pdf,2026-08-26,83.8,83.84,
MRSA,tetracycline,2018,2397,2859,83.8,2023,Table 7.9,https://www.icmr.gov.in/icmrobject/uploads/Documents/1725536060_annual_report_2023.pdf,2026-08-26,83.8,83.84,
MRSA,tetracycline,2018,2397,2859,83.8,2024,Table 6.9,https://www.icmr.gov.in/icmrobject/uploads/Report/1763981012_icmramrsnannualreport2024.pdf,2026-08-26,83.8,83.84,
MRSA,tetracycline,2019,3829,4473,85.6,2022,Table 6.9,https://www.icmr.gov.in/icmrobject/custom_data/pdf/resource-guidelines/AMRSN_Annual_Report_2022.pdf,2026-08-26,85.6,85.6,
MRSA,tetracycline,2019,3829,4473,85.6,2023,Table 7.9,https://www.icmr.gov.in/icmrobject/uploads/Documents/1725536060_annual_report_2023.pdf,2026-08-26,85.6,85.6,
MRSA,tetracycline,2019,3829,4473,85.6,2024,Table 6.9,https://www.icmr.gov.in/icmrobject/uploads/Report/1763981012_icmramrsnannualreport2024.pdf,2026-08-26,85.6,85.6,
MRSA,tetracycline,2020,1885,2223,84.8,2022,Table 6.9,https://www.icmr.gov.in/icmrobject/custom_data/pdf/resource-guidelines/AMRSN_Annual_Report_2022.pdf,2026-08-26,84.8,84.8,
MRSA,tetracycline,2020,1885,2223,84.8,2023,Table 7.9,https://www.icmr.gov.in/icmrobject/uploads/Documents/1725536060_annual_report_2023.pdf,2026-08-26,84.8,84.8,
MRSA,tetracycline,2020,1885,2223,84.8,2024,Table 6.9,https://www.icmr.gov.in/icmrobject/uploads/Report/1763981012_icmramrsnannualreport2024.pdf,2026-08-26,84.8,84.8,
MRSA,tetracycline,2021,2348,2772,84.7,2022,Table 6.9,https://www.icmr.gov.in/icmrobject/custom_data/pdf/resource-guidelines/AMRSN_Annual_Report_2022.pdf,2026-08-26,84.7,84.7,
MRSA,tetracycline,2021,2348,2772,84.7,2023,Table 7.9,https://www.icmr.gov.in/icmrobject/uploads/Documents/1725536060_annual_report_2023.pdf,2026-08-26,84.7,84.7,
MRSA,tetracycline,2021,2348,2772,84.7,2024,Table 6.9,https://www.icmr.gov.in/icmrobject/uploads/Report/1763981012_icmramrsnannualreport2024.pdf,2026-08-26,84.7,84.7,
MRSA,tetracycline,2022,3007,3782,79.5,2022,Table 6.9,https://www.icmr.gov.in/icmrobject/custom_data/pdf/resource-guidelines/AMRSN_Annual_Report_2022.pdf,2026-08-26,79.5,79.51,
MRSA,tetracycline,2022,3007,3782,79.5,2023,Table 7.9,https://www.icmr.gov.in/icmrobject/uploads/Documents/1725536060_annual_report_2023.pdf,2026-08-26,79.5,79.51,
MRSA,tetracycline,2022,3007,3782,79.5,2024,Table 6.9,https://www.icmr.gov.in/icmrobject/uploads/Report/1763981012_icmramrsnannualreport2024.pdf,2026-08-26,79.5,79.51,
MRSA,tetracycline,2023,2389,2978,80.2,2023,Table 7.9,https://www.icmr.gov.in/icmrobject/uploads/Documents/1725536060_annual_report_2023.pdf,2026-08-26,80.2,80.22,
MRSA,tetracycline,2023,2389,2978,80.2,2024,Table 6.9,https://www.icmr.gov.in/icmrobject/uploads/Report/1763981012_icmramrsnannualreport2024.pdf,2026-08-26,80.2,80.22,
MRSA,tetracycline,2024,2000,2321,86.2,2024,Table 6.9,https://www.icmr.gov.in/icmrobject/uploads/Report/1763981012_icmramrsnannualreport2024.pdf,2026-08-26,86.2,86.17,
MRSA,tigecycline,2017,133,133,100.0,2022,Table 6.9,https://www.icmr.gov.in/icmrobject/custom_data/pdf/resource-guidelines/AMRSN_Annual_Report_2022.pdf,2026-08-26,100.0,100.0,
MRSA,tigecycline,2017,133,133,100.0,2023,Table 7.9,https://www.icmr.gov.in/icmrobject/uploads/Documents/1725536060_annual_report_2023.pdf,2026-08-26,100.0,100.0,
MRSA,tigecycline,2017,133,133,100.0,2024,Table 6.9,https://www.icmr.gov.in/icmrobject/uploads/Report/1763981012_icmramrsnannualreport2024.pdf,2026-08-26,100.0,100.0,
MRSA,tigecycline,2018,627,634,98.9,2022,Table 6.9,https://www.icmr.gov.in/icmrobject/custom_data/pdf/resource-guidelines/AMRSN_Annual_Report_2022.pdf,2026-08-26,98.9,98.9,
MRSA,tigecycline,2018,627,634,98.9,2023,Table 7.9,https://www.icmr.gov.in/icmrobject/uploads/Documents/1725536060_annual_report_2023.pdf,2026-08-26,98.9,98.9,
MRSA,tigecycline,2018,627,634,98.9,2024,Table 6.9,https://www.icmr.gov.in/icmrobject/uploads/Report/1763981012_icmramrsnannualreport2024.pdf,2026-08-26,98.9,98.9,
MRSA,tigecycline,2019,1280,1286,99.5,2022,Table 6.9,https://www.icmr.gov.in/icmrobject/custom_data/pdf/resource-guidelines/AMRSN_Annual_Report_2022.pdf,2026-08-26,99.5,99.53,
MRSA,tigecycline,2019,1280,1286,99.5,2023,Table 7.9,https://www.icmr.gov.in/icmrobject/uploads/Documents/1725536060_annual_report_2023.pdf,2026-08-26,99.5,99.53,
MRSA,tigecycline,2019,1280,1286,99.5,2024,Table 6.9,https://www.icmr.gov.in/icmrobject/uploads/Report/1763981012_icmramrsnannualreport2024.pdf,2026-08-26,99.5,99.53,
MRSA,tigecycline,2020,694,694,100.0,2022,Table 6.9,https://www.icmr.gov.in/icmrobject/custom_data/pdf/resource-guidelines/AMRSN_Annual_Report_2022.pdf,2026-08-26,100.0,100.0,
MRSA,tigecycline,2020,694,694,100.0,2023,Table 7.9,https://www.icmr.gov.in/icmrobject/uploads/Documents/1725536060_annual_report_2023.pdf,2026-08-26,100.0,100.0,
MRSA,tigecycline,2020,694,694,100.0,2024,Table 6.9,https://www.icmr.gov.in/icmrobject/uploads/Report/1763981012_icmramrsnannualreport2024.pdf,2026-08-26,100.0,100.0,
MRSA,tigecycline,2021,990,998,99.2,2022,Table 6.9,https://www.icmr.gov.in/icmrobject/custom_data/pdf/resource-guidelines/AMRSN_Annual_Report_2022.pdf,2026-08-26,99.2,99.2,
MRSA,tigecycline,2021,990,998,99.2,2023,Table 7.9,https://www.icmr.gov.in/icmrobject/uploads/Documents/1725536060_annual_report_2023.pdf,2026-08-26,99.2,99.2,
MRSA,tigecycline,2021,990,998,99.2,2024,Table 6.9,https://www.icmr.gov.in/icmrobject/uploads/Report/1763981012_icmramrsnannualreport2024.pdf,2026-08-26,99.2,99.2,
MRSA,tigecycline,2022,1281,1281,100.0,2022,Table 6.9,https://www.icmr.gov.in/icmrobject/custom_data/pdf/resource-guidelines/AMRSN_Annual_Report_2022.pdf,2026-08-26,100.0,100.0,
MRSA,tigecycline,2022,1195,1281,93.3,2023,Table 7.9,https://www.icmr.gov.in/icmrobject/uploads/Documents/1725536060_annual_report_2023.pdf,2026-08-26,93.3,93.29,
MRSA,tigecycline,2022,1195,1281,93.3,2024,Table 6.9,https://www.icmr.gov.in/icmrobject/uploads/Report/1763981012_icmramrsnannualreport2024.pdf,2026-08-26,93.3,93.29,
MRSA,tigecycline,2023,1364,1364,100.0,2023,Table 7.9,https://www.icmr.gov.in/icmrobject/uploads/Documents/1725536060_annual_report_2023.pdf,2026-08-26,100.0,100.0,
MRSA,tigecycline,2023,1311,1364,96.1,2024,Table 6.9,https://www.icmr.gov.in/icmrobject/uploads/Report/1763981012_icmramrsnannualreport2024.pdf,2026-08-26,96.1,96.11,
MRSA,tigecycline,2024,1540,1540,100.0,2024,Table 6.9,https://www.icmr.gov.in/icmrobject/uploads/Report/1763981012_icmramrsnannualreport2024.pdf,2026-08-26,100.0,100.0,
MRSA,vancomycin,2017,667,667,100.0,2022,Table 6.9,https://www.icmr.gov.in/icmrobject/custom_data/pdf/resource-guidelines/AMRSN_Annual_Report_2022.pdf,2026-08-26,100.0,100.0,
MRSA,vancomycin,2017,667,667,100.0,2023,Table 7.9,https://www.icmr.gov.in/icmrobject/uploads/Documents/1725536060_annual_report_2023.pdf,2026-08-26,100.0,100.0,
MRSA,vancomycin,2017,667,667,100.0,2024,Table 6.9,https://www.icmr.gov.in/icmrobject/uploads/Report/1763981012_icmramrsnannualreport2024.pdf,2026-08-26,100.0,100.0,
MRSA,vancomycin,2018,1581,1581,100.0,2022,Table 6.9,https://www.icmr.gov.in/icmrobject/custom_data/pdf/resource-guidelines/AMRSN_Annual_Report_2022.pdf,2026-08-26,100.0,100.0,
MRSA,vancomycin,2018,1581,1581,100.0,2023,Table 7.9,https://www.icmr.gov.in/icmrobject/uploads/Documents/1725536060_annual_report_2023.pdf,2026-08-26,100.0,100.0,
MRSA,vancomycin,2018,1581,1581,100.0,2024,Table 6.9,https://www.icmr.gov.in/icmrobject/uploads/Report/1763981012_icmramrsnannualreport2024.pdf,2026-08-26,100.0,100.0,
MRSA,vancomycin,2019,2960,2960,100.0,2022,Table 6.9,https://www.icmr.gov.in/icmrobject/custom_data/pdf/resource-guidelines/AMRSN_Annual_Report_2022.pdf,2026-08-26,100.0,100.0,
MRSA,vancomycin,2019,2960,2960,100.0,2023,Table 7.9,https://www.icmr.gov.in/icmrobject/uploads/Documents/1725536060_annual_report_2023.pdf,2026-08-26,100.0,100.0,
MRSA,vancomycin,2019,2960,2960,100.0,2024,Table 6.9,https://www.icmr.gov.in/icmrobject/uploads/Report/1763981012_icmramrsnannualreport2024.pdf,2026-08-26,100.0,100.0,
MRSA,vancomycin,2020,1676,1676,100.0,2022,Table 6.9,https://www.icmr.gov.in/icmrobject/custom_data/pdf/resource-guidelines/AMRSN_Annual_Report_2022.pdf,2026-08-26,100.0,100.0,
MRSA,vancomycin,2020,1676,1676,100.0,2023,Table 7.9,https://www.icmr.gov.in/icmrobject/uploads/Documents/1725536060_annual_report_2023.pdf,2026-08-26,100.0,100.0,
MRSA,vancomycin,2020,1676,1676,100.0,2024,Table 6.9,https://www.icmr.gov.in/icmrobject/uploads/Report/1763981012_icmramrsnannualreport2024.pdf,2026-08-26,100.0,100.0,
MRSA,vancomycin,2021,2153,2154,100.0,2022,Table 6.9,https://www.icmr.gov.in/icmrobject/custom_data/pdf/resource-guidelines/AMRSN_Annual_Report_2022.pdf,2026-08-26,100.0,99.95,
MRSA,vancomycin,2021,2153,2154,100.0,2023,Table 7.9,https://www.icmr.gov.in/icmrobject/uploads/Documents/1725536060_annual_report_2023.pdf,2026-08-26,100.0,99.95,
MRSA,vancomycin,2021,2153,2154,100.0,2024,Table 6.9,https://www.icmr.gov.in/icmrobject/uploads/Report/1763981012_icmramrsnannualreport2024.pdf,2026-08-26,100.0,99.95,
MRSA,vancomycin,2022,3348,3348,100.0,2022,Table 6.9,https://www.icmr.gov.in/icmrobject/custom_data/pdf/resource-guidelines/AMRSN_Annual_Report_2022.pdf,2026-08-26,100.0,100.0,
MRSA,vancomycin,2022,3315,3348,99.0,2023,Table 7.9,https://www.icmr.gov.in/icmrobject/uploads/Documents/1725536060_annual_report_2023.pdf,2026-08-26,99.0,99.01,
MRSA,vancomycin,2022,3315,3348,99.0,2024,Table 6.9,https://www.icmr.gov.in/icmrobject/uploads/Report/1763981012_icmramrsnannualreport2024.pdf,2026-08-26,99.0,99.01,
MRSA,vancomycin,2023,4311,4311,100.0,2023,Table 7.9,https://www.icmr.gov.in/icmrobject/uploads/Documents/1725536060_annual_report_2023.pdf,2026-08-26,100.0,100.0,
MRSA,vancomycin,2023,4286,4311,99.4,2024,Table 6.9,https://www.icmr.gov.in/icmrobject/uploads/Report/1763981012_icmramrsnannualreport2024.pdf,2026-08-26,99.4,99.42,
MRSA,vancomycin,2024,4072,4072,100.0,2024,Table 6.9,https://www.icmr.gov.in/icmrobject/uploads/Report/1763981012_icmramrsnannualreport2024.pdf,2026-08-26,100.0,100.0,
Pseudomonas aeruginosa,amikacin,2017,3864,5609,68.9,2022,Table 5.3,https://www.icmr.gov.in/icmrobject/custom_data/pdf/resource-guidelines/AMRSN_Annual_Report_2022.pdf,2026-08-26,68.9,68.89,
Pseudomonas aeruginosa,amikacin,2017,3864,5609,68.9,2023,Table 4.6,https://www.icmr.gov.in/icmrobject/uploads/Documents/1725536060_annual_report_2023.pdf,2026-08-26,68.9,68.89,
Pseudomonas aeruginosa,amikacin,2017,3864,5609,68.9,2024,Table 3.3,https://www.icmr.gov.in/icmrobject/uploads/Report/1763981012_icmramrsnannualreport2024.pdf,2026-08-26,68.9,68.89,
Pseudomonas aeruginosa,amikacin,2018,6019,8747,68.8,2022,Table 5.3,https://www.icmr.gov.in/icmrobject/custom_data/pdf/resource-guidelines/AMRSN_Annual_Report_2022.pdf,2026-08-26,68.8,68.81,
Pseudomonas aeruginosa,amikacin,2018,6019,8747,68.8,2023,Table 4.6,https://www.icmr.gov.in/icmrobject/uploads/Documents/1725536060_annual_report_2023.pdf,2026-08-26,68.8,68.81,
Pseudomonas aeruginosa,amikacin,2018,6019,8747,68.8,2024,Table 3.3,https://www.icmr.gov.in/icmrobject/uploads/Report/1763981012_icmramrsnannualreport2024.pdf,2026-08-26,68.8,68.81,
Pseudomonas aeruginosa,amikacin,2019,8340,12329,67.6,2022,Table 5.3,https://www.icmr.gov.in/icmrobject/custom_data/pdf/resource-guidelines/AMRSN_Annual_Report_2022.pdf,2026-08-26,67.6,67.65,
Pseudomonas aeruginosa,amikacin,2019,8340,12329,67.6,2023,Table 4.6,https://www.icmr.gov.in/icmrobject/uploads/Documents/1725536060_annual_report_2023.pdf,2026-08-26,67.6,67.65,
Pseudomonas aeruginosa,amikacin,2019,8340,12329,67.6,2024,Table 3.3,https://www.icmr.gov.in/icmrobject/uploads/Report/1763981012_icmramrsnannualreport2024.pdf,2026-08-26,67.6,67.65,
Pseudomonas aeruginosa,amikacin,2020,5276,7723,68.3,2022,Table 5.3,https://www.icmr.gov.in/icmrobject/custom_data/pdf/resource-guidelines/AMRSN_Annual_Report_2022.pdf,2026-08-26,68.3,68.32,
Pseudomonas aeruginosa,amikacin,2020,5276,7723,68.3,2023,Table 4.6,https://www.icmr.gov.in/icmrobject/uploads/Documents/1725536060_annual_report_2023.pdf,2026-08-26,68.3,68.32,
Pseudomonas aeruginosa,amikacin,2020,5276,7723,68.3,2024,Table 3.3,https://www.icmr.gov.in/icmrobject/uploads/Report/1763981012_icmramrsnannualreport2024.pdf,2026-08-26,68.3,68.32,
Pseudomonas aeruginosa,amikacin,2021,7990,11480,69.6,2022,Table 5.3,https://www.icmr.gov.in/icmrobject/custom_data/pdf/resource-guidelines/AMRSN_Annual_Report_2022.pdf,2026-08-26,69.6,69.6,
Pseudomonas aeruginosa,amikacin,2021,7990,11480,69.6,2023,Table 4.6,https://www.icmr.gov.in/icmrobject/uploads/Documents/1725536060_annual_report_2023.pdf,2026-08-26,69.6,69.6,
Pseudomonas aeruginosa,amikacin,2021,7990,11480,69.6,2024,Table 3.3,https://www.icmr.gov.in/icmrobject/uploads/Report/1763981012_icmramrsnannualreport2024.pdf,2026-08-26,69.6,69.6,
Pseudomonas aeruginosa,amikacin,2022,9000,13133,68.5,2022,Table 5.3,https://www.icmr.gov.in/icmrobject/custom_data/pdf/resource-guidelines/AMRSN_Annual_Report_2022.pdf,2026-08-26,68.5,68.53,
Pseudomonas aeruginosa,amikacin,2022,9000,13133,68.5,2023,Table 4.6,https://www.icmr.gov.in/icmrobject/uploads/Documents/1725536060_annual_report_2023.pdf,2026-08-26,68.5,68.53,
Pseudomonas aeruginosa,amikacin,2022,9000,13133,68.5,2024,Table 3.3,https://www.icmr.gov.in/icmrobject/uploads/Report/1763981012_icmramrsnannualreport2024.pdf,2026-08-26,68.5,68.53,
Pseudomonas aeruginosa,amikacin,2023,4334,6202,69.9,2023,Table 4.6,https://www.icmr.gov.in/icmrobject/uploads/Documents/1725536060_annual_report_2023.pdf,2026-08-26,69.9,69.88,
Pseudomonas aeruginosa,amikacin,2023,4334,6202,69.9,2024,Table 3.3,https://www.icmr.gov.in/icmrobject/uploads/Report/1763981012_icmramrsnannualreport2024.pdf,2026-08-26,69.9,69.88,
Pseudomonas aeruginosa,amikacin,2024,7017,9578,73.3,2024,Table 3.3,https://www.icmr.gov.in/icmrobject/uploads/Report/1763981012_icmramrsnannualreport2024.pdf,2026-08-26,73.3,73.26,
Pseudomonas aeruginosa,cefepime,2017,3074,5003,61.4,2022,Table 5.3,https://www.icmr.gov.in/icmrobject/custom_data/pdf/resource-guidelines/AMRSN_Annual_Report_2022.pdf,2026-08-26,61.4,61.44,
Pseudomonas aeruginosa,cefepime,2017,3074,5003,61.4,2023,Table 4.6,https://www.icmr.gov.in/icmrobject/uploads/Documents/1725536060_annual_report_2023.pdf,2026-08-26,61.4,61.44,
Pseudomonas aeruginosa,cefepime,2017,3074,5003,61.4,2024,Table 3.3,https://www.icmr.gov.in/icmrobject/uploads/Report/1763981012_icmramrsnannualreport2024.pdf,2026-08-26,61.4,61.44,
Pseudomonas aeruginosa,cefepime,2018,5259,8284,63.5,2022,Table 5.3,https://www.icmr.gov.in/icmrobject/custom_data/pdf/resource-guidelines/AMRSN_Annual_Report_2022.pdf,2026-08-26,63.5,63.48,
Pseudomonas aeruginosa,cefepime,2018,5259,8284,63.5,2023,Table 4.6,https://www.icmr.gov.in/icmrobject/uploads/Documents/1725536060_annual_report_2023.pdf,2026-08-26,63.5,63.48,
Pseudomonas aeruginosa,cefepime,2018,5259,8284,63.5,2024,Table 3.3,https://www.icmr.gov.in/icmrobject/uploads/Report/1763981012_icmramrsnannualreport2024.pdf,2026-08-26,63.5,63.48,
Pseudomonas aeruginosa,cefepime,2019,7660,12038,63.6,2022,Table 5.3,https://www.icmr.gov.in/icmrobject/custom_data/pdf/resource-guidelines/AMRSN_Annual_Report_2022.pdf,2026-08-26,63.6,63.63,
Pseudomonas aeruginosa,cefepime,2019,7660,12038,63.6,2023,Table 4.6,https://www.icmr.gov.in/icmrobject/uploads/Documents/1725536060_annual_report_2023.pdf,2026-08-26,63.6,63.63,
Pseudomonas aeruginosa,cefepime,2019,7660,12038,63.6,2024,Table 3.3,https://www.icmr.gov.in/icmrobject/uploads/Report/1763981012_icmramrsnannualreport2024.pdf,2026-08-26,63.6,63.63,
Pseudomonas aeruginosa,cefepime,2020,4497,7355,61.1,2022,Table 5.3,https://www.icmr.gov.in/icmrobject/custom_data/pdf/resource-guidelines/AMRSN_Annual_Report_2022.pdf,2026-08-26,61.1,61.14,
Pseudomonas aeruginosa,cefepime,2020,4497,7355,61.1,2023,Table 4.6,https://www.icmr.gov.in/icmrobject/uploads/Documents/1725536060_annual_report_2023.pdf,2026-08-26,61.1,61.14,
Pseudomonas aeruginosa,cefepime,2020,4497,7355,61.1,2024,Table 3.3,https://www.icmr.gov.in/icmrobject/uploads/Report/1763981012_icmramrsnannualreport2024.pdf,2026-08-26,61.1,61.14,
Pseudomonas aeruginosa,cefepime,2021,7263,11233,64.7,2022,Table 5.3,https://www.icmr.gov.in/icmrobject/custom_data/pdf/resource-guidelines/AMRSN_Annual_Report_2022.pdf,2026-08-26,64.7,64.66,
Pseudomonas aeruginosa,cefepime,2021,7263,11233,64.7,2023,Table 4.6,https://www.icmr.gov.in/icmrobject/uploads/Documents/1725536060_annual_report_2023.pdf,2026-08-26,64.7,64.66,
Pseudomonas aeruginosa,cefepime,2021,7263,11233,64.7,2024,Table 3.3,https://www.icmr.gov.in/icmrobject/uploads/Report/1763981012_icmramrsnannualreport2024.pdf,2026-08-26,64.7,64.66,
Pseudomonas aeruginosa,cefepime,2022,7887,12625,62.4,2022,Table 5.3,https://www.icmr.gov.in/icmrobject/custom_data/pdf/resource-guidelines/AMRSN_Annual_Report_2022.pdf,2026-08-26,62.4,62.47,
Pseudomonas aeruginosa,cefepime,2022,7887,12625,62.4,2023,Table 4.6,https://www.icmr.gov.in/icmrobject/uploads/Documents/1725536060_annual_report_2023.pdf,2026-08-26,62.4,62.47,
Pseudomonas aeruginosa,cefepime,2022,7887,12625,62.4,2024,Table 3.3,https://www.icmr.gov.in/icmrobject/uploads/Report/1763981012_icmramrsnannualreport2024.pdf,2026-08-26,62.4,62.47,
Pseudomonas aeruginosa,cefepime,2023,4057,6380,63.6,2023,Table 4.6,https://www.icmr.gov.in/icmrobject/uploads/Documents/1725536060_annual_report_2023.pdf,2026-08-26,63.6,63.59,
Pseudomonas aeruginosa,cefepime,2023,4057,6380,63.6,2024,Table 3.3,https://www.icmr.gov.in/icmrobject/uploads/Report/1763981012_icmramrsnannualreport2024.pdf,2026-08-26,63.6,63.59,
Pseudomonas aeruginosa,cefepime,2024,6964,10317,67.5,2024,Table 3.3,https://www.icmr.gov.in/icmrobject/uploads/Report/1763981012_icmramrsnannualreport2024.pdf,2026-08-26,67.5,67.5,
Pseudomonas aeruginosa,ceftazidime,2017,3602,5504,65.4,2022,Table 5.3,https://www.icmr.gov.in/icmrobject/custom_data/pdf/resource-guidelines/AMRSN_Annual_Report_2022.pdf,2026-08-26,65.4,65.44,
Pseudomonas aeruginosa,ceftazidime,2017,3602,5504,65.4,2023,Table 4.6,https://www.icmr.gov.in/icmrobject/uploads/Documents/1725536060_annual_report_2023.pdf,2026-08-26,65.4,65.44,
Pseudomonas aeruginosa,ceftazidime,2017,3602,5504,65.4,2024,Table 3.3,https://www.icmr.gov.in/icmrobject/uploads/Report/1763981012_icmramrsnannualreport2024.pdf,2026-08-26,65.4,65.44,
Pseudomonas aeruginosa,ceftazidime,2018,5663,8598,65.9,2022,Table 5.3,https://www.icmr.gov.in/icmrobject/custom_data/pdf/resource-guidelines/AMRSN_Annual_Report_2022.pdf,2026-08-26,65.9,65.86,
Pseudomonas aeruginosa,ceftazidime,2018,5663,8598,65.9,2023,Table 4.6,https://www.icmr.gov.in/icmrobject/uploads/Documents/1725536060_annual_report_2023.pdf,2026-08-26,65.9,65.86,
Pseudomonas aeruginosa,ceftazidime,2018,5663,8598,65.9,2024,Table 3.3,https://www.icmr.gov.in/icmrobject/uploads/Report/1763981012_icmramrsnannualreport2024.pdf,2026-08-26,65.9,65.86,
Pseudomonas aeruginosa,ceftazidime,2019,7545,11977,63.0,2022,Table 5.3,https://www.icmr.gov.in/icmrobject/custom_data/pdf/resource-guidelines/AMRSN_Annual_Report_2022.pdf,2026-08-26,63.0,63.0,
Pseudomonas aeruginosa,ceftazidime,2019,7545,11977,63.0,2023,Table 4.6,https://www.icmr.gov.in/icmrobject/uploads/Documents/1725536060_annual_report_2023.pdf,2026-08-26,63.0,63.0,
Pseudomonas aeruginosa,ceftazidime,2019,7545,11977,63.0,2024,Table 3.3,https://www.icmr.gov.in/icmrobject/uploads/Report/1763981012_icmramrsnannualreport2024.pdf,2026-08-26,63.0,63.0,
Pseudomonas aeruginosa,ceftazidime,2020,4647,7635,60.9,2022,Table 5.3,https://www.icmr.gov.in/icmrobject/custom_data/pdf/resource-guidelines/AMRSN_Annual_Report_2022.pdf,2026-08-26,60.9,60.86,
Pseudomonas aeruginosa,ceftazidime,2020,4647,7635,60.9,2023,Table 4.6,https://www.icmr.gov.in/icmrobject/uploads/Documents/1725536060_annual_report_2023.pdf,2026-08-26,60.9,60.86,
Pseudomonas aeruginosa,ceftazidime,2020,4647,7635,60.9,2024,Table 3.3,https://www.icmr.gov.in/icmrobject/uploads/Report/1763981012_icmramrsnannualreport2024.pdf,2026-08-26,60.9,60.86,
Pseudomonas aeruginosa,ceftazidime,2021,6914,11028,62.7,2022,Table 5.3,https://www.icmr.gov.in/icmrobject/custom_data/pdf/resource-guidelines/AMRSN_Annual_Report_2022.pdf,2026-08-26,62.7,62.69,
Pseudomonas aeruginosa,ceftazidime,2021,6914,11028,62.7,2023,Table 4.6,https://www.icmr.gov.in/icmrobject/uploads/Documents/1725536060_annual_report_2023.pdf,2026-08-26,62.7,62.69,
Pseudomonas aeruginosa,ceftazidime,2021,6914,11028,62.7,2024,Table 3.3,https://www.icmr.gov.in/icmrobject/uploads/Report/1763981012_icmramrsnannualreport2024.pdf,2026-08-26,62.7,62.69,
Pseudomonas aeruginosa,ceftazidime,2022,7528,12767,58.9,2022,Table 5.3,https://www.icmr.gov.in/icmrobject/custom_data/pdf/resource-guidelines/AMRSN_Annual_Report_2022.pdf,2026-08-26,58.9,58.96,
Pseudomonas aeruginosa,ceftazidime,2022,7528,12767,58.9,2023,Table 4.6,https://www.icmr.gov.in/icmrobject/uploads/Documents/1725536060_annual_report_2023.pdf,2026-08-26,58.9,58.96,
Pseudomonas aeruginosa,ceftazidime,2022,7528,12767,58.9,2024,Table 3.3,https://www.icmr.gov.in/icmrobject/uploads/Report/1763981012_icmramrsnannualreport2024.pdf,2026-08-26,58.9,58.96,
Pseudomonas aeruginosa,ceftazidime,2023,3988,6525,61.1,2023,Table 4.6,https://www.icmr.gov.in/icmrobject/uploads/Documents/1725536060_annual_report_2023.pdf,2026-08-26,61.1,61.12,
Pseudomonas aeruginosa,ceftazidime,2023,3988,6525,61.1,2024,Table 3.3,https://www.icmr.gov.in/icmrobject/uploads/Report/1763981012_icmramrsnannualreport2024.pdf,2026-08-26,61.1,61.12,
Pseudomonas aeruginosa,ceftazidime,2024,7306,11381,64.2,2024,Table 3.3,https://www.icmr.gov.in/icmrobject/uploads/Report/1763981012_icmramrsnannualreport2024.pdf,2026-08-26,64.2,64.19,
Pseudomonas aeruginosa,ciprofloxacin,2017,2930,5069,57.8,2022,Table 5.3,https://www.icmr.gov.in/icmrobject/custom_data/pdf/resource-guidelines/AMRSN_Annual_Report_2022.pdf,2026-08-26,57.8,57.8,
Pseudomonas aeruginosa,ciprofloxacin,2017,2930,5069,57.8,2023,Table 4.6,https://www.icmr.gov.in/icmrobject/uploads/Documents/1725536060_annual_report_2023.pdf,2026-08-26,57.8,57.8,
Pseudomonas aeruginosa,ciprofloxacin,2017,2930,5069,57.8,2024,Table 3.3,https://www.icmr.gov.in/icmrobject/uploads/Report/1763981012_icmramrsnannualreport2024.pdf,2026-08-26,57.8,57.8,
Pseudomonas aeruginosa,ciprofloxacin,2018,4814,8026,60.0,2022,Table 5.3,https://www.icmr.gov.in/icmrobject/custom_data/pdf/resource-guidelines/AMRSN_Annual_Report_2022.pdf,2026-08-26,60.0,59.98,
Pseudomonas aeruginosa,ciprofloxacin,2018,4814,8026,60.0,2023,Table 4.6,https://www.icmr.gov.in/icmrobject/uploads/Documents/1725536060_annual_report_2023.pdf,2026-08-26,60.0,59.98,
Pseudomonas aeruginosa,ciprofloxacin,2018,4814,8026,60.0,2024,Table 3.3,https://www.icmr.gov.in/icmrobject/uploads/Report/1763981012_icmramrsnannualreport2024.pdf,2026-08-26,60.0,59.98,
Pseudomonas aeruginosa,ciprofloxacin,2019,6281,10945,57.4,2022,Table 5.3,https://www.icmr.gov.in/icmrobject/custom_data/pdf/resource-guidelines/AMRSN_Annual_Report_2022.pdf,2026-08-26,57.4,57.39,
Pseudomonas aeruginosa,ciprofloxacin,2019,6281,10945,57.4,2023,Table 4.6,https://www.icmr.gov.in/icmrobject/uploads/Documents/1725536060_annual_report_2023.pdf,2026-08-26,57.4,57.39,
Pseudomonas aeruginosa,ciprofloxacin,2019,6281,10945,57.4,2024,Table 3.3,https://www.icmr.gov.in/icmrobject/uploads/Report/1763981012_icmramrsnannualreport2024.pdf,2026-08-26,57.4,57.39,
Pseudomonas aeruginosa,ciprofloxacin,2020,3768,6541,57.6,2022,Table 5.3,https://www.icmr.gov.in/icmrobject/custom_data/pdf/resource-guidelines/AMRSN_Annual_Report_2022.pdf,2026-08-26,57.6,57.61,
Pseudomonas aeruginosa,ciprofloxacin,2020,3768,6541,57.6,2023,Table 4.6,https://www.icmr.gov.in/icmrobject/uploads/Documents/1725536060_annual_report_2023.pdf,2026-08-26,57.6,57.61,
Pseudomonas aeruginosa,ciprofloxacin,2020,3768,6541,57.6,2024,Table 3.3,https://www.icmr.gov.in/icmrobject/uploads/Report/1763981012_icmramrsnannualreport2024.pdf,2026-08-26,57.6,57.61,
Pseudomonas aeruginosa,ciprofloxacin,2021,6126,10159,60.3,2022,Table 5.3,https://www.icmr.gov.in/icmrobject/custom_data/pdf/resource-guidelines/AMRSN_Annual_Report_2022.pdf,2026-08-26,60.3,60.3,
Pseudomonas aeruginosa,ciprofloxacin,2021,6126,10159,60.3,2023,Table 4.6,https://www.icmr.gov.in/icmrobject/uploads/Documents/1725536060_annual_report_2023.pdf,2026-08-26,60.3,60.3,
Pseudomonas aeruginosa,ciprofloxacin,2021,6126,10159,60.3,2024,Table 3.3,https://www.icmr.gov.in/icmrobject/uploads/Report/1763981012_icmramrsnannualreport2024.pdf,2026-08-26,60.3,60.3,
Pseudomonas aeruginosa,ciprofloxacin,2022,6039,12719,47.4,2022,Table 5.3,https://www.icmr.gov.in/icmrobject/custom_data/pdf/resource-guidelines/AMRSN_Annual_Report_2022.pdf,2026-08-26,47.4,47.48,
Pseudomonas aeruginosa,ciprofloxacin,2022,6039,12719,47.4,2023,Table 4.6,https://www.icmr.gov.in/icmrobject/uploads/Documents/1725536060_annual_report_2023.pdf,2026-08-26,47.4,47.48,
Pseudomonas aeruginosa,ciprofloxacin,2022,6039,12719,47.4,2024,Table 3.3,https://www.icmr.gov.in/icmrobject/uploads/Report/1763981012_icmramrsnannualreport2024.pdf,2026-08-26,47.4,47.48,
Pseudomonas aeruginosa,ciprofloxacin,2023,3313,6525,50.8,2023,Table 4.6,https://www.icmr.gov.in/icmrobject/uploads/Documents/1725536060_annual_report_2023.pdf,2026-08-26,50.8,50.77,
Pseudomonas aeruginosa,ciprofloxacin,2023,3313,6525,50.8,2024,Table 3.3,https://www.icmr.gov.in/icmrobject/uploads/Report/1763981012_icmramrsnannualreport2024.pdf,2026-08-26,50.8,50.77,
Pseudomonas aeruginosa,ciprofloxacin,2024,6397,11222,57.0,2024,Table 3.3,https://www.icmr.gov.in/icmrobject/uploads/Report/1763981012_icmramrsnannualreport2024.pdf,2026-08-26,57.0,57.0,
Pseudomonas aeruginosa,colistin,2017,1727,1738,99.4,2022,Table 5.3,https://www.icmr.gov.in/icmrobject/custom_data/pdf/resource-guidelines/AMRSN_Annual_Report_2022.pdf,2026-08-26,99.4,99.37,"label_footnote_asterisk,colistin_is_intermediate_susceptibility"
Pseudomonas aeruginosa,colistin,2017,1727,1738,99.4,2023,Table 4.6,https://www.icmr.gov.in/icmrobject/uploads/Documents/1725536060_annual_report_2023.pdf,2026-08-26,99.4,99.37,"label_footnote_asterisk,colistin_is_intermediate_susceptibility"
Pseudomonas aeruginosa,colistin,2017,1727,1738,99.4,2024,Table 3.3,https://www.icmr.gov.in/icmrobject/uploads/Report/1763981012_icmramrsnannualreport2024.pdf,2026-08-26,99.4,99.37,"label_footnote_asterisk,colistin_is_intermediate_susceptibility"
Pseudomonas aeruginosa,colistin,2018,983,1075,91.4,2022,Table 5.3,https://www.icmr.gov.in/icmrobject/custom_data/pdf/resource-guidelines/AMRSN_Annual_Report_2022.pdf,2026-08-26,91.4,91.44,"label_footnote_asterisk,colistin_is_intermediate_susceptibility"
Pseudomonas aeruginosa,colistin,2018,983,1075,91.4,2023,Table 4.6,https://www.icmr.gov.in/icmrobject/uploads/Documents/1725536060_annual_report_2023.pdf,2026-08-26,91.4,91.44,"label_footnote_asterisk,colistin_is_intermediate_susceptibility"
Pseudomonas aeruginosa,colistin,2018,983,1075,91.4,2024,Table 3.3,https://www.icmr.gov.in/icmrobject/uploads/Report/1763981012_icmramrsnannualreport2024.pdf,2026-08-26,91.4,91.44,"label_footnote_asterisk,colistin_is_intermediate_susceptibility"
Pseudomonas aeruginosa,colistin,2019,1767,1899,93.0,2022,Table 5.3,https://www.icmr.gov.in/icmrobject/custom_data/pdf/resource-guidelines/AMRSN_Annual_Report_2022.pdf,2026-08-26,93.0,93.05,"label_footnote_asterisk,colistin_is_intermediate_susceptibility"
Pseudomonas aeruginosa,colistin,2019,1767,1899,93.0,2023,Table 4.6,https://www.icmr.gov.in/icmrobject/uploads/Documents/1725536060_annual_report_2023.pdf,2026-08-26,93.0,93.05,"label_footnote_asterisk,colistin_is_intermediate_susceptibility"
Pseudomonas aeruginosa,colistin,2019,1767,1899,93.0,2024,Table 3.3,https://www.icmr.gov.in/icmrobject/uploads/Report/1763981012_icmramrsnannualreport2024.pdf,2026-08-26,93.0,93.05,"label_footnote_asterisk,colistin_is_intermediate_susceptibility"
Pseudomonas aeruginosa,colistin,2020,1291,1355,95.3,2022,Table 5.3,https://www.icmr.gov.in/icmrobject/custom_data/pdf/resource-guidelines/AMRSN_Annual_Report_2022.pdf,2026-08-26,95.3,95.28,"label_footnote_asterisk,colistin_is_intermediate_susceptibility"
Pseudomonas aeruginosa,colistin,2020,1291,1355,95.3,2023,Table 4.6,https://www.icmr.gov.in/icmrobject/uploads/Documents/1725536060_annual_report_2023.pdf,2026-08-26,95.3,95.28,"label_footnote_asterisk,colistin_is_intermediate_susceptibility"
Pseudomonas aeruginosa,colistin,2020,1291,1355,95.3,2024,Table 3.3,https://www.icmr.gov.in/icmrobject/uploads/Report/1763981012_icmramrsnannualreport2024.pdf,2026-08-26,95.3,95.28,"label_footnote_asterisk,colistin_is_intermediate_susceptibility"
Pseudomonas aeruginosa,colistin,2021,2226,2298,96.9,2022,Table 5.3,https://www.icmr.gov.in/icmrobject/custom_data/pdf/resource-guidelines/AMRSN_Annual_Report_2022.pdf,2026-08-26,96.9,96.87,"label_footnote_asterisk,colistin_is_intermediate_susceptibility"
Pseudomonas aeruginosa,colistin,2021,2226,2298,96.9,2023,Table 4.6,https://www.icmr.gov.in/icmrobject/uploads/Documents/1725536060_annual_report_2023.pdf,2026-08-26,96.9,96.87,"label_footnote_asterisk,colistin_is_intermediate_susceptibility"
Pseudomonas aeruginosa,colistin,2021,2226,2298,96.9,2024,Table 3.3,https://www.icmr.gov.in/icmrobject/uploads/Report/1763981012_icmramrsnannualreport2024.pdf,2026-08-26,96.9,96.87,"label_footnote_asterisk,colistin_is_intermediate_susceptibility"
Pseudomonas aeruginosa,colistin,2022,6675,6885,96.9,2022,Table 5.3,https://www.icmr.gov.in/icmrobject/custom_data/pdf/resource-guidelines/AMRSN_Annual_Report_2022.pdf,2026-08-26,96.9,96.95,"label_footnote_asterisk,colistin_is_intermediate_susceptibility"
Pseudomonas aeruginosa,colistin,2022,6675,6885,96.9,2023,Table 4.6,https://www.icmr.gov.in/icmrobject/uploads/Documents/1725536060_annual_report_2023.pdf,2026-08-26,96.9,96.95,"label_footnote_asterisk,colistin_is_intermediate_susceptibility"
Pseudomonas aeruginosa,colistin,2022,6675,6885,96.9,2024,Table 3.3,https://www.icmr.gov.in/icmrobject/uploads/Report/1763981012_icmramrsnannualreport2024.pdf,2026-08-26,96.9,96.95,"label_footnote_asterisk,colistin_is_intermediate_susceptibility"
Pseudomonas aeruginosa,colistin,2023,2923,3037,96.3,2023,Table 4.6,https://www.icmr.gov.in/icmrobject/uploads/Documents/1725536060_annual_report_2023.pdf,2026-08-26,96.3,96.25,"label_footnote_asterisk,colistin_is_intermediate_susceptibility"
Pseudomonas aeruginosa,colistin,2023,2923,3037,96.3,2024,Table 3.3,https://www.icmr.gov.in/icmrobject/uploads/Report/1763981012_icmramrsnannualreport2024.pdf,2026-08-26,96.3,96.25,"label_footnote_asterisk,colistin_is_intermediate_susceptibility"
Pseudomonas aeruginosa,colistin,2024,5281,5408,97.7,2024,Table 3.3,https://www.icmr.gov.in/icmrobject/uploads/Report/1763981012_icmramrsnannualreport2024.pdf,2026-08-26,97.7,97.65,"label_footnote_asterisk,colistin_is_intermediate_susceptibility"
Pseudomonas aeruginosa,gentamicin,2017,2526,4249,59.4,2022,Table 5.3,https://www.icmr.gov.in/icmrobject/custom_data/pdf/resource-guidelines/AMRSN_Annual_Report_2022.pdf,2026-08-26,59.4,59.45,
Pseudomonas aeruginosa,gentamicin,2017,2526,4249,59.4,2023,Table 4.6,https://www.icmr.gov.in/icmrobject/uploads/Documents/1725536060_annual_report_2023.pdf,2026-08-26,59.4,59.45,
Pseudomonas aeruginosa,gentamicin,2017,2526,4249,59.4,2024,Table 3.3,https://www.icmr.gov.in/icmrobject/uploads/Report/1763981012_icmramrsnannualreport2024.pdf,2026-08-26,59.4,59.45,
Pseudomonas aeruginosa,gentamicin,2018,4077,6462,63.1,2022,Table 5.3,https://www.icmr.gov.in/icmrobject/custom_data/pdf/resource-guidelines/AMRSN_Annual_Report_2022.pdf,2026-08-26,63.1,63.09,
Pseudomonas aeruginosa,gentamicin,2018,4077,6462,63.1,2023,Table 4.6,https://www.icmr.gov.in/icmrobject/uploads/Documents/1725536060_annual_report_2023.pdf,2026-08-26,63.1,63.09,
Pseudomonas aeruginosa,gentamicin,2018,4077,6462,63.1,2024,Table 3.3,https://www.icmr.gov.in/icmrobject/uploads/Report/1763981012_icmramrsnannualreport2024.pdf,2026-08-26,63.1,63.09,
Pseudomonas aeruginosa,gentamicin,2019,5820,9383,62.0,2022,Table 5.3,https://www.icmr.gov.in/icmrobject/custom_data/pdf/resource-guidelines/AMRSN_Annual_Report_2022.pdf,2026-08-26,62.0,62.03,
Pseudomonas aeruginosa,gentamicin,2019,5820,9383,62.0,2023,Table 4.6,https://www.icmr.gov.in/icmrobject/uploads/Documents/1725536060_annual_report_2023.pdf,2026-08-26,62.0,62.03,
Pseudomonas aeruginosa,gentamicin,2019,5820,9383,62.0,2024,Table 3.3,https://www.icmr.gov.in/icmrobject/uploads/Report/1763981012_icmramrsnannualreport2024.pdf,2026-08-26,62.0,62.03,
Pseudomonas aeruginosa,gentamicin,2020,3241,5341,60.7,2022,Table 5.3,https://www.icmr.gov.in/icmrobject/custom_data/pdf/resource-guidelines/AMRSN_Annual_Report_2022.pdf,2026-08-26,60.7,60.68,
Pseudomonas aeruginosa,gentamicin,2020,3241,5341,60.7,2023,Table 4.6,https://www.icmr.gov.in/icmrobject/uploads/Documents/1725536060_annual_report_2023.pdf,2026-08-26,60.7,60.68,
Pseudomonas aeruginosa,gentamicin,2020,3241,5341,60.7,2024,Table 3.3,https://www.icmr.gov.in/icmrobject/uploads/Report/1763981012_icmramrsnannualreport2024.pdf,2026-08-26,60.7,60.68,
Pseudomonas aeruginosa,gentamicin,2021,5277,8311,63.5,2022,Table 5.3,https://www.icmr.gov.in/icmrobject/custom_data/pdf/resource-guidelines/AMRSN_Annual_Report_2022.pdf,2026-08-26,63.5,63.49,
Pseudomonas aeruginosa,gentamicin,2021,5277,8311,63.5,2023,Table 4.6,https://www.icmr.gov.in/icmrobject/uploads/Documents/1725536060_annual_report_2023.pdf,2026-08-26,63.5,63.49,
Pseudomonas aeruginosa,gentamicin,2021,5277,8311,63.5,2024,Table 3.3,https://www.icmr.gov.in/icmrobject/uploads/Report/1763981012_icmramrsnannualreport2024.pdf,2026-08-26,63.5,63.49,
Pseudomonas aeruginosa,gentamicin,2022,6321,9896,63.8,2022,Table 5.3,https://www.icmr.gov.in/icmrobject/custom_data/pdf/resource-guidelines/AMRSN_Annual_Report_2022.pdf,2026-08-26,63.8,63.87,
Pseudomonas aeruginosa,gentamicin,2022,6321,9896,63.8,2023,Table 4.6,https://www.icmr.gov.in/icmrobject/uploads/Documents/1725536060_annual_report_2023.pdf,2026-08-26,63.8,63.87,
Pseudomonas aeruginosa,gentamicin,2022,6321,9896,63.8,2024,Table 3.3,https://www.icmr.gov.in/icmrobject/uploads/Report/1763981012_icmramrsnannualreport2024.pdf,2026-08-26,63.8,63.87,
Pseudomonas aeruginosa,gentamicin,2023,2844,4398,64.7,2023,Table 4.6,https://www.icmr.gov.in/icmrobject/uploads/Documents/1725536060_annual_report_2023.pdf,2026-08-26,64.7,64.67,
Pseudomonas aeruginosa,gentamicin,2023,2844,4398,64.7,2024,Table 3.3,https://www.icmr.gov.in/icmrobject/uploads/Report/1763981012_icmramrsnannualreport2024.pdf,2026-08-26,64.7,64.67,
Pseudomonas aeruginosa,gentamicin,2024,2373,3399,69.8,2024,Table 3.3,https://www.icmr.gov.in/icmrobject/uploads/Report/1763981012_icmramrsnannualreport2024.pdf,2026-08-26,69.8,69.81,
Pseudomonas aeruginosa,imipenem,2017,4059,5514,73.6,2022,Table 5.3,https://www.icmr.gov.in/icmrobject/custom_data/pdf/resource-guidelines/AMRSN_Annual_Report_2022.pdf,2026-08-26,73.6,73.61,
Pseudomonas aeruginosa,imipenem,2017,4059,5514,73.6,2023,Table 4.6,https://www.icmr.gov.in/icmrobject/uploads/Documents/1725536060_annual_report_2023.pdf,2026-08-26,73.6,73.61,
Pseudomonas aeruginosa,imipenem,2017,4059,5514,73.6,2024,Table 3.3,https://www.icmr.gov.in/icmrobject/uploads/Report/1763981012_icmramrsnannualreport2024.pdf,2026-08-26,73.6,73.61,
Pseudomonas aeruginosa,imipenem,2018,5627,8377,67.2,2022,Table 5.3,https://www.icmr.gov.in/icmrobject/custom_data/pdf/resource-guidelines/AMRSN_Annual_Report_2022.pdf,2026-08-26,67.2,67.17,
Pseudomonas aeruginosa,imipenem,2018,5627,8377,67.2,2023,Table 4.6,https://www.icmr.gov.in/icmrobject/uploads/Documents/1725536060_annual_report_2023.pdf,2026-08-26,67.2,67.17,
Pseudomonas aeruginosa,imipenem,2018,5627,8377,67.2,2024,Table 3.3,https://www.icmr.gov.in/icmrobject/uploads/Report/1763981012_icmramrsnannualreport2024.pdf,2026-08-26,67.2,67.17,
Pseudomonas aeruginosa,imipenem,2019,6425,10230,62.8,2022,Table 5.3,https://www.icmr.gov.in/icmrobject/custom_data/pdf/resource-guidelines/AMRSN_Annual_Report_2022.pdf,2026-08-26,62.8,62.81,
Pseudomonas aeruginosa,imipenem,2019,6425,10230,62.8,2023,Table 4.6,https://www.icmr.gov.in/icmrobject/uploads/Documents/1725536060_annual_report_2023.pdf,2026-08-26,62.8,62.81,
Pseudomonas aeruginosa,imipenem,2019,6425,10230,62.8,2024,Table 3.3,https://www.icmr.gov.in/icmrobject/uploads/Report/1763981012_icmramrsnannualreport2024.pdf,2026-08-26,62.8,62.81,
Pseudomonas aeruginosa,imipenem,2020,4411,7036,62.7,2022,Table 5.3,https://www.icmr.gov.in/icmrobject/custom_data/pdf/resource-guidelines/AMRSN_Annual_Report_2022.pdf,2026-08-26,62.7,62.69,
Pseudomonas aeruginosa,imipenem,2020,4411,7036,62.7,2023,Table 4.6,https://www.icmr.gov.in/icmrobject/uploads/Documents/1725536060_annual_report_2023.pdf,2026-08-26,62.7,62.69,
Pseudomonas aeruginosa,imipenem,2020,4411,7036,62.7,2024,Table 3.3,https://www.icmr.gov.in/icmrobject/uploads/Report/1763981012_icmramrsnannualreport2024.pdf,2026-08-26,62.7,62.69,
Pseudomonas aeruginosa,imipenem,2021,6749,10389,65.0,2022,Table 5.3,https://www.icmr.gov.in/icmrobject/custom_data/pdf/resource-guidelines/AMRSN_Annual_Report_2022.pdf,2026-08-26,65.0,64.96,
Pseudomonas aeruginosa,imipenem,2021,6749,10389,65.0,2023,Table 4.6,https://www.icmr.gov.in/icmrobject/uploads/Documents/1725536060_annual_report_2023.pdf,2026-08-26,65.0,64.96,
Pseudomonas aeruginosa,imipenem,2021,6749,10389,65.0,2024,Table 3.3,https://www.icmr.gov.in/icmrobject/uploads/Report/1763981012_icmramrsnannualreport2024.pdf,2026-08-26,65.0,64.96,
Pseudomonas aeruginosa,imipenem,2022,8183,12795,63.9,2022,Table 5.3,https://www.icmr.gov.in/icmrobject/custom_data/pdf/resource-guidelines/AMRSN_Annual_Report_2022.pdf,2026-08-26,63.9,63.95,
Pseudomonas aeruginosa,imipenem,2022,8183,12795,63.9,2023,Table 4.6,https://www.icmr.gov.in/icmrobject/uploads/Documents/1725536060_annual_report_2023.pdf,2026-08-26,63.9,63.95,
Pseudomonas aeruginosa,imipenem,2022,8183,12795,63.9,2024,Table 3.3,https://www.icmr.gov.in/icmrobject/uploads/Report/1763981012_icmramrsnannualreport2024.pdf,2026-08-26,63.9,63.95,
Pseudomonas aeruginosa,imipenem,2023,4010,6525,61.5,2023,Table 4.6,https://www.icmr.gov.in/icmrobject/uploads/Documents/1725536060_annual_report_2023.pdf,2026-08-26,61.5,61.46,
Pseudomonas aeruginosa,imipenem,2023,4010,6525,61.5,2024,Table 3.3,https://www.icmr.gov.in/icmrobject/uploads/Report/1763981012_icmramrsnannualreport2024.pdf,2026-08-26,61.5,61.46,
Pseudomonas aeruginosa,imipenem,2024,5944,10443,56.9,2024,Table 3.3,https://www.icmr.gov.in/icmrobject/uploads/Report/1763981012_icmramrsnannualreport2024.pdf,2026-08-26,56.9,56.92,
Pseudomonas aeruginosa,levofloxacin,2017,3236,5351,60.5,2022,Table 5.3,https://www.icmr.gov.in/icmrobject/custom_data/pdf/resource-guidelines/AMRSN_Annual_Report_2022.pdf,2026-08-26,60.5,60.47,
Pseudomonas aeruginosa,levofloxacin,2017,3236,5351,60.5,2023,Table 4.6,https://www.icmr.gov.in/icmrobject/uploads/Documents/1725536060_annual_report_2023.pdf,2026-08-26,60.5,60.47,
Pseudomonas aeruginosa,levofloxacin,2017,3236,5351,60.5,2024,Table 3.3,https://www.icmr.gov.in/icmrobject/uploads/Report/1763981012_icmramrsnannualreport2024.pdf,2026-08-26,60.5,60.47,
Pseudomonas aeruginosa,levofloxacin,2018,4794,8217,58.3,2022,Table 5.3,https://www.icmr.gov.in/icmrobject/custom_data/pdf/resource-guidelines/AMRSN_Annual_Report_2022.pdf,2026-08-26,58.3,58.34,
Pseudomonas aeruginosa,levofloxacin,2018,4794,8217,58.3,2023,Table 4.6,https://www.icmr.gov.in/icmrobject/uploads/Documents/1725536060_annual_report_2023.pdf,2026-08-26,58.3,58.34,
Pseudomonas aeruginosa,levofloxacin,2018,4794,8217,58.3,2024,Table 3.3,https://www.icmr.gov.in/icmrobject/uploads/Report/1763981012_icmramrsnannualreport2024.pdf,2026-08-26,58.3,58.34,
Pseudomonas aeruginosa,levofloxacin,2019,6148,10922,56.3,2022,Table 5.3,https://www.icmr.gov.in/icmrobject/custom_data/pdf/resource-guidelines/AMRSN_Annual_Report_2022.pdf,2026-08-26,56.3,56.29,
Pseudomonas aeruginosa,levofloxacin,2019,6148,10922,56.3,2023,Table 4.6,https://www.icmr.gov.in/icmrobject/uploads/Documents/1725536060_annual_report_2023.pdf,2026-08-26,56.3,56.29,
Pseudomonas aeruginosa,levofloxacin,2019,6148,10922,56.3,2024,Table 3.3,https://www.icmr.gov.in/icmrobject/uploads/Report/1763981012_icmramrsnannualreport2024.pdf,2026-08-26,56.3,56.29,
Pseudomonas aeruginosa,levofloxacin,2020,3771,6743,55.9,2022,Table 5.3,https://www.icmr.gov.in/icmrobject/custom_data/pdf/resource-guidelines/AMRSN_Annual_Report_2022.pdf,2026-08-26,55.9,55.92,
Pseudomonas aeruginosa,levofloxacin,2020,3771,6743,55.9,2023,Table 4.6,https://www.icmr.gov.in/icmrobject/uploads/Documents/1725536060_annual_report_2023.pdf,2026-08-26,55.9,55.92,
Pseudomonas aeruginosa,levofloxacin,2020,3771,6743,55.9,2024,Table 3.3,https://www.icmr.gov.in/icmrobject/uploads/Report/1763981012_icmramrsnannualreport2024.pdf,2026-08-26,55.9,55.92,
Pseudomonas aeruginosa,levofloxacin,2021,5863,10123,57.9,2022,Table 5.3,https://www.icmr.gov.in/icmrobject/custom_data/pdf/resource-guidelines/AMRSN_Annual_Report_2022.pdf,2026-08-26,57.9,57.92,
Pseudomonas aeruginosa,levofloxacin,2021,5863,10123,57.9,2023,Table 4.6,https://www.icmr.gov.in/icmrobject/uploads/Documents/1725536060_annual_report_2023.pdf,2026-08-26,57.9,57.92,
Pseudomonas aeruginosa,levofloxacin,2021,5863,10123,57.9,2024,Table 3.3,https://www.icmr.gov.in/icmrobject/uploads/Report/1763981012_icmramrsnannualreport2024.pdf,2026-08-26,57.9,57.92,
Pseudomonas aeruginosa,levofloxacin,2022,5635,11048,51.0,2022,Table 5.3,https://www.icmr.gov.in/icmrobject/custom_data/pdf/resource-guidelines/AMRSN_Annual_Report_2022.pdf,2026-08-26,51.0,51.0,
Pseudomonas aeruginosa,levofloxacin,2022,5635,11048,51.0,2023,Table 4.6,https://www.icmr.gov.in/icmrobject/uploads/Documents/1725536060_annual_report_2023.pdf,2026-08-26,51.0,51.0,
Pseudomonas aeruginosa,levofloxacin,2022,5635,11048,51.0,2024,Table 3.3,https://www.icmr.gov.in/icmrobject/uploads/Report/1763981012_icmramrsnannualreport2024.pdf,2026-08-26,51.0,51.0,
Pseudomonas aeruginosa,levofloxacin,2023,2769,5771,48.0,2023,Table 4.6,https://www.icmr.gov.in/icmrobject/uploads/Documents/1725536060_annual_report_2023.pdf,2026-08-26,48.0,47.98,
Pseudomonas aeruginosa,levofloxacin,2023,2769,5771,48.0,2024,Table 3.3,https://www.icmr.gov.in/icmrobject/uploads/Report/1763981012_icmramrsnannualreport2024.pdf,2026-08-26,48.0,47.98,
Pseudomonas aeruginosa,levofloxacin,2024,4537,8407,54.0,2024,Table 3.3,https://www.icmr.gov.in/icmrobject/uploads/Report/1763981012_icmramrsnannualreport2024.pdf,2026-08-26,54.0,53.97,
Pseudomonas aeruginosa,meropenem,2017,3490,5083,68.7,2022,Table 5.3,https://www.icmr.gov.in/icmrobject/custom_data/pdf/resource-guidelines/AMRSN_Annual_Report_2022.pdf,2026-08-26,68.7,68.66,
Pseudomonas aeruginosa,meropenem,2017,3490,5083,68.7,2023,Table 4.6,https://www.icmr.gov.in/icmrobject/uploads/Documents/1725536060_annual_report_2023.pdf,2026-08-26,68.7,68.66,
Pseudomonas aeruginosa,meropenem,2017,3490,5083,68.7,2024,Table 3.3,https://www.icmr.gov.in/icmrobject/uploads/Report/1763981012_icmramrsnannualreport2024.pdf,2026-08-26,68.7,68.66,
Pseudomonas aeruginosa,meropenem,2018,5736,8292,69.2,2022,Table 5.3,https://www.icmr.gov.in/icmrobject/custom_data/pdf/resource-guidelines/AMRSN_Annual_Report_2022.pdf,2026-08-26,69.2,69.18,
Pseudomonas aeruginosa,meropenem,2018,5736,8292,69.2,2023,Table 4.6,https://www.icmr.gov.in/icmrobject/uploads/Documents/1725536060_annual_report_2023.pdf,2026-08-26,69.2,69.18,
Pseudomonas aeruginosa,meropenem,2018,5736,8292,69.2,2024,Table 3.3,https://www.icmr.gov.in/icmrobject/uploads/Report/1763981012_icmramrsnannualreport2024.pdf,2026-08-26,69.2,69.18,
Pseudomonas aeruginosa,meropenem,2019,8255,12242,67.4,2022,Table 5.3,https://www.icmr.gov.in/icmrobject/custom_data/pdf/resource-guidelines/AMRSN_Annual_Report_2022.pdf,2026-08-26,67.4,67.43,
Pseudomonas aeruginosa,meropenem,2019,8255,12242,67.4,2023,Table 4.6,https://www.icmr.gov.in/icmrobject/uploads/Documents/1725536060_annual_report_2023.pdf,2026-08-26,67.4,67.43,
Pseudomonas aeruginosa,meropenem,2019,8255,12242,67.4,2024,Table 3.3,https://www.icmr.gov.in/icmrobject/uploads/Report/1763981012_icmramrsnannualreport2024.pdf,2026-08-26,67.4,67.43,
Pseudomonas aeruginosa,meropenem,2020,4955,7661,64.7,2022,Table 5.3,https://www.icmr.gov.in/icmrobject/custom_data/pdf/resource-guidelines/AMRSN_Annual_Report_2022.pdf,2026-08-26,64.7,64.68,
Pseudomonas aeruginosa,meropenem,2020,4955,7661,64.7,2023,Table 4.6,https://www.icmr.gov.in/icmrobject/uploads/Documents/1725536060_annual_report_2023.pdf,2026-08-26,64.7,64.68,
Pseudomonas aeruginosa,meropenem,2020,4955,7661,64.7,2024,Table 3.3,https://www.icmr.gov.in/icmrobject/uploads/Report/1763981012_icmramrsnannualreport2024.pdf,2026-08-26,64.7,64.68,
Pseudomonas aeruginosa,meropenem,2021,7581,11280,67.2,2022,Table 5.3,https://www.icmr.gov.in/icmrobject/custom_data/pdf/resource-guidelines/AMRSN_Annual_Report_2022.pdf,2026-08-26,67.2,67.21,
Pseudomonas aeruginosa,meropenem,2021,7581,11280,67.2,2023,Table 4.6,https://www.icmr.gov.in/icmrobject/uploads/Documents/1725536060_annual_report_2023.pdf,2026-08-26,67.2,67.21,
Pseudomonas aeruginosa,meropenem,2021,7581,11280,67.2,2024,Table 3.3,https://www.icmr.gov.in/icmrobject/uploads/Report/1763981012_icmramrsnannualreport2024.pdf,2026-08-26,67.2,67.21,
Pseudomonas aeruginosa,meropenem,2022,8524,12898,66.1,2022,Table 5.3,https://www.icmr.gov.in/icmrobject/custom_data/pdf/resource-guidelines/AMRSN_Annual_Report_2022.pdf,2026-08-26,66.1,66.09,
Pseudomonas aeruginosa,meropenem,2022,8524,12898,66.1,2023,Table 4.6,https://www.icmr.gov.in/icmrobject/uploads/Documents/1725536060_annual_report_2023.pdf,2026-08-26,66.1,66.09,
Pseudomonas aeruginosa,meropenem,2022,8524,12898,66.1,2024,Table 3.3,https://www.icmr.gov.in/icmrobject/uploads/Report/1763981012_icmramrsnannualreport2024.pdf,2026-08-26,66.1,66.09,
Pseudomonas aeruginosa,meropenem,2023,4275,6525,65.5,2023,Table 4.6,https://www.icmr.gov.in/icmrobject/uploads/Documents/1725536060_annual_report_2023.pdf,2026-08-26,65.5,65.52,
Pseudomonas aeruginosa,meropenem,2023,4275,6525,65.5,2024,Table 3.3,https://www.icmr.gov.in/icmrobject/uploads/Report/1763981012_icmramrsnannualreport2024.pdf,2026-08-26,65.5,65.52,
Pseudomonas aeruginosa,meropenem,2024,6730,10857,62.0,2024,Table 3.3,https://www.icmr.gov.in/icmrobject/uploads/Report/1763981012_icmramrsnannualreport2024.pdf,2026-08-26,62.0,61.99,
Pseudomonas aeruginosa,piperacillin-tazobactam,2017,3757,5450,68.9,2022,Table 5.3,https://www.icmr.gov.in/icmrobject/custom_data/pdf/resource-guidelines/AMRSN_Annual_Report_2022.pdf,2026-08-26,68.9,68.94,
Pseudomonas aeruginosa,piperacillin-tazobactam,2017,3757,5450,68.9,2023,Table 4.6,https://www.icmr.gov.in/icmrobject/uploads/Documents/1725536060_annual_report_2023.pdf,2026-08-26,68.9,68.94,
Pseudomonas aeruginosa,piperacillin-tazobactam,2017,3757,5450,68.9,2024,Table 3.3,https://www.icmr.gov.in/icmrobject/uploads/Report/1763981012_icmramrsnannualreport2024.pdf,2026-08-26,68.9,68.94,
Pseudomonas aeruginosa,piperacillin-tazobactam,2018,6034,8499,71.0,2022,Table 5.3,https://www.icmr.gov.in/icmrobject/custom_data/pdf/resource-guidelines/AMRSN_Annual_Report_2022.pdf,2026-08-26,71.0,71.0,
Pseudomonas aeruginosa,piperacillin-tazobactam,2018,6034,8499,71.0,2023,Table 4.6,https://www.icmr.gov.in/icmrobject/uploads/Documents/1725536060_annual_report_2023.pdf,2026-08-26,71.0,71.0,
Pseudomonas aeruginosa,piperacillin-tazobactam,2018,6034,8499,71.0,2024,Table 3.3,https://www.icmr.gov.in/icmrobject/uploads/Report/1763981012_icmramrsnannualreport2024.pdf,2026-08-26,71.0,71.0,
Pseudomonas aeruginosa,piperacillin-tazobactam,2019,8416,11430,73.6,2022,Table 5.3,https://www.icmr.gov.in/icmrobject/custom_data/pdf/resource-guidelines/AMRSN_Annual_Report_2022.pdf,2026-08-26,73.6,73.63,
Pseudomonas aeruginosa,piperacillin-tazobactam,2019,8416,11430,73.6,2023,Table 4.6,https://www.icmr.gov.in/icmrobject/uploads/Documents/1725536060_annual_report_2023.pdf,2026-08-26,73.6,73.63,
Pseudomonas aeruginosa,piperacillin-tazobactam,2019,8416,11430,73.6,2024,Table 3.3,https://www.icmr.gov.in/icmrobject/uploads/Report/1763981012_icmramrsnannualreport2024.pdf,2026-08-26,73.6,73.63,
Pseudomonas aeruginosa,piperacillin-tazobactam,2020,5012,7418,67.6,2022,Table 5.3,https://www.icmr.gov.in/icmrobject/custom_data/pdf/resource-guidelines/AMRSN_Annual_Report_2022.pdf,2026-08-26,67.6,67.57,
Pseudomonas aeruginosa,piperacillin-tazobactam,2020,5012,7418,67.6,2023,Table 4.6,https://www.icmr.gov.in/icmrobject/uploads/Documents/1725536060_annual_report_2023.pdf,2026-08-26,67.6,67.57,
Pseudomonas aeruginosa,piperacillin-tazobactam,2020,5012,7418,67.6,2024,Table 3.3,https://www.icmr.gov.in/icmrobject/uploads/Report/1763981012_icmramrsnannualreport2024.pdf,2026-08-26,67.6,67.57,
Pseudomonas aeruginosa,piperacillin-tazobactam,2021,7548,10835,69.7,2022,Table 5.3,https://www.icmr.gov.in/icmrobject/custom_data/pdf/resource-guidelines/AMRSN_Annual_Report_2022.pdf,2026-08-26,69.7,69.66,
Pseudomonas aeruginosa,piperacillin-tazobactam,2021,7548,10835,69.7,2023,Table 4.6,https://www.icmr.gov.in/icmrobject/uploads/Documents/1725536060_annual_report_2023.pdf,2026-08-26,69.7,69.66,
Pseudomonas aeruginosa,piperacillin-tazobactam,2021,7548,10835,69.7,2024,Table 3.3,https://www.icmr.gov.in/icmrobject/uploads/Report/1763981012_icmramrsnannualreport2024.pdf,2026-08-26,69.7,69.66,
Pseudomonas aeruginosa,piperacillin-tazobactam,2022,9017,113156,68.5,2022,Table 5.3,https://www.icmr.gov.in/icmrobject/custom_data/pdf/resource-guidelines/AMRSN_Annual_Report_2022.pdf,2026-08-26,68.5,7.97,"pct_mismatch(reported=68.5,computed=7.97)"
Pseudomonas aeruginosa,piperacillin-tazobactam,2022,9017,113156,68.5,2023,Table 4.6,https://www.icmr.gov.in/icmrobject/uploads/Documents/1725536060_annual_report_2023.pdf,2026-08-26,68.5,7.97,"pct_mismatch(reported=68.5,computed=7.97)"
Pseudomonas aeruginosa,piperacillin-tazobactam,2022,9017,13156,68.5,2024,Table 3.3,https://www.icmr.gov.in/icmrobject/uploads/Report/1763981012_icmramrsnannualreport2024.pdf,2026-08-26,68.5,68.54,
Pseudomonas aeruginosa,piperacillin-tazobactam,2023,4483,6525,68.7,2023,Table 4.6,https://www.icmr.gov.in/icmrobject/uploads/Documents/1725536060_annual_report_2023.pdf,2026-08-26,68.7,68.7,
Pseudomonas aeruginosa,piperacillin-tazobactam,2023,4483,6525,68.7,2024,Table 3.3,https://www.icmr.gov.in/icmrobject/uploads/Report/1763981012_icmramrsnannualreport2024.pdf,2026-08-26,68.7,68.7,
Pseudomonas aeruginosa,piperacillin-tazobactam,2024,7242,10443,69.3,2024,Table 3.3,https://www.icmr.gov.in/icmrobject/uploads/Report/1763981012_icmramrsnannualreport2024.pdf,2026-08-26,69.3,69.35,
Pseudomonas aeruginosa,tobramycin,2017,2954,4365,67.7,2022,Table 5.3,https://www.icmr.gov.in/icmrobject/custom_data/pdf/resource-guidelines/AMRSN_Annual_Report_2022.pdf,2026-08-26,67.7,67.67,
Pseudomonas aeruginosa,tobramycin,2017,2954,4365,67.7,2023,Table 4.6,https://www.icmr.gov.in/icmrobject/uploads/Documents/1725536060_annual_report_2023.pdf,2026-08-26,67.7,67.67,
Pseudomonas aeruginosa,tobramycin,2017,2954,4365,67.7,2024,Table 3.3,https://www.icmr.gov.in/icmrobject/uploads/Report/1763981012_icmramrsnannualreport2024.pdf,2026-08-26,67.7,67.67,
Pseudomonas aeruginosa,tobramycin,2018,3809,5603,68.0,2022,Table 5.3,https://www.icmr.gov.in/icmrobject/custom_data/pdf/resource-guidelines/AMRSN_Annual_Report_2022.pdf,2026-08-26,68.0,67.98,
Pseudomonas aeruginosa,tobramycin,2018,3809,5603,68.0,2023,Table 4.6,https://www.icmr.gov.in/icmrobject/uploads/Documents/1725536060_annual_report_2023.pdf,2026-08-26,68.0,67.98,
Pseudomonas aeruginosa,tobramycin,2018,3809,5603,68.0,2024,Table 3.3,https://www.icmr.gov.in/icmrobject/uploads/Report/1763981012_icmramrsnannualreport2024.pdf,2026-08-26,68.0,67.98,
Pseudomonas aeruginosa,tobramycin,2019,4627,6783,68.2,2022,Table 5.3,https://www.icmr.gov.in/icmrobject/custom_data/pdf/resource-guidelines/AMRSN_Annual_Report_2022.pdf,2026-08-26,68.2,68.21,
Pseudomonas aeruginosa,tobramycin,2019,4627,6783,68.2,2023,Table 4.6,https://www.icmr.gov.in/icmrobject/uploads/Documents/1725536060_annual_report_2023.pdf,2026-08-26,68.2,68.21,
Pseudomonas aeruginosa,tobramycin,2019,4627,6783,68.2,2024,Table 3.3,https://www.icmr.gov.in/icmrobject/uploads/Report/1763981012_icmramrsnannualreport2024.pdf,2026-08-26,68.2,68.21,
Pseudomonas aeruginosa,tobramycin,2020,2907,4331,67.1,2022,Table 5.3,https://www.icmr.gov.in/icmrobject/custom_data/pdf/resource-guidelines/AMRSN_Annual_Report_2022.pdf,2026-08-26,67.1,67.12,
Pseudomonas aeruginosa,tobramycin,2020,2907,4331,67.1,2023,Table 4.6,https://www.icmr.gov.in/icmrobject/uploads/Documents/1725536060_annual_report_2023.pdf,2026-08-26,67.1,67.12,
Pseudomonas aeruginosa,tobramycin,2020,2907,4331,67.1,2024,Table 3.3,https://www.icmr.gov.in/icmrobject/uploads/Report/1763981012_icmramrsnannualreport2024.pdf,2026-08-26,67.1,67.12,
Pseudomonas aeruginosa,tobramycin,2021,4148,6015,69.0,2022,Table 5.3,https://www.icmr.gov.in/icmrobject/custom_data/pdf/resource-guidelines/AMRSN_Annual_Report_2022.pdf,2026-08-26,69.0,68.96,
Pseudomonas aeruginosa,tobramycin,2021,4148,6015,69.0,2023,Table 4.6,https://www.icmr.gov.in/icmrobject/uploads/Documents/1725536060_annual_report_2023.pdf,2026-08-26,69.0,68.96,
Pseudomonas aeruginosa,tobramycin,2021,4148,6015,69.0,2024,Table 3.3,https://www.icmr.gov.in/icmrobject/uploads/Report/1763981012_icmramrsnannualreport2024.pdf,2026-08-26,69.0,68.96,
Pseudomonas aeruginosa,tobramycin,2022,4364,6379,68.4,2022,Table 5.3,https://www.icmr.gov.in/icmrobject/custom_data/pdf/resource-guidelines/AMRSN_Annual_Report_2022.pdf,2026-08-26,68.4,68.41,
Pseudomonas aeruginosa,tobramycin,2022,4364,6379,68.4,2023,Table 4.6,https://www.icmr.gov.in/icmrobject/uploads/Documents/1725536060_annual_report_2023.pdf,2026-08-26,68.4,68.41,
Pseudomonas aeruginosa,tobramycin,2022,4364,6379,68.4,2024,Table 3.3,https://www.icmr.gov.in/icmrobject/uploads/Report/1763981012_icmramrsnannualreport2024.pdf,2026-08-26,68.4,68.41,
Pseudomonas aeruginosa,tobramycin,2023,2523,3957,63.8,2023,Table 4.6,https://www.icmr.gov.in/icmrobject/uploads/Documents/1725536060_annual_report_2023.pdf,2026-08-26,63.8,63.76,
Pseudomonas aeruginosa,tobramycin,2023,2523,3957,63.8,2024,Table 3.3,https://www.icmr.gov.in/icmrobject/uploads/Report/1763981012_icmramrsnannualreport2024.pdf,2026-08-26,63.8,63.76,
Pseudomonas aeruginosa,tobramycin,2024,3099,4522,68.5,2024,Table 3.3,https://www.icmr.gov.in/icmrobject/uploads/Report/1763981012_icmramrsnannualreport2024.pdf,2026-08-26,68.5,68.53,
Staphylococcus aureus,cefoxitin,2017,3805,5668,67.1,2022,Table 6.4,https://www.icmr.gov.in/icmrobject/custom_data/pdf/resource-guidelines/AMRSN_Annual_Report_2022.pdf,2026-08-26,67.1,67.13,
Staphylococcus aureus,cefoxitin,2017,3805,5668,67.1,2023,Table 7.4,https://www.icmr.gov.in/icmrobject/uploads/Documents/1725536060_annual_report_2023.pdf,2026-08-26,67.1,67.13,
Staphylococcus aureus,cefoxitin,2017,3805,5668,67.1,2024,Table 6.4,https://www.icmr.gov.in/icmrobject/uploads/Report/1763981012_icmramrsnannualreport2024.pdf,2026-08-26,67.1,67.13,
Staphylococcus aureus,cefoxitin,2018,4863,7919,61.4,2022,Table 6.4,https://www.icmr.gov.in/icmrobject/custom_data/pdf/resource-guidelines/AMRSN_Annual_Report_2022.pdf,2026-08-26,61.4,61.41,
Staphylococcus aureus,cefoxitin,2018,4863,7919,61.4,2023,Table 7.4,https://www.icmr.gov.in/icmrobject/uploads/Documents/1725536060_annual_report_2023.pdf,2026-08-26,61.4,61.41,
Staphylococcus aureus,cefoxitin,2018,4863,7919,61.4,2024,Table 6.4,https://www.icmr.gov.in/icmrobject/uploads/Report/1763981012_icmramrsnannualreport2024.pdf,2026-08-26,61.4,61.41,
Staphylococcus aureus,cefoxitin,2019,6272,10835,57.9,2022,Table 6.4,https://www.icmr.gov.in/icmrobject/custom_data/pdf/resource-guidelines/AMRSN_Annual_Report_2022.pdf,2026-08-26,57.9,57.89,
Staphylococcus aureus,cefoxitin,2019,6272,10835,57.9,2023,Table 7.4,https://www.icmr.gov.in/icmrobject/uploads/Documents/1725536060_annual_report_2023.pdf,2026-08-26,57.9,57.89,
Staphylococcus aureus,cefoxitin,2019,6272,10835,57.9,2024,Table 6.4,https://www.icmr.gov.in/icmrobject/uploads/Report/1763981012_icmramrsnannualreport2024.pdf,2026-08-26,57.9,57.89,
Staphylococcus aureus,cefoxitin,2020,3394,5787,58.6,2022,Table 6.4,https://www.icmr.gov.in/icmrobject/custom_data/pdf/resource-guidelines/AMRSN_Annual_Report_2022.pdf,2026-08-26,58.6,58.65,
Staphylococcus aureus,cefoxitin,2020,3394,5787,58.6,2023,Table 7.4,https://www.icmr.gov.in/icmrobject/uploads/Documents/1725536060_annual_report_2023.pdf,2026-08-26,58.6,58.65,
Staphylococcus aureus,cefoxitin,2020,3394,5787,58.6,2024,Table 6.4,https://www.icmr.gov.in/icmrobject/uploads/Report/1763981012_icmramrsnannualreport2024.pdf,2026-08-26,58.6,58.65,
Staphylococcus aureus,cefoxitin,2021,3869,6740,57.4,2022,Table 6.4,https://www.icmr.gov.in/icmrobject/custom_data/pdf/resource-guidelines/AMRSN_Annual_Report_2022.pdf,2026-08-26,57.4,57.4,
Staphylococcus aureus,cefoxitin,2021,3869,6740,57.4,2023,Table 7.4,https://www.icmr.gov.in/icmrobject/uploads/Documents/1725536060_annual_report_2023.pdf,2026-08-26,57.4,57.4,
Staphylococcus aureus,cefoxitin,2021,3869,6740,57.4,2024,Table 6.4,https://www.icmr.gov.in/icmrobject/uploads/Report/1763981012_icmramrsnannualreport2024.pdf,2026-08-26,57.4,57.4,
Staphylococcus aureus,cefoxitin,2022,4657,8387,55.5,2022,Table 6.4,https://www.icmr.gov.in/icmrobject/custom_data/pdf/resource-guidelines/AMRSN_Annual_Report_2022.pdf,2026-08-26,55.5,55.53,
Staphylococcus aureus,cefoxitin,2022,4657,8387,55.5,2023,Table 7.4,https://www.icmr.gov.in/icmrobject/uploads/Documents/1725536060_annual_report_2023.pdf,2026-08-26,55.5,55.53,
Staphylococcus aureus,cefoxitin,2022,4657,8387,55.5,2024,Table 6.4,https://www.icmr.gov.in/icmrobject/uploads/Report/1763981012_icmramrsnannualreport2024.pdf,2026-08-26,55.5,55.53,
Staphylococcus aureus,cefoxitin,2023,3954,7017,56.3,2023,Table 7.4,https://www.icmr.gov.in/icmrobject/uploads/Documents/1725536060_annual_report_2023.pdf,2026-08-26,56.3,56.35,
Staphylococcus aureus,cefoxitin,2023,3954,7017,56.3,2024,Table 6.4,https://www.icmr.gov.in/icmrobject/uploads/Report/1763981012_icmramrsnannualreport2024.pdf,2026-08-26,56.3,56.35,
Staphylococcus aureus,cefoxitin,2024,2233,4690,47.61,2024,Table 6.4,https://www.icmr.gov.in/icmrobject/uploads/Report/1763981012_icmramrsnannualreport2024.pdf,2026-08-26,47.61,47.61,
Staphylococcus aureus,ciprofloxacin,2017,1224,5260,23.3,2022,Table 6.4,https://www.icmr.gov.in/icmrobject/custom_data/pdf/resource-guidelines/AMRSN_Annual_Report_2022.pdf,2026-08-26,23.3,23.27,
Staphylococcus aureus,ciprofloxacin,2017,1224,5260,23.3,2023,Table 7.4,https://www.icmr.gov.in/icmrobject/uploads/Documents/1725536060_annual_report_2023.pdf,2026-08-26,23.3,23.27,
Staphylococcus aureus,ciprofloxacin,2017,1224,5260,23.3,2024,Table 6.4,https://www.icmr.gov.in/icmrobject/uploads/Report/1763981012_icmramrsnannualreport2024.pdf,2026-08-26,23.3,23.27,
Staphylococcus aureus,ciprofloxacin,2018,1497,8094,18.5,2022,Table 6.4,https://www.icmr.gov.in/icmrobject/custom_data/pdf/resource-guidelines/AMRSN_Annual_Report_2022.pdf,2026-08-26,18.5,18.5,
Staphylococcus aureus,ciprofloxacin,2018,1497,8094,18.5,2023,Table 7.4,https://www.icmr.gov.in/icmrobject/uploads/Documents/1725536060_annual_report_2023.pdf,2026-08-26,18.5,18.5,
Staphylococcus aureus,ciprofloxacin,2018,1497,8094,18.5,2024,Table 6.4,https://www.icmr.gov.in/icmrobject/uploads/Report/1763981012_icmramrsnannualreport2024.pdf,2026-08-26,18.5,18.5,
Staphylococcus aureus,ciprofloxacin,2019,1990,11200,17.8,2022,Table 6.4,https://www.icmr.gov.in/icmrobject/custom_data/pdf/resource-guidelines/AMRSN_Annual_Report_2022.pdf,2026-08-26,17.8,17.77,
Staphylococcus aureus,ciprofloxacin,2019,1990,11200,17.8,2023,Table 7.4,https://www.icmr.gov.in/icmrobject/uploads/Documents/1725536060_annual_report_2023.pdf,2026-08-26,17.8,17.77,
Staphylococcus aureus,ciprofloxacin,2019,1990,11200,17.8,2024,Table 6.4,https://www.icmr.gov.in/icmrobject/uploads/Report/1763981012_icmramrsnannualreport2024.pdf,2026-08-26,17.8,17.77,
Staphylococcus aureus,ciprofloxacin,2020,1101,5845,18.8,2022,Table 6.4,https://www.icmr.gov.in/icmrobject/custom_data/pdf/resource-guidelines/AMRSN_Annual_Report_2022.pdf,2026-08-26,18.8,18.84,
Staphylococcus aureus,ciprofloxacin,2020,1101,5845,18.8,2023,Table 7.4,https://www.icmr.gov.in/icmrobject/uploads/Documents/1725536060_annual_report_2023.pdf,2026-08-26,18.8,18.84,
Staphylococcus aureus,ciprofloxacin,2020,1101,5845,18.8,2024,Table 6.4,https://www.icmr.gov.in/icmrobject/uploads/Report/1763981012_icmramrsnannualreport2024.pdf,2026-08-26,18.8,18.84,
Staphylococcus aureus,ciprofloxacin,2021,1455,8341,17.4,2022,Table 6.4,https://www.icmr.gov.in/icmrobject/custom_data/pdf/resource-guidelines/AMRSN_Annual_Report_2022.pdf,2026-08-26,17.4,17.44,
Staphylococcus aureus,ciprofloxacin,2021,1455,8341,17.4,2023,Table 7.4,https://www.icmr.gov.in/icmrobject/uploads/Documents/1725536060_annual_report_2023.pdf,2026-08-26,17.4,17.44,
Staphylococcus aureus,ciprofloxacin,2021,1455,8341,17.4,2024,Table 6.4,https://www.icmr.gov.in/icmrobject/uploads/Report/1763981012_icmramrsnannualreport2024.pdf,2026-08-26,17.4,17.44,
Staphylococcus aureus,ciprofloxacin,2022,1948,9050,21.5,2022,Table 6.4,https://www.icmr.gov.in/icmrobject/custom_data/pdf/resource-guidelines/AMRSN_Annual_Report_2022.pdf,2026-08-26,21.5,21.52,
Staphylococcus aureus,ciprofloxacin,2022,1948,9050,21.5,2023,Table 7.4,https://www.icmr.gov.in/icmrobject/uploads/Documents/1725536060_annual_report_2023.pdf,2026-08-26,21.5,21.52,
Staphylococcus aureus,ciprofloxacin,2022,1948,9050,21.5,2024,Table 6.4,https://www.icmr.gov.in/icmrobject/uploads/Report/1763981012_icmramrsnannualreport2024.pdf,2026-08-26,21.5,21.52,
Staphylococcus aureus,ciprofloxacin,2023,1972,8850,22.3,2023,Table 7.4,https://www.icmr.gov.in/icmrobject/uploads/Documents/1725536060_annual_report_2023.pdf,2026-08-26,22.3,22.28,
Staphylococcus aureus,ciprofloxacin,2023,1972,8850,22.3,2024,Table 6.4,https://www.icmr.gov.in/icmrobject/uploads/Report/1763981012_icmramrsnannualreport2024.pdf,2026-08-26,22.3,22.28,
Staphylococcus aureus,ciprofloxacin,2024,1473,8035,18.33,2024,Table 6.4,https://www.icmr.gov.in/icmrobject/uploads/Report/1763981012_icmramrsnannualreport2024.pdf,2026-08-26,18.33,18.33,
Staphylococcus aureus,clindamycin,2017,4235,5475,77.4,2022,Table 6.4,https://www.icmr.gov.in/icmrobject/custom_data/pdf/resource-guidelines/AMRSN_Annual_Report_2022.pdf,2026-08-26,77.4,77.35,
Staphylococcus aureus,clindamycin,2017,4235,5475,77.4,2023,Table 7.4,https://www.icmr.gov.in/icmrobject/uploads/Documents/1725536060_annual_report_2023.pdf,2026-08-26,77.4,77.35,
Staphylococcus aureus,clindamycin,2017,4235,5475,77.4,2024,Table 6.4,https://www.icmr.gov.in/icmrobject/uploads/Report/1763981012_icmramrsnannualreport2024.pdf,2026-08-26,77.4,77.35,
Staphylococcus aureus,clindamycin,2018,6460,8456,76.4,2022,Table 6.4,https://www.icmr.gov.in/icmrobject/custom_data/pdf/resource-guidelines/AMRSN_Annual_Report_2022.pdf,2026-08-26,76.4,76.4,
Staphylococcus aureus,clindamycin,2018,6460,8456,76.4,2023,Table 7.4,https://www.icmr.gov.in/icmrobject/uploads/Documents/1725536060_annual_report_2023.pdf,2026-08-26,76.4,76.4,
Staphylococcus aureus,clindamycin,2018,6460,8456,76.4,2024,Table 6.4,https://www.icmr.gov.in/icmrobject/uploads/Report/1763981012_icmramrsnannualreport2024.pdf,2026-08-26,76.4,76.4,
Staphylococcus aureus,clindamycin,2019,9153,11984,76.4,2022,Table 6.4,https://www.icmr.gov.in/icmrobject/custom_data/pdf/resource-guidelines/AMRSN_Annual_Report_2022.pdf,2026-08-26,76.4,76.38,
Staphylococcus aureus,clindamycin,2019,9153,11984,76.4,2023,Table 7.4,https://www.icmr.gov.in/icmrobject/uploads/Documents/1725536060_annual_report_2023.pdf,2026-08-26,76.4,76.38,
Staphylococcus aureus,clindamycin,2019,9153,11984,76.4,2024,Table 6.4,https://www.icmr.gov.in/icmrobject/uploads/Report/1763981012_icmramrsnannualreport2024.pdf,2026-08-26,76.4,76.38,
Staphylococcus aureus,clindamycin,2020,4645,6084,76.3,2022,Table 6.4,https://www.icmr.gov.in/icmrobject/custom_data/pdf/resource-guidelines/AMRSN_Annual_Report_2022.pdf,2026-08-26,76.3,76.35,
Staphylococcus aureus,clindamycin,2020,4645,6084,76.3,2023,Table 7.4,https://www.icmr.gov.in/icmrobject/uploads/Documents/1725536060_annual_report_2023.pdf,2026-08-26,76.3,76.35,
Staphylococcus aureus,clindamycin,2020,4645,6084,76.3,2024,Table 6.4,https://www.icmr.gov.in/icmrobject/uploads/Report/1763981012_icmramrsnannualreport2024.pdf,2026-08-26,76.3,76.35,
Staphylococcus aureus,clindamycin,2021,6334,8579,73.8,2022,Table 6.4,https://www.icmr.gov.in/icmrobject/custom_data/pdf/resource-guidelines/AMRSN_Annual_Report_2022.pdf,2026-08-26,73.8,73.83,
Staphylococcus aureus,clindamycin,2021,6334,8579,73.8,2023,Table 7.4,https://www.icmr.gov.in/icmrobject/uploads/Documents/1725536060_annual_report_2023.pdf,2026-08-26,73.8,73.83,
Staphylococcus aureus,clindamycin,2021,6334,8579,73.8,2024,Table 6.4,https://www.icmr.gov.in/icmrobject/uploads/Report/1763981012_icmramrsnannualreport2024.pdf,2026-08-26,73.8,73.83,
Staphylococcus aureus,clindamycin,2022,6815,9154,74.4,2022,Table 6.4,https://www.icmr.gov.in/icmrobject/custom_data/pdf/resource-guidelines/AMRSN_Annual_Report_2022.pdf,2026-08-26,74.4,74.45,
Staphylococcus aureus,clindamycin,2022,6815,9154,74.4,2023,Table 7.4,https://www.icmr.gov.in/icmrobject/uploads/Documents/1725536060_annual_report_2023.pdf,2026-08-26,74.4,74.45,
Staphylococcus aureus,clindamycin,2022,6815,9154,74.4,2024,Table 6.4,https://www.icmr.gov.in/icmrobject/uploads/Report/1763981012_icmramrsnannualreport2024.pdf,2026-08-26,74.4,74.45,
Staphylococcus aureus,clindamycin,2023,6464,8786,73.6,2023,Table 7.4,https://www.icmr.gov.in/icmrobject/uploads/Documents/1725536060_annual_report_2023.pdf,2026-08-26,73.6,73.57,
Staphylococcus aureus,clindamycin,2023,6464,8786,73.6,2024,Table 6.4,https://www.icmr.gov.in/icmrobject/uploads/Report/1763981012_icmramrsnannualreport2024.pdf,2026-08-26,73.6,73.57,
Staphylococcus aureus,clindamycin,2024,6000,8255,72.68,2024,Table 6.4,https://www.icmr.gov.in/icmrobject/uploads/Report/1763981012_icmramrsnannualreport2024.pdf,2026-08-26,72.68,72.68,
Staphylococcus aureus,cotrimoxazole,2017,3064,4306,71.2,2022,Table 6.4,https://www.icmr.gov.in/icmrobject/custom_data/pdf/resource-guidelines/AMRSN_Annual_Report_2022.pdf,2026-08-26,71.2,71.16,
Staphylococcus aureus,cotrimoxazole,2017,3064,4306,71.2,2023,Table 7.4,https://www.icmr.gov.in/icmrobject/uploads/Documents/1725536060_annual_report_2023.pdf,2026-08-26,71.2,71.16,
Staphylococcus aureus,cotrimoxazole,2017,3064,4306,71.2,2024,Table 6.4,https://www.icmr.gov.in/icmrobject/uploads/Report/1763981012_icmramrsnannualreport2024.pdf,2026-08-26,71.2,71.16,
Staphylococcus aureus,cotrimoxazole,2018,4764,7565,63.0,2022,Table 6.4,https://www.icmr.gov.in/icmrobject/custom_data/pdf/resource-guidelines/AMRSN_Annual_Report_2022.pdf,2026-08-26,63.0,62.97,
Staphylococcus aureus,cotrimoxazole,2018,4764,7565,63.0,2023,Table 7.4,https://www.icmr.gov.in/icmrobject/uploads/Documents/1725536060_annual_report_2023.pdf,2026-08-26,63.0,62.97,
Staphylococcus aureus,cotrimoxazole,2018,4764,7565,63.0,2024,Table 6.4,https://www.icmr.gov.in/icmrobject/uploads/Report/1763981012_icmramrsnannualreport2024.pdf,2026-08-26,63.0,62.97,
Staphylococcus aureus,cotrimoxazole,2019,7927,11401,69.5,2022,Table 6.4,https://www.icmr.gov.in/icmrobject/custom_data/pdf/resource-guidelines/AMRSN_Annual_Report_2022.pdf,2026-08-26,69.5,69.53,
Staphylococcus aureus,cotrimoxazole,2019,7927,11401,69.5,2023,Table 7.4,https://www.icmr.gov.in/icmrobject/uploads/Documents/1725536060_annual_report_2023.pdf,2026-08-26,69.5,69.53,
Staphylococcus aureus,cotrimoxazole,2019,7927,11401,69.5,2024,Table 6.4,https://www.icmr.gov.in/icmrobject/uploads/Report/1763981012_icmramrsnannualreport2024.pdf,2026-08-26,69.5,69.53,
Staphylococcus aureus,cotrimoxazole,2020,3926,5821,67.4,2022,Table 6.4,https://www.icmr.gov.in/icmrobject/custom_data/pdf/resource-guidelines/AMRSN_Annual_Report_2022.pdf,2026-08-26,67.4,67.45,
Staphylococcus aureus,cotrimoxazole,2020,3926,5821,67.4,2023,Table 7.4,https://www.icmr.gov.in/icmrobject/uploads/Documents/1725536060_annual_report_2023.pdf,2026-08-26,67.4,67.45,
Staphylococcus aureus,cotrimoxazole,2020,3926,5821,67.4,2024,Table 6.4,https://www.icmr.gov.in/icmrobject/uploads/Report/1763981012_icmramrsnannualreport2024.pdf,2026-08-26,67.4,67.45,
Staphylococcus aureus,cotrimoxazole,2021,4718,6954,67.8,2022,Table 6.4,https://www.icmr.gov.in/icmrobject/custom_data/pdf/resource-guidelines/AMRSN_Annual_Report_2022.pdf,2026-08-26,67.8,67.85,
Staphylococcus aureus,cotrimoxazole,2021,4718,6954,67.8,2023,Table 7.4,https://www.icmr.gov.in/icmrobject/uploads/Documents/1725536060_annual_report_2023.pdf,2026-08-26,67.8,67.85,
Staphylococcus aureus,cotrimoxazole,2021,4718,6954,67.8,2024,Table 6.4,https://www.icmr.gov.in/icmrobject/uploads/Report/1763981012_icmramrsnannualreport2024.pdf,2026-08-26,67.8,67.85,
Staphylococcus aureus,cotrimoxazole,2022,6374,8620,73.9,2022,Table 6.4,https://www.icmr.gov.in/icmrobject/custom_data/pdf/resource-guidelines/AMRSN_Annual_Report_2022.pdf,2026-08-26,73.9,73.94,
Staphylococcus aureus,cotrimoxazole,2022,6374,8620,73.9,2023,Table 7.4,https://www.icmr.gov.in/icmrobject/uploads/Documents/1725536060_annual_report_2023.pdf,2026-08-26,73.9,73.94,
Staphylococcus aureus,cotrimoxazole,2022,6374,8620,73.9,2024,Table 6.4,https://www.icmr.gov.in/icmrobject/uploads/Report/1763981012_icmramrsnannualreport2024.pdf,2026-08-26,73.9,73.94,
Staphylococcus aureus,cotrimoxazole,2023,6645,8850,75.1,2023,Table 7.4,https://www.icmr.gov.in/icmrobject/uploads/Documents/1725536060_annual_report_2023.pdf,2026-08-26,75.1,75.08,
Staphylococcus aureus,cotrimoxazole,2023,6645,8850,75.1,2024,Table 6.4,https://www.icmr.gov.in/icmrobject/uploads/Report/1763981012_icmramrsnannualreport2024.pdf,2026-08-26,75.1,75.08,
Staphylococcus aureus,cotrimoxazole,2024,6118,7968,76.78,2024,Table 6.4,https://www.icmr.gov.in/icmrobject/uploads/Report/1763981012_icmramrsnannualreport2024.pdf,2026-08-26,76.78,76.78,
Staphylococcus aureus,erythromycin,2017,2755,5570,49.5,2022,Table 6.4,https://www.icmr.gov.in/icmrobject/custom_data/pdf/resource-guidelines/AMRSN_Annual_Report_2022.pdf,2026-08-26,49.5,49.46,
Staphylococcus aureus,erythromycin,2017,2755,5570,49.5,2023,Table 7.4,https://www.icmr.gov.in/icmrobject/uploads/Documents/1725536060_annual_report_2023.pdf,2026-08-26,49.5,49.46,
Staphylococcus aureus,erythromycin,2017,2755,5570,49.5,2024,Table 6.4,https://www.icmr.gov.in/icmrobject/uploads/Report/1763981012_icmramrsnannualreport2024.pdf,2026-08-26,49.5,49.46,
Staphylococcus aureus,erythromycin,2018,3593,8102,44.3,2022,Table 6.4,https://www.icmr.gov.in/icmrobject/custom_data/pdf/resource-guidelines/AMRSN_Annual_Report_2022.pdf,2026-08-26,44.3,44.35,
Staphylococcus aureus,erythromycin,2018,3593,8102,44.3,2023,Table 7.4,https://www.icmr.gov.in/icmrobject/uploads/Documents/1725536060_annual_report_2023.pdf,2026-08-26,44.3,44.35,
Staphylococcus aureus,erythromycin,2018,3593,8102,44.3,2024,Table 6.4,https://www.icmr.gov.in/icmrobject/uploads/Report/1763981012_icmramrsnannualreport2024.pdf,2026-08-26,44.3,44.35,
Staphylococcus aureus,erythromycin,2019,4803,11975,40.1,2022,Table 6.4,https://www.icmr.gov.in/icmrobject/custom_data/pdf/resource-guidelines/AMRSN_Annual_Report_2022.pdf,2026-08-26,40.1,40.11,
Staphylococcus aureus,erythromycin,2019,4803,11975,40.1,2023,Table 7.4,https://www.icmr.gov.in/icmrobject/uploads/Documents/1725536060_annual_report_2023.pdf,2026-08-26,40.1,40.11,
Staphylococcus aureus,erythromycin,2019,4803,11975,40.1,2024,Table 6.4,https://www.icmr.gov.in/icmrobject/uploads/Report/1763981012_icmramrsnannualreport2024.pdf,2026-08-26,40.1,40.11,
Staphylococcus aureus,erythromycin,2020,2594,6096,42.6,2022,Table 6.4,https://www.icmr.gov.in/icmrobject/custom_data/pdf/resource-guidelines/AMRSN_Annual_Report_2022.pdf,2026-08-26,42.6,42.55,
Staphylococcus aureus,erythromycin,2020,2594,6096,42.6,2023,Table 7.4,https://www.icmr.gov.in/icmrobject/uploads/Documents/1725536060_annual_report_2023.pdf,2026-08-26,42.6,42.55,
Staphylococcus aureus,erythromycin,2020,2594,6096,42.6,2024,Table 6.4,https://www.icmr.gov.in/icmrobject/uploads/Report/1763981012_icmramrsnannualreport2024.pdf,2026-08-26,42.6,42.55,
Staphylococcus aureus,erythromycin,2021,3617,8355,43.3,2022,Table 6.4,https://www.icmr.gov.in/icmrobject/custom_data/pdf/resource-guidelines/AMRSN_Annual_Report_2022.pdf,2026-08-26,43.3,43.29,
Staphylococcus aureus,erythromycin,2021,3617,8355,43.3,2023,Table 7.4,https://www.icmr.gov.in/icmrobject/uploads/Documents/1725536060_annual_report_2023.pdf,2026-08-26,43.3,43.29,
Staphylococcus aureus,erythromycin,2021,3617,8355,43.3,2024,Table 6.4,https://www.icmr.gov.in/icmrobject/uploads/Report/1763981012_icmramrsnannualreport2024.pdf,2026-08-26,43.3,43.29,
Staphylococcus aureus,erythromycin,2022,3586,9282,38.6,2022,Table 6.4,https://www.icmr.gov.in/icmrobject/custom_data/pdf/resource-guidelines/AMRSN_Annual_Report_2022.pdf,2026-08-26,38.6,38.63,
Staphylococcus aureus,erythromycin,2022,3586,9282,38.6,2023,Table 7.4,https://www.icmr.gov.in/icmrobject/uploads/Documents/1725536060_annual_report_2023.pdf,2026-08-26,38.6,38.63,
Staphylococcus aureus,erythromycin,2022,3586,9282,38.6,2024,Table 6.4,https://www.icmr.gov.in/icmrobject/uploads/Report/1763981012_icmramrsnannualreport2024.pdf,2026-08-26,38.6,38.63,
Staphylococcus aureus,erythromycin,2023,3226,8126,39.7,2023,Table 7.4,https://www.icmr.gov.in/icmrobject/uploads/Documents/1725536060_annual_report_2023.pdf,2026-08-26,39.7,39.7,
Staphylococcus aureus,erythromycin,2023,3226,8126,39.7,2024,Table 6.4,https://www.icmr.gov.in/icmrobject/uploads/Report/1763981012_icmramrsnannualreport2024.pdf,2026-08-26,39.7,39.7,
Staphylococcus aureus,erythromycin,2024,2967,8274,35.86,2024,Table 6.4,https://www.icmr.gov.in/icmrobject/uploads/Report/1763981012_icmramrsnannualreport2024.pdf,2026-08-26,35.86,35.86,
Staphylococcus aureus,linezolid,2017,5424,5445,99.6,2022,Table 6.4,https://www.icmr.gov.in/icmrobject/custom_data/pdf/resource-guidelines/AMRSN_Annual_Report_2022.pdf,2026-08-26,99.6,99.61,
Staphylococcus aureus,linezolid,2017,5424,5445,99.6,2023,Table 7.4,https://www.icmr.gov.in/icmrobject/uploads/Documents/1725536060_annual_report_2023.pdf,2026-08-26,99.6,99.61,
Staphylococcus aureus,linezolid,2017,5424,5445,99.6,2024,Table 6.4,https://www.icmr.gov.in/icmrobject/uploads/Report/1763981012_icmramrsnannualreport2024.pdf,2026-08-26,99.6,99.61,
Staphylococcus aureus,linezolid,2018,8054,8148,98.8,2022,Table 6.4,https://www.icmr.gov.in/icmrobject/custom_data/pdf/resource-guidelines/AMRSN_Annual_Report_2022.pdf,2026-08-26,98.8,98.85,
Staphylococcus aureus,linezolid,2018,8054,8148,98.8,2023,Table 7.4,https://www.icmr.gov.in/icmrobject/uploads/Documents/1725536060_annual_report_2023.pdf,2026-08-26,98.8,98.85,
Staphylococcus aureus,linezolid,2018,8054,8148,98.8,2024,Table 6.4,https://www.icmr.gov.in/icmrobject/uploads/Report/1763981012_icmramrsnannualreport2024.pdf,2026-08-26,98.8,98.85,
Staphylococcus aureus,linezolid,2019,11461,11547,99.3,2022,Table 6.4,https://www.icmr.gov.in/icmrobject/custom_data/pdf/resource-guidelines/AMRSN_Annual_Report_2022.pdf,2026-08-26,99.3,99.26,
Staphylococcus aureus,linezolid,2019,11461,11547,99.3,2023,Table 7.4,https://www.icmr.gov.in/icmrobject/uploads/Documents/1725536060_annual_report_2023.pdf,2026-08-26,99.3,99.26,
Staphylococcus aureus,linezolid,2019,11461,11547,99.3,2024,Table 6.4,https://www.icmr.gov.in/icmrobject/uploads/Report/1763981012_icmramrsnannualreport2024.pdf,2026-08-26,99.3,99.26,
Staphylococcus aureus,linezolid,2020,5846,5877,99.5,2022,Table 6.4,https://www.icmr.gov.in/icmrobject/custom_data/pdf/resource-guidelines/AMRSN_Annual_Report_2022.pdf,2026-08-26,99.5,99.47,
Staphylococcus aureus,linezolid,2020,5846,5877,99.5,2023,Table 7.4,https://www.icmr.gov.in/icmrobject/uploads/Documents/1725536060_annual_report_2023.pdf,2026-08-26,99.5,99.47,
Staphylococcus aureus,linezolid,2020,5846,5877,99.5,2024,Table 6.4,https://www.icmr.gov.in/icmrobject/uploads/Report/1763981012_icmramrsnannualreport2024.pdf,2026-08-26,99.5,99.47,
Staphylococcus aureus,linezolid,2021,8233,8236,100.0,2022,Table 6.4,https://www.icmr.gov.in/icmrobject/custom_data/pdf/resource-guidelines/AMRSN_Annual_Report_2022.pdf,2026-08-26,100.0,99.96,
Staphylococcus aureus,linezolid,2021,8233,8236,100.0,2023,Table 7.4,https://www.icmr.gov.in/icmrobject/uploads/Documents/1725536060_annual_report_2023.pdf,2026-08-26,100.0,99.96,
Staphylococcus aureus,linezolid,2021,8233,8236,100.0,2024,Table 6.4,https://www.icmr.gov.in/icmrobject/uploads/Report/1763981012_icmramrsnannualreport2024.pdf,2026-08-26,100.0,99.96,
Staphylococcus aureus,linezolid,2022,8934,9055,98.7,2022,Table 6.4,https://www.icmr.gov.in/icmrobject/custom_data/pdf/resource-guidelines/AMRSN_Annual_Report_2022.pdf,2026-08-26,98.7,98.66,
Staphylococcus aureus,linezolid,2022,8934,9055,98.7,2023,Table 7.4,https://www.icmr.gov.in/icmrobject/uploads/Documents/1725536060_annual_report_2023.pdf,2026-08-26,98.7,98.66,
Staphylococcus aureus,linezolid,2022,8934,9055,98.7,2024,Table 6.4,https://www.icmr.gov.in/icmrobject/uploads/Report/1763981012_icmramrsnannualreport2024.pdf,2026-08-26,98.7,98.66,
Staphylococcus aureus,linezolid,2023,8794,8850,99.4,2023,Table 7.4,https://www.icmr.gov.in/icmrobject/uploads/Documents/1725536060_annual_report_2023.pdf,2026-08-26,99.4,99.37,
Staphylococcus aureus,linezolid,2023,8794,8850,99.4,2024,Table 6.4,https://www.icmr.gov.in/icmrobject/uploads/Report/1763981012_icmramrsnannualreport2024.pdf,2026-08-26,99.4,99.37,
Staphylococcus aureus,linezolid,2024,7951,8159,97.45,2024,Table 6.4,https://www.icmr.gov.in/icmrobject/uploads/Report/1763981012_icmramrsnannualreport2024.pdf,2026-08-26,97.45,97.45,
Staphylococcus aureus,oxacillin,2017,314,438,71.7,2022,Table 6.4,https://www.icmr.gov.in/icmrobject/custom_data/pdf/resource-guidelines/AMRSN_Annual_Report_2022.pdf,2026-08-26,71.7,71.69,
Staphylococcus aureus,oxacillin,2017,314,438,71.7,2023,Table 7.4,https://www.icmr.gov.in/icmrobject/uploads/Documents/1725536060_annual_report_2023.pdf,2026-08-26,71.7,71.69,
Staphylococcus aureus,oxacillin,2017,314,438,71.7,2024,Table 6.4,https://www.icmr.gov.in/icmrobject/uploads/Report/1763981012_icmramrsnannualreport2024.pdf,2026-08-26,71.7,71.69,
Staphylococcus aureus,oxacillin,2018,1218,2196,55.5,2022,Table 6.4,https://www.icmr.gov.in/icmrobject/custom_data/pdf/resource-guidelines/AMRSN_Annual_Report_2022.pdf,2026-08-26,55.5,55.46,
Staphylococcus aureus,oxacillin,2018,1218,2196,55.5,2023,Table 7.4,https://www.icmr.gov.in/icmrobject/uploads/Documents/1725536060_annual_report_2023.pdf,2026-08-26,55.5,55.46,
Staphylococcus aureus,oxacillin,2018,1218,2196,55.5,2024,Table 6.4,https://www.icmr.gov.in/icmrobject/uploads/Report/1763981012_icmramrsnannualreport2024.pdf,2026-08-26,55.5,55.46,
Staphylococcus aureus,oxacillin,2019,2280,3773,60.4,2022,Table 6.4,https://www.icmr.gov.in/icmrobject/custom_data/pdf/resource-guidelines/AMRSN_Annual_Report_2022.pdf,2026-08-26,60.4,60.43,
Staphylococcus aureus,oxacillin,2019,2280,3773,60.4,2023,Table 7.4,https://www.icmr.gov.in/icmrobject/uploads/Documents/1725536060_annual_report_2023.pdf,2026-08-26,60.4,60.43,
Staphylococcus aureus,oxacillin,2019,2280,3773,60.4,2024,Table 6.4,https://www.icmr.gov.in/icmrobject/uploads/Report/1763981012_icmramrsnannualreport2024.pdf,2026-08-26,60.4,60.43,
Staphylococcus aureus,oxacillin,2020,1140,1869,61.0,2022,Table 6.4,https://www.icmr.gov.in/icmrobject/custom_data/pdf/resource-guidelines/AMRSN_Annual_Report_2022.pdf,2026-08-26,61.0,61.0,
Staphylococcus aureus,oxacillin,2020,1140,1869,61.0,2023,Table 7.4,https://www.icmr.gov.in/icmrobject/uploads/Documents/1725536060_annual_report_2023.pdf,2026-08-26,61.0,61.0,
Staphylococcus aureus,oxacillin,2020,1140,1869,61.0,2024,Table 6.4,https://www.icmr.gov.in/icmrobject/uploads/Report/1763981012_icmramrsnannualreport2024.pdf,2026-08-26,61.0,61.0,
Staphylococcus aureus,oxacillin,2021,2440,3685,66.2,2022,Table 6.4,https://www.icmr.gov.in/icmrobject/custom_data/pdf/resource-guidelines/AMRSN_Annual_Report_2022.pdf,2026-08-26,66.2,66.21,
Staphylococcus aureus,oxacillin,2021,2440,3685,66.2,2023,Table 7.4,https://www.icmr.gov.in/icmrobject/uploads/Documents/1725536060_annual_report_2023.pdf,2026-08-26,66.2,66.21,
Staphylococcus aureus,oxacillin,2021,2440,3685,66.2,2024,Table 6.4,https://www.icmr.gov.in/icmrobject/uploads/Report/1763981012_icmramrsnannualreport2024.pdf,2026-08-26,66.2,66.21,
Staphylococcus aureus,oxacillin,2022,1709,3036,56.3,2022,Table 6.4,https://www.icmr.gov.in/icmrobject/custom_data/pdf/resource-guidelines/AMRSN_Annual_Report_2022.pdf,2026-08-26,56.3,56.29,
Staphylococcus aureus,oxacillin,2022,1709,3036,56.3,2023,Table 7.4,https://www.icmr.gov.in/icmrobject/uploads/Documents/1725536060_annual_report_2023.pdf,2026-08-26,56.3,56.29,
Staphylococcus aureus,oxacillin,2022,1709,3036,56.3,2024,Table 6.4,https://www.icmr.gov.in/icmrobject/uploads/Report/1763981012_icmramrsnannualreport2024.pdf,2026-08-26,56.3,56.29,
Staphylococcus aureus,oxacillin,2023,1737,4071,42.7,2023,Table 7.4,https://www.icmr.gov.in/icmrobject/uploads/Documents/1725536060_annual_report_2023.pdf,2026-08-26,42.7,42.67,
Staphylococcus aureus,oxacillin,2023,1737,4071,42.7,2024,Table 6.4,https://www.icmr.gov.in/icmrobject/uploads/Report/1763981012_icmramrsnannualreport2024.pdf,2026-08-26,42.7,42.67,
Staphylococcus aureus,oxacillin,2024,3075,5910,52.03,2024,Table 6.4,https://www.icmr.gov.in/icmrobject/uploads/Report/1763981012_icmramrsnannualreport2024.pdf,2026-08-26,52.03,52.03,
Staphylococcus aureus,teicoplanin,2017,5233,5257,99.5,2022,Table 6.4,https://www.icmr.gov.in/icmrobject/custom_data/pdf/resource-guidelines/AMRSN_Annual_Report_2022.pdf,2026-08-26,99.5,99.54,
Staphylococcus aureus,teicoplanin,2017,5233,5257,99.5,2023,Table 7.4,https://www.icmr.gov.in/icmrobject/uploads/Documents/1725536060_annual_report_2023.pdf,2026-08-26,99.5,99.54,
Staphylococcus aureus,teicoplanin,2017,5233,5257,99.5,2024,Table 6.4,https://www.icmr.gov.in/icmrobject/uploads/Report/1763981012_icmramrsnannualreport2024.pdf,2026-08-26,99.5,99.54,
Staphylococcus aureus,teicoplanin,2018,6544,6697,97.7,2022,Table 6.4,https://www.icmr.gov.in/icmrobject/custom_data/pdf/resource-guidelines/AMRSN_Annual_Report_2022.pdf,2026-08-26,97.7,97.72,
Staphylococcus aureus,teicoplanin,2018,6544,6697,97.7,2023,Table 7.4,https://www.icmr.gov.in/icmrobject/uploads/Documents/1725536060_annual_report_2023.pdf,2026-08-26,97.7,97.72,
Staphylococcus aureus,teicoplanin,2018,6544,6697,97.7,2024,Table 6.4,https://www.icmr.gov.in/icmrobject/uploads/Report/1763981012_icmramrsnannualreport2024.pdf,2026-08-26,97.7,97.72,
Staphylococcus aureus,teicoplanin,2019,6194,6269,98.8,2022,Table 6.4,https://www.icmr.gov.in/icmrobject/custom_data/pdf/resource-guidelines/AMRSN_Annual_Report_2022.pdf,2026-08-26,98.8,98.8,
Staphylococcus aureus,teicoplanin,2019,6194,6269,98.8,2023,Table 7.4,https://www.icmr.gov.in/icmrobject/uploads/Documents/1725536060_annual_report_2023.pdf,2026-08-26,98.8,98.8,
Staphylococcus aureus,teicoplanin,2019,6194,6269,98.8,2024,Table 6.4,https://www.icmr.gov.in/icmrobject/uploads/Report/1763981012_icmramrsnannualreport2024.pdf,2026-08-26,98.8,98.8,
Staphylococcus aureus,teicoplanin,2020,2043,2050,99.7,2022,Table 6.4,https://www.icmr.gov.in/icmrobject/custom_data/pdf/resource-guidelines/AMRSN_Annual_Report_2022.pdf,2026-08-26,99.7,99.66,
Staphylococcus aureus,teicoplanin,2020,2043,2050,99.7,2023,Table 7.4,https://www.icmr.gov.in/icmrobject/uploads/Documents/1725536060_annual_report_2023.pdf,2026-08-26,99.7,99.66,
Staphylococcus aureus,teicoplanin,2020,2043,2050,99.7,2024,Table 6.4,https://www.icmr.gov.in/icmrobject/uploads/Report/1763981012_icmramrsnannualreport2024.pdf,2026-08-26,99.7,99.66,
Staphylococcus aureus,teicoplanin,2021,3351,3356,99.9,2022,Table 6.4,https://www.icmr.gov.in/icmrobject/custom_data/pdf/resource-guidelines/AMRSN_Annual_Report_2022.pdf,2026-08-26,99.9,99.85,
Staphylococcus aureus,teicoplanin,2021,3351,3356,99.9,2023,Table 7.4,https://www.icmr.gov.in/icmrobject/uploads/Documents/1725536060_annual_report_2023.pdf,2026-08-26,99.9,99.85,
Staphylococcus aureus,teicoplanin,2021,3351,3356,99.9,2024,Table 6.4,https://www.icmr.gov.in/icmrobject/uploads/Report/1763981012_icmramrsnannualreport2024.pdf,2026-08-26,99.9,99.85,
Staphylococcus aureus,teicoplanin,2022,3450,3466,99.5,2022,Table 6.4,https://www.icmr.gov.in/icmrobject/custom_data/pdf/resource-guidelines/AMRSN_Annual_Report_2022.pdf,2026-08-26,99.5,99.54,
Staphylococcus aureus,teicoplanin,2022,3450,3466,99.5,2023,Table 7.4,https://www.icmr.gov.in/icmrobject/uploads/Documents/1725536060_annual_report_2023.pdf,2026-08-26,99.5,99.54,
Staphylococcus aureus,teicoplanin,2022,3450,3466,99.5,2024,Table 6.4,https://www.icmr.gov.in/icmrobject/uploads/Report/1763981012_icmramrsnannualreport2024.pdf,2026-08-26,99.5,99.54,
Staphylococcus aureus,teicoplanin,2023,4277,4277,100.0,2023,Table 7.4,https://www.icmr.gov.in/icmrobject/uploads/Documents/1725536060_annual_report_2023.pdf,2026-08-26,100.0,100.0,
Staphylococcus aureus,teicoplanin,2023,4272,4277,99.9,2024,Table 6.4,https://www.icmr.gov.in/icmrobject/uploads/Report/1763981012_icmramrsnannualreport2024.pdf,2026-08-26,99.9,99.88,
Staphylococcus aureus,teicoplanin,2024,3377,3377,100.0,2024,Table 6.4,https://www.icmr.gov.in/icmrobject/uploads/Report/1763981012_icmramrsnannualreport2024.pdf,2026-08-26,100.0,100.0,
Staphylococcus aureus,tetracycline,2017,3492,3860,90.5,2022,Table 6.4,https://www.icmr.gov.in/icmrobject/custom_data/pdf/resource-guidelines/AMRSN_Annual_Report_2022.pdf,2026-08-26,90.5,90.47,
Staphylococcus aureus,tetracycline,2017,3492,3860,90.5,2023,Table 7.4,https://www.icmr.gov.in/icmrobject/uploads/Documents/1725536060_annual_report_2023.pdf,2026-08-26,90.5,90.47,
Staphylococcus aureus,tetracycline,2017,3492,3860,90.5,2024,Table 6.4,https://www.icmr.gov.in/icmrobject/uploads/Report/1763981012_icmramrsnannualreport2024.pdf,2026-08-26,90.5,90.47,
Staphylococcus aureus,tetracycline,2018,6255,7050,88.7,2022,Table 6.4,https://www.icmr.gov.in/icmrobject/custom_data/pdf/resource-guidelines/AMRSN_Annual_Report_2022.pdf,2026-08-26,88.7,88.72,
Staphylococcus aureus,tetracycline,2018,6255,7050,88.7,2023,Table 7.4,https://www.icmr.gov.in/icmrobject/uploads/Documents/1725536060_annual_report_2023.pdf,2026-08-26,88.7,88.72,
Staphylococcus aureus,tetracycline,2018,6255,7050,88.7,2024,Table 6.4,https://www.icmr.gov.in/icmrobject/uploads/Report/1763981012_icmramrsnannualreport2024.pdf,2026-08-26,88.7,88.72,
Staphylococcus aureus,tetracycline,2019,9269,10329,89.7,2022,Table 6.4,https://www.icmr.gov.in/icmrobject/custom_data/pdf/resource-guidelines/AMRSN_Annual_Report_2022.pdf,2026-08-26,89.7,89.74,
Staphylococcus aureus,tetracycline,2019,9269,10329,89.7,2023,Table 7.4,https://www.icmr.gov.in/icmrobject/uploads/Documents/1725536060_annual_report_2023.pdf,2026-08-26,89.7,89.74,
Staphylococcus aureus,tetracycline,2019,9269,10329,89.7,2024,Table 6.4,https://www.icmr.gov.in/icmrobject/uploads/Report/1763981012_icmramrsnannualreport2024.pdf,2026-08-26,89.7,89.74,
Staphylococcus aureus,tetracycline,2020,4734,5284,89.6,2022,Table 6.4,https://www.icmr.gov.in/icmrobject/custom_data/pdf/resource-guidelines/AMRSN_Annual_Report_2022.pdf,2026-08-26,89.6,89.59,
Staphylococcus aureus,tetracycline,2020,4734,5284,89.6,2023,Table 7.4,https://www.icmr.gov.in/icmrobject/uploads/Documents/1725536060_annual_report_2023.pdf,2026-08-26,89.6,89.59,
Staphylococcus aureus,tetracycline,2020,4734,5284,89.6,2024,Table 6.4,https://www.icmr.gov.in/icmrobject/uploads/Report/1763981012_icmramrsnannualreport2024.pdf,2026-08-26,89.6,89.59,
Staphylococcus aureus,tetracycline,2021,5686,6400,88.8,2022,Table 6.4,https://www.icmr.gov.in/icmrobject/custom_data/pdf/resource-guidelines/AMRSN_Annual_Report_2022.pdf,2026-08-26,88.8,88.84,
Staphylococcus aureus,tetracycline,2021,5686,6400,88.8,2023,Table 7.4,https://www.icmr.gov.in/icmrobject/uploads/Documents/1725536060_annual_report_2023.pdf,2026-08-26,88.8,88.84,
Staphylococcus aureus,tetracycline,2021,5686,6400,88.8,2024,Table 6.4,https://www.icmr.gov.in/icmrobject/uploads/Report/1763981012_icmramrsnannualreport2024.pdf,2026-08-26,88.8,88.84,
Staphylococcus aureus,tetracycline,2022,6963,8144,85.5,2022,Table 6.4,https://www.icmr.gov.in/icmrobject/custom_data/pdf/resource-guidelines/AMRSN_Annual_Report_2022.pdf,2026-08-26,85.5,85.5,
Staphylococcus aureus,tetracycline,2022,6963,8144,85.5,2023,Table 7.4,https://www.icmr.gov.in/icmrobject/uploads/Documents/1725536060_annual_report_2023.pdf,2026-08-26,85.5,85.5,
Staphylococcus aureus,tetracycline,2022,6963,8144,85.5,2024,Table 6.4,https://www.icmr.gov.in/icmrobject/uploads/Report/1763981012_icmramrsnannualreport2024.pdf,2026-08-26,85.5,85.5,
Staphylococcus aureus,tetracycline,2023,5667,6530,86.8,2023,Table 7.4,https://www.icmr.gov.in/icmrobject/uploads/Documents/1725536060_annual_report_2023.pdf,2026-08-26,86.8,86.78,
Staphylococcus aureus,tetracycline,2023,5667,6530,86.8,2024,Table 6.4,https://www.icmr.gov.in/icmrobject/uploads/Report/1763981012_icmramrsnannualreport2024.pdf,2026-08-26,86.8,86.78,
Staphylococcus aureus,tetracycline,2024,3765,4241,88.78,2024,Table 6.4,https://www.icmr.gov.in/icmrobject/uploads/Report/1763981012_icmramrsnannualreport2024.pdf,2026-08-26,88.78,88.78,
Staphylococcus aureus,tigecycline,2017,433,435,99.5,2022,Table 6.4,https://www.icmr.gov.in/icmrobject/custom_data/pdf/resource-guidelines/AMRSN_Annual_Report_2022.pdf,2026-08-26,99.5,99.54,
Staphylococcus aureus,tigecycline,2017,433,435,99.5,2023,Table 7.4,https://www.icmr.gov.in/icmrobject/uploads/Documents/1725536060_annual_report_2023.pdf,2026-08-26,99.5,99.54,
Staphylococcus aureus,tigecycline,2017,433,435,99.5,2024,Table 6.4,https://www.icmr.gov.in/icmrobject/uploads/Report/1763981012_icmramrsnannualreport2024.pdf,2026-08-26,99.5,99.54,
Staphylococcus aureus,tigecycline,2018,1529,1536,99.5,2022,Table 6.4,https://www.icmr.gov.in/icmrobject/custom_data/pdf/resource-guidelines/AMRSN_Annual_Report_2022.pdf,2026-08-26,99.5,99.54,
Staphylococcus aureus,tigecycline,2018,1529,1536,99.5,2023,Table 7.4,https://www.icmr.gov.in/icmrobject/uploads/Documents/1725536060_annual_report_2023.pdf,2026-08-26,99.5,99.54,
Staphylococcus aureus,tigecycline,2018,1529,1536,99.5,2024,Table 6.4,https://www.icmr.gov.in/icmrobject/uploads/Report/1763981012_icmramrsnannualreport2024.pdf,2026-08-26,99.5,99.54,
Staphylococcus aureus,tigecycline,2019,2902,2914,99.6,2022,Table 6.4,https://www.icmr.gov.in/icmrobject/custom_data/pdf/resource-guidelines/AMRSN_Annual_Report_2022.pdf,2026-08-26,99.6,99.59,
Staphylococcus aureus,tigecycline,2019,2902,2914,99.6,2023,Table 7.4,https://www.icmr.gov.in/icmrobject/uploads/Documents/1725536060_annual_report_2023.pdf,2026-08-26,99.6,99.59,
Staphylococcus aureus,tigecycline,2019,2902,2914,99.6,2024,Table 6.4,https://www.icmr.gov.in/icmrobject/uploads/Report/1763981012_icmramrsnannualreport2024.pdf,2026-08-26,99.6,99.59,
Staphylococcus aureus,tigecycline,2020,1559,1559,100.0,2022,Table 6.4,https://www.icmr.gov.in/icmrobject/custom_data/pdf/resource-guidelines/AMRSN_Annual_Report_2022.pdf,2026-08-26,100.0,100.0,
Staphylococcus aureus,tigecycline,2020,1559,1559,100.0,2023,Table 7.4,https://www.icmr.gov.in/icmrobject/uploads/Documents/1725536060_annual_report_2023.pdf,2026-08-26,100.0,100.0,
Staphylococcus aureus,tigecycline,2020,1559,1559,100.0,2024,Table 6.4,https://www.icmr.gov.in/icmrobject/uploads/Report/1763981012_icmramrsnannualreport2024.pdf,2026-08-26,100.0,100.0,
Staphylococcus aureus,tigecycline,2021,2113,2131,99.2,2022,Table 6.4,https://www.icmr.gov.in/icmrobject/custom_data/pdf/resource-guidelines/AMRSN_Annual_Report_2022.pdf,2026-08-26,99.2,99.16,
Staphylococcus aureus,tigecycline,2021,2113,2131,99.2,2023,Table 7.4,https://www.icmr.gov.in/icmrobject/uploads/Documents/1725536060_annual_report_2023.pdf,2026-08-26,99.2,99.16,
Staphylococcus aureus,tigecycline,2021,2113,2131,99.2,2024,Table 6.4,https://www.icmr.gov.in/icmrobject/uploads/Report/1763981012_icmramrsnannualreport2024.pdf,2026-08-26,99.2,99.16,
Staphylococcus aureus,tigecycline,2022,2452,2452,100.0,2022,Table 6.4,https://www.icmr.gov.in/icmrobject/custom_data/pdf/resource-guidelines/AMRSN_Annual_Report_2022.pdf,2026-08-26,100.0,100.0,
Staphylococcus aureus,tigecycline,2022,2314,2452,94.4,2023,Table 7.4,https://www.icmr.gov.in/icmrobject/uploads/Documents/1725536060_annual_report_2023.pdf,2026-08-26,94.4,94.37,
Staphylococcus aureus,tigecycline,2022,2314,2452,94.4,2024,Table 6.4,https://www.icmr.gov.in/icmrobject/uploads/Report/1763981012_icmramrsnannualreport2024.pdf,2026-08-26,94.4,94.37,
Staphylococcus aureus,tigecycline,2023,2470,2470,100.0,2023,Table 7.4,https://www.icmr.gov.in/icmrobject/uploads/Documents/1725536060_annual_report_2023.pdf,2026-08-26,100.0,100.0,
Staphylococcus aureus,tigecycline,2023,2365,2470,95.7,2024,Table 6.4,https://www.icmr.gov.in/icmrobject/uploads/Report/1763981012_icmramrsnannualreport2024.pdf,2026-08-26,95.7,95.75,
Staphylococcus aureus,tigecycline,2024,2846,2846,100.0,2024,Table 6.4,https://www.icmr.gov.in/icmrobject/uploads/Report/1763981012_icmramrsnannualreport2024.pdf,2026-08-26,100.0,100.0,
Staphylococcus aureus,vancomycin,2017,2602,2602,100.0,2022,Table 6.4,https://www.icmr.gov.in/icmrobject/custom_data/pdf/resource-guidelines/AMRSN_Annual_Report_2022.pdf,2026-08-26,100.0,100.0,
Staphylococcus aureus,vancomycin,2017,2602,2602,100.0,2023,Table 7.4,https://www.icmr.gov.in/icmrobject/uploads/Documents/1725536060_annual_report_2023.pdf,2026-08-26,100.0,100.0,
Staphylococcus aureus,vancomycin,2017,2602,2602,100.0,2024,Table 6.4,https://www.icmr.gov.in/icmrobject/uploads/Report/1763981012_icmramrsnannualreport2024.pdf,2026-08-26,100.0,100.0,
Staphylococcus aureus,vancomycin,2018,4640,4640,100.0,2022,Table 6.4,https://www.icmr.gov.in/icmrobject/custom_data/pdf/resource-guidelines/AMRSN_Annual_Report_2022.pdf,2026-08-26,100.0,100.0,
Staphylococcus aureus,vancomycin,2018,4640,4640,100.0,2023,Table 7.4,https://www.icmr.gov.in/icmrobject/uploads/Documents/1725536060_annual_report_2023.pdf,2026-08-26,100.0,100.0,
Staphylococcus aureus,vancomycin,2018,4640,4640,100.0,2024,Table 6.4,https://www.icmr.gov.in/icmrobject/uploads/Report/1763981012_icmramrsnannualreport2024.pdf,2026-08-26,100.0,100.0,
Staphylococcus aureus,vancomycin,2019,6996,6996,100.0,2022,Table 6.4,https://www.icmr.gov.in/icmrobject/custom_data/pdf/resource-guidelines/AMRSN_Annual_Report_2022.pdf,2026-08-26,100.0,100.0,
Staphylococcus aureus,vancomycin,2019,6996,6996,100.0,2023,Table 7.4,https://www.icmr.gov.in/icmrobject/uploads/Documents/1725536060_annual_report_2023.pdf,2026-08-26,100.0,100.0,
Staphylococcus aureus,vancomycin,2019,6996,6996,100.0,2024,Table 6.4,https://www.icmr.gov.in/icmrobject/uploads/Report/1763981012_icmramrsnannualreport2024.pdf,2026-08-26,100.0,100.0,
Staphylococcus aureus,vancomycin,2020,3846,3846,100.0,2022,Table 6.4,https://www.icmr.gov.in/icmrobject/custom_data/pdf/resource-guidelines/AMRSN_Annual_Report_2022.pdf,2026-08-26,100.0,100.0,
Staphylococcus aureus,vancomycin,2020,3846,3846,100.0,2023,Table 7.4,https://www.icmr.gov.in/icmrobject/uploads/Documents/1725536060_annual_report_2023.pdf,2026-08-26,100.0,100.0,
Staphylococcus aureus,vancomycin,2020,3846,3846,100.0,2024,Table 6.4,https://www.icmr.gov.in/icmrobject/uploads/Report/1763981012_icmramrsnannualreport2024.pdf,2026-08-26,100.0,100.0,
Staphylococcus aureus,vancomycin,2021,6203,6204,100.0,2022,Table 6.4,https://www.icmr.gov.in/icmrobject/custom_data/pdf/resource-guidelines/AMRSN_Annual_Report_2022.pdf,2026-08-26,100.0,99.98,
Staphylococcus aureus,vancomycin,2021,6203,6204,100.0,2023,Table 7.4,https://www.icmr.gov.in/icmrobject/uploads/Documents/1725536060_annual_report_2023.pdf,2026-08-26,100.0,99.98,
Staphylococcus aureus,vancomycin,2021,6203,6204,100.0,2024,Table 6.4,https://www.icmr.gov.in/icmrobject/uploads/Report/1763981012_icmramrsnannualreport2024.pdf,2026-08-26,100.0,99.98,
Staphylococcus aureus,vancomycin,2022,7731,7731,100.0,2022,Table 6.4,https://www.icmr.gov.in/icmrobject/custom_data/pdf/resource-guidelines/AMRSN_Annual_Report_2022.pdf,2026-08-26,100.0,100.0,
Staphylococcus aureus,vancomycin,2022,7731,7731,100.0,2023,Table 7.4,https://www.icmr.gov.in/icmrobject/uploads/Documents/1725536060_annual_report_2023.pdf,2026-08-26,100.0,100.0,
Staphylococcus aureus,vancomycin,2022,7684,7731,99.4,2024,Table 6.4,https://www.icmr.gov.in/icmrobject/uploads/Report/1763981012_icmramrsnannualreport2024.pdf,2026-08-26,99.4,99.39,
Staphylococcus aureus,vancomycin,2023,8850,8850,100.0,2023,Table 7.4,https://www.icmr.gov.in/icmrobject/uploads/Documents/1725536060_annual_report_2023.pdf,2026-08-26,100.0,100.0,
Staphylococcus aureus,vancomycin,2023,8810,8850,99.5,2024,Table 6.4,https://www.icmr.gov.in/icmrobject/uploads/Report/1763981012_icmramrsnannualreport2024.pdf,2026-08-26,99.5,99.55,
Staphylococcus aureus,vancomycin,2024,7968,7968,100.0,2024,Table 6.4,https://www.icmr.gov.in/icmrobject/uploads/Report/1763981012_icmramrsnannualreport2024.pdf,2026-08-26,100.0,100.0,
